sport,event_id,event_time,as_of,home_team,away_team,target_home_win,label_available_at,market_home_probability,consensus_de_vig_home_probability,home_spread,consensus_total
MLB,hist-oddsapi-9d7fb17c8becacdeaf4675bf4ddf789a,2023-04-11T22:09:05+00:00,2023-04-11T21:55:39+00:00,Cleveland Guardians,New York Yankees,0,2023-04-12T00:30:41+00:00,0.377403846154,0.377403846154,,
MLB,hist-oddsapi-9b1c2ad1e3974717612b5bf6a2b0b043,2025-04-07T19:10:00+00:00,2025-04-07T18:55:38+00:00,Detroit Tigers,New York Yankees,1,2025-04-07T21:30:00+00:00,0.416873449132,0.416873449132,,
MLB,hist-oddsapi-15b5cd8cb92de13e7d2a018027c135e7,2025-04-07T22:40:00+00:00,2025-04-07T22:25:38+00:00,Pittsburgh Pirates,St. Louis Cardinals,0,2025-04-09T00:45:00+00:00,0.487244897959,0.487244897959,,
MLB,hist-oddsapi-fe2f803b8bd2599e686bb66207e82d85,2025-04-07T22:45:00+00:00,2025-04-07T22:25:38+00:00,Washington Nationals,Los Angeles Dodgers,1,2025-04-09T00:15:00+00:00,0.380722891566,0.380722891566,,
MLB,hist-oddsapi-8bcf8c27b2b4e86c88e52c006a03e5cd,2025-04-07T23:10:00+00:00,2025-04-07T22:55:38+00:00,New York Mets,Miami Marlins,1,2025-04-08T01:45:00+00:00,0.708245243129,0.708245243129,,
MLB,hist-oddsapi-68e868bec4d46d8e4119eaa9c2f3ca6d,2025-04-08T01:40:00+00:00,2025-04-08T01:25:38+00:00,Seattle Mariners,Houston Astros,0,2025-04-09T07:45:00+00:00,0.598039215686,0.598039215686,,
MLB,hist-oddsapi-c580e62f8e5501043450707f3e21e09b,2025-04-08T01:40:00+00:00,2025-04-08T01:25:38+00:00,Arizona Diamondbacks,Baltimore Orioles,1,2025-04-09T07:00:00+00:00,0.535532994924,0.535532994924,,
MLB,hist-oddsapi-a1577faf1115a3209d6cc6538df2a8bb,2025-04-08T01:45:00+00:00,2025-04-08T01:25:38+00:00,San Francisco Giants,Cincinnati Reds,0,2025-04-08T03:45:00+00:00,0.598039215686,0.598039215686,,
MLB,hist-oddsapi-86ca117314161cf272a31dfc66ebef96,2025-04-08T17:10:00+00:00,2025-04-08T16:55:38+00:00,Detroit Tigers,New York Yankees,1,2025-04-08T19:30:00+00:00,0.603911980440,0.603911980440,,
MLB,hist-oddsapi-efdcbd718180f9fbab9690d68d503321,2025-04-08T22:40:00+00:00,2025-04-08T22:25:39+00:00,Pittsburgh Pirates,St. Louis Cardinals,1,2025-04-09T19:45:00+00:00,0.566416040100,0.566416040100,,
MLB,hist-oddsapi-23a579278d68e6fa1d7cb15543ec1164,2025-04-08T23:11:00+00:00,2025-04-08T00:55:39+00:00,New York Mets,Miami Marlins,0,2025-04-09T19:30:00+00:00,0.707889125800,0.707889125800,,
MLB,hist-oddsapi-680f9ac4ab633a9d5ba02b3ee412884a,2025-04-08T23:39:00+00:00,2025-04-08T23:25:39+00:00,Chicago Cubs,Texas Rangers,0,2025-04-09T20:15:00+00:00,0.598039215686,0.598039215686,,
MLB,hist-oddsapi-48a824c93df5a42f859c0c462570bc57,2025-04-08T23:40:00+00:00,2025-04-08T23:25:39+00:00,Kansas City Royals,Minnesota Twins,0,2025-04-10T01:45:00+00:00,0.522842639594,0.522842639594,,
MLB,hist-oddsapi-867fc2a3f8042675393c7902308b6d37,2025-04-09T00:40:00+00:00,2025-04-09T00:25:40+00:00,Colorado Rockies,Milwaukee Brewers,0,2025-04-09T03:15:00+00:00,0.405405405405,0.405405405405,,
MLB,hist-oddsapi-f8a006daee5f782919e58ae71ad46702,2025-04-09T01:40:00+00:00,2025-04-09T01:25:39+00:00,Arizona Diamondbacks,Baltimore Orioles,1,2025-04-09T22:00:00+00:00,0.488549618321,0.488549618321,,
MLB,hist-oddsapi-acfae3f620284829f88eba4e4b3b5c26,2025-04-09T01:45:00+00:00,2025-04-09T01:25:39+00:00,San Francisco Giants,Cincinnati Reds,1,2025-04-09T22:30:00+00:00,0.550505050505,0.550505050505,,
MLB,hist-oddsapi-b217a8703a8d97ca95e48f2883c2f1ad,2025-04-09T02:05:00+00:00,2025-04-09T01:55:38+00:00,Oakland Athletics,San Diego Padres,0,2025-04-09T22:30:00+00:00,0.458227848101,0.458227848101,,
MLB,hist-oddsapi-74d1bbe7da4aeab0e62b805da3b2a508,2025-04-09T17:10:00+00:00,2025-04-09T16:55:39+00:00,Detroit Tigers,New York Yankees,0,2025-04-09T20:00:00+00:00,0.420398009950,0.420398009950,,
MLB,hist-oddsapi-0ee959991280dba7f1462c8899ccd22f,2025-04-09T22:09:55+00:00,2025-04-09T21:55:40+00:00,Cleveland Guardians,Chicago White Sox,1,2025-04-10T18:30:00+00:00,0.609223300971,0.609223300971,,
MLB,hist-oddsapi-855403f609544059835b5eba254433f9,2025-04-09T23:05:00+00:00,2025-04-09T22:55:39+00:00,Tampa Bay Rays,Los Angeles Angels,0,2025-04-10T18:45:00+00:00,0.568922305764,0.568922305764,,
MLB,hist-oddsapi-52b67261839b7245edb8e268adddb5bd,2025-04-10T00:40:00+00:00,2025-04-10T00:25:38+00:00,Colorado Rockies,Milwaukee Brewers,1,2025-04-10T21:45:00+00:00,0.431077694236,0.431077694236,,
MLB,hist-oddsapi-7de9e223776d9e5e6fd45c241c1de535,2025-04-11T23:05:00+00:00,2025-04-11T22:55:38+00:00,New York Yankees,San Francisco Giants,0,2025-04-12T03:00:00+00:00,0.557788944724,0.557788944724,,
MLB,hist-oddsapi-87dd178f30e52c949ab5ea6a671d6a4f,2025-04-11T23:05:00+00:00,2025-04-11T22:55:38+00:00,Tampa Bay Rays,Atlanta Braves,1,2025-04-12T01:15:00+00:00,0.556675062972,0.556675062972,,
MLB,hist-oddsapi-1a9751de83c46944a0f6c464ec68a032,2025-04-11T23:10:00+00:00,2025-04-11T22:55:38+00:00,Miami Marlins,Washington Nationals,0,2025-04-12T02:00:00+00:00,0.491094147583,0.491094147583,,
MLB,hist-oddsapi-f6e1f3db1f091baf90cf38a7d539b090,2025-04-11T23:40:00+00:00,2025-04-11T23:25:39+00:00,Chicago White Sox,Boston Red Sox,1,2025-04-12T02:00:00+00:00,0.402948402948,0.402948402948,,
MLB,hist-oddsapi-c8e84c19eeff7d6ab017256a04ed355d,2025-04-12T00:10:00+00:00,2025-04-11T23:55:39+00:00,Houston Astros,Los Angeles Angels,0,2025-04-13T01:30:00+00:00,0.568922305764,0.568922305764,,
MLB,hist-oddsapi-ef489cb8b57507cba94a6bb40bfd5581,2025-04-12T02:10:00+00:00,2025-04-12T01:55:39+00:00,Los Angeles Dodgers,Chicago Cubs,0,2025-04-13T03:15:00+00:00,0.609223300971,0.609223300971,,
MLB,hist-oddsapi-13c45ae0761310fef0cda1e4246a36e7,2025-04-12T20:10:00+00:00,2025-04-12T19:55:38+00:00,Miami Marlins,Washington Nationals,1,2025-04-13T23:00:00+00:00,0.557788944724,0.557788944724,,
MLB,hist-oddsapi-c54c6fe2f38d7d78c022272097fc424b,2025-04-12T20:10:00+00:00,2025-04-12T19:55:38+00:00,Tampa Bay Rays,Atlanta Braves,1,2025-04-13T23:00:00+00:00,0.557788944724,0.557788944724,,
MLB,hist-oddsapi-c59576963723d0fe52f882e82c0b1f50,2025-04-12T22:40:00+00:00,2025-04-12T22:25:38+00:00,Cincinnati Reds,Pittsburgh Pirates,1,2025-04-13T19:45:00+00:00,0.530456852792,0.530456852792,,
MLB,hist-oddsapi-d5d4c8ab3b6a23e519ca487f3243b2f5,2025-04-13T01:40:00+00:00,2025-04-13T01:25:38+00:00,Seattle Mariners,Texas Rangers,1,2025-04-13T22:45:00+00:00,0.575000000000,0.575000000000,,
MLB,hist-oddsapi-d37bbbc0c13f24ee0cbd1721769756cf,2025-04-14T22:45:00+00:00,2025-04-14T22:25:38+00:00,Philadelphia Phillies,San Francisco Giants,0,2025-04-15T01:15:00+00:00,0.497448979592,0.497448979592,,
MLB,hist-oddsapi-6a7e4040affbf88bce2a88753a8ed63a,2025-04-14T23:05:00+00:00,2025-04-14T22:55:39+00:00,Tampa Bay Rays,Boston Red Sox,0,2025-04-16T03:15:00+00:00,0.524173027990,0.524173027990,,
MLB,hist-oddsapi-4b0a1e43d169dd30bee4bcbbfe6e1b33,2025-04-14T23:07:00+00:00,2025-04-14T22:55:39+00:00,Toronto Blue Jays,Atlanta Braves,1,2025-04-16T01:30:00+00:00,0.469543147208,0.469543147208,,
MLB,hist-oddsapi-ee25ed0df0b70fcbb7abdd1c795f7000,2025-04-15T01:40:00+00:00,2025-04-15T01:25:38+00:00,San Diego Padres,Chicago Cubs,1,2025-04-15T04:30:00+00:00,0.566416040100,0.566416040100,,
MLB,hist-oddsapi-f231fa84fceecec285e9f6b99f72afa1,2025-04-15T02:10:00+00:00,2025-04-15T01:55:38+00:00,Los Angeles Dodgers,Colorado Rockies,1,2025-04-16T06:30:00+00:00,0.750479846449,0.750479846449,,
MLB,hist-oddsapi-857b36eeadb2d70662861d1ab83e59a5,2025-04-15T22:40:00+00:00,2025-04-15T22:25:39+00:00,Miami Marlins,Arizona Diamondbacks,0,2025-04-16T01:00:00+00:00,0.408866995074,0.408866995074,,
MLB,hist-oddsapi-a3fb945a5977bbdea6defe445932c31d,2025-04-15T22:40:00+00:00,2025-04-15T22:25:39+00:00,Cincinnati Reds,Seattle Mariners,1,2025-04-16T03:30:00+00:00,0.491094147583,0.491094147583,,
MLB,hist-oddsapi-74cdd23e0be355dccc690f9ab360ca57,2025-04-15T22:45:00+00:00,2025-04-15T22:25:39+00:00,Philadelphia Phillies,San Francisco Giants,0,2025-04-17T01:45:00+00:00,0.592592592593,0.592592592593,,
MLB,hist-oddsapi-4f2ab3b6fb63f7f96800779de5d953a4,2025-04-15T23:05:00+00:00,2025-04-15T22:55:39+00:00,Baltimore Orioles,Cleveland Guardians,0,2025-04-16T01:45:00+00:00,0.582089552239,0.582089552239,,
MLB,hist-oddsapi-a5318237354d10c01c574e348e52f7a0,2025-04-15T23:07:00+00:00,2025-04-15T22:55:39+00:00,Toronto Blue Jays,Atlanta Braves,1,2025-04-16T19:30:00+00:00,0.487244897959,0.487244897959,,
MLB,hist-oddsapi-294b348e9051184351ad5c29d9e11151,2025-04-15T23:40:00+00:00,2025-04-15T23:25:38+00:00,Minnesota Twins,New York Mets,1,2025-04-16T20:30:00+00:00,0.505102040816,0.505102040816,,
MLB,hist-oddsapi-aeb5ea6bbe5de618cbd833598de1f861,2025-04-15T23:40:00+00:00,2025-04-15T23:25:38+00:00,Milwaukee Brewers,Detroit Tigers,1,2025-04-16T20:15:00+00:00,0.502551020408,0.502551020408,,
MLB,hist-oddsapi-5f1e757fdaf6d83728079447ad0dab26,2025-04-16T22:35:00+00:00,2025-04-16T22:25:40+00:00,Baltimore Orioles,Cleveland Guardians,1,2025-04-18T02:45:00+00:00,0.535532994924,0.535532994924,,
MLB,hist-oddsapi-c76e9766dc5816adcbb05e5237239669,2025-04-16T22:40:00+00:00,2025-04-16T22:25:40+00:00,Pittsburgh Pirates,Washington Nationals,1,2025-04-17T18:45:00+00:00,0.513994910941,0.513994910941,,
MLB,hist-oddsapi-c04007b39e85d1351625ceb9a3843057,2025-04-16T22:45:00+00:00,2025-04-16T22:25:40+00:00,Philadelphia Phillies,San Francisco Giants,1,2025-04-17T22:15:00+00:00,0.566416040100,0.566416040100,,
MLB,hist-oddsapi-857a084ec102556e18af6109a34e23b0,2025-04-17T22:40:00+00:00,2025-04-17T22:25:39+00:00,Detroit Tigers,Kansas City Royals,1,2025-04-19T01:30:00+00:00,0.577114427861,0.577114427861,,
MLB,hist-oddsapi-d55f197289c73d9d1384dc294dc3f330,2025-04-17T23:05:00+00:00,2025-04-17T22:55:39+00:00,Tampa Bay Rays,New York Yankees,0,2025-04-18T01:45:00+00:00,0.508905852417,0.508905852417,,
MLB,hist-oddsapi-710dcf3c2484ae3c990d86a9883bcbe6,2025-04-17T23:10:00+00:00,2025-04-17T22:55:39+00:00,New York Mets,St. Louis Cardinals,1,2025-04-18T01:30:00+00:00,0.566416040100,0.566416040100,,
MLB,hist-oddsapi-597c57e7dcdf562ee69849f5d6977f8f,2025-04-18T18:20:00+00:00,2025-04-18T17:55:38+00:00,Chicago Cubs,Arizona Diamondbacks,1,2025-04-19T22:30:00+00:00,0.494897959184,0.494897959184,,
MLB,hist-oddsapi-a8730596264811634fff75e16359475d,2025-04-18T22:40:00+00:00,2025-04-18T22:25:38+00:00,Pittsburgh Pirates,Cleveland Guardians,0,2025-04-19T01:00:00+00:00,0.467005076142,0.467005076142,,
MLB,hist-oddsapi-93af27f2e1687aca0be9d697c8f1a15a,2025-04-18T22:45:00+00:00,2025-04-18T22:25:38+00:00,Philadelphia Phillies,Miami Marlins,1,2025-04-19T18:30:00+00:00,0.680000000000,0.680000000000,,
MLB,hist-oddsapi-bbf0614a62d62a3a24990dcb048775e4,2025-04-18T23:10:00+00:00,2025-04-18T22:55:39+00:00,Boston Red Sox,Chicago White Sox,1,2025-04-19T01:00:00+00:00,0.668934240363,0.668934240363,,
MLB,hist-oddsapi-6ba9a69073ba9f66f4c832c4f54aea7c,2025-04-19T00:10:00+00:00,2025-04-18T23:55:38+00:00,Milwaukee Brewers,Oakland Athletics,1,2025-04-19T02:30:00+00:00,0.628571428571,0.628571428571,,
MLB,hist-oddsapi-ffb844b728d578a7ac4fd63902550559,2025-04-19T00:40:00+00:00,2025-04-18T17:55:38+00:00,Colorado Rockies,Washington Nationals,1,2025-04-21T02:30:00+00:00,0.449494949495,0.449494949495,,
MLB,hist-oddsapi-f67d943333717d13841f2718271c76b1,2025-04-19T20:04:00+00:00,2025-04-19T19:55:38+00:00,Pittsburgh Pirates,Cleveland Guardians,0,2025-04-20T21:15:00+00:00,0.607317073171,0.607317073171,,
MLB,hist-oddsapi-f71d48e390a5f124828d621473949bc0,2025-04-19T20:05:00+00:00,2025-04-19T19:55:38+00:00,Baltimore Orioles,Cincinnati Reds,0,2025-04-20T19:00:00+00:00,0.536708860759,0.536708860759,,
MLB,hist-oddsapi-6e9bdbbfdd998c0026a7913d7ca5dd2c,2025-04-19T20:10:00+00:00,2025-04-19T19:55:38+00:00,Colorado Rockies,Washington Nationals,0,2025-04-20T21:45:00+00:00,0.430000000000,0.430000000000,,
MLB,hist-oddsapi-8f63ecbe9209c375a9fb179e55b1068d,2025-04-19T23:15:00+00:00,2025-04-19T22:55:38+00:00,Atlanta Braves,Minnesota Twins,1,2025-04-20T19:15:00+00:00,0.676339285714,0.676339285714,,
MLB,hist-oddsapi-f5d94340a97b20b34decb84b09fb9fca,2025-04-21T22:10:00+00:00,2025-04-21T21:55:38+00:00,Cleveland Guardians,New York Yankees,1,2025-04-22T00:45:00+00:00,0.464467005076,0.464467005076,,
MLB,hist-oddsapi-efd133d13dc1563c23f6e77658f8848b,2025-04-22T22:10:00+00:00,2025-04-22T21:55:39+00:00,Cleveland Guardians,New York Yankees,0,2025-04-23T19:15:00+00:00,0.513994910941,0.513994910941,,
MLB,hist-oddsapi-a188eeec296ffeb000e7e044bcf482d6,2025-04-22T22:40:00+00:00,2025-04-22T22:25:39+00:00,Detroit Tigers,San Diego Padres,1,2025-04-23T19:00:00+00:00,0.550505050505,0.550505050505,,
MLB,hist-oddsapi-3ffa673bd601e492b24064315f4245f8,2025-04-22T22:45:00+00:00,2025-04-22T22:25:39+00:00,Boston Red Sox,Seattle Mariners,1,2025-04-23T01:45:00+00:00,0.521628498728,0.521628498728,,
MLB,hist-oddsapi-14ba8e8828e28d49aad076e34901613c,2025-04-22T23:40:00+00:00,2025-04-22T23:25:38+00:00,Minnesota Twins,Chicago White Sox,1,2025-04-24T02:30:00+00:00,0.692810457516,0.692810457516,,
MLB,hist-oddsapi-02407baedf74f7d5e15b62891c684fb1,2025-04-23T02:05:00+00:00,2025-04-23T01:55:38+00:00,Oakland Athletics,Texas Rangers,0,2025-04-23T04:00:00+00:00,0.524173027990,0.524173027990,,
MLB,hist-oddsapi-ff3cc6ac8d0497bad078f6705e8e7b0d,2025-04-23T23:40:00+00:00,2025-04-23T23:25:39+00:00,Kansas City Royals,Colorado Rockies,1,2025-04-24T21:15:00+00:00,0.632701421801,0.632701421801,,
MLB,hist-oddsapi-f7c7b29fa56ba1d7f42b30da4a803719,2025-04-24T01:38:00+00:00,2025-04-24T01:25:39+00:00,Los Angeles Angels,Pittsburgh Pirates,1,2025-04-25T06:15:00+00:00,0.547979797980,0.547979797980,,
MLB,hist-oddsapi-a9df80ba4422d7a544bea22f1eb882ac,2025-04-25T22:40:00+00:00,2025-04-25T19:55:38+00:00,Detroit Tigers,Baltimore Orioles,1,2025-04-26T20:00:00+00:00,0.521628498728,0.521628498728,,
MLB,hist-oddsapi-dea95e3b88eb9505f53505bc6c5fef53,2025-04-25T22:45:00+00:00,2025-04-25T22:25:39+00:00,Washington Nationals,New York Mets,1,2025-04-26T03:15:00+00:00,0.373205741627,0.373205741627,,
MLB,hist-oddsapi-57687b619d1c21c11110bb97be6157b7,2025-04-25T23:05:00+00:00,2025-04-25T22:55:38+00:00,New York Yankees,Toronto Blue Jays,1,2025-04-27T23:45:00+00:00,0.576059850374,0.576059850374,,
MLB,hist-oddsapi-046d58b5e34bd7091c842d76d9182faa,2025-04-25T23:10:00+00:00,2025-04-25T20:55:39+00:00,Cleveland Guardians,Boston Red Sox,1,2025-04-26T19:45:00+00:00,0.497448979592,0.497448979592,,
MLB,hist-oddsapi-648a49906b3dfdf9cd6ad65c01277d0a,2025-04-26T01:40:00+00:00,2025-04-26T01:25:38+00:00,Seattle Mariners,Miami Marlins,1,2025-04-27T03:15:00+00:00,0.720164609053,0.720164609053,,
MLB,hist-oddsapi-7798cbaaf243802bfc92c7bc61caed28,2025-04-26T01:40:00+00:00,2025-04-26T01:25:38+00:00,Arizona Diamondbacks,Atlanta Braves,0,2025-04-27T03:15:00+00:00,0.457070707071,0.457070707071,,
MLB,hist-oddsapi-d8a745d1c7ea9897cafb9e7440b65f19,2025-04-26T01:40:00+00:00,2025-04-26T01:25:38+00:00,San Diego Padres,Tampa Bay Rays,0,2025-04-27T04:00:00+00:00,0.570000000000,0.570000000000,,
MLB,hist-oddsapi-b518b6e6321200be41e7214cbf9cfb86,2025-04-26T02:10:00+00:00,2025-04-26T01:55:38+00:00,Los Angeles Dodgers,Pittsburgh Pirates,1,2025-04-27T03:30:00+00:00,0.664383561644,0.664383561644,,
MLB,hist-oddsapi-da45cd7645a1ea9f173cae6db45bc9d8,2025-04-26T02:15:00+00:00,2025-04-26T01:55:38+00:00,San Francisco Giants,Texas Rangers,1,2025-04-27T00:45:00+00:00,0.542929292929,0.542929292929,,
MLB,hist-oddsapi-0b93a649c677bc3d4e820e8518bb3d3d,2025-04-27T00:10:00+00:00,2025-04-26T23:55:38+00:00,Arizona Diamondbacks,Atlanta Braves,1,2025-04-27T22:45:00+00:00,0.532994923858,0.532994923858,,
MLB,hist-oddsapi-6d189eccd9ea7af35f462e454cc62376,2025-04-27T01:09:24+00:00,2025-04-27T00:55:38+00:00,Los Angeles Dodgers,Pittsburgh Pirates,1,2025-04-27T22:00:00+00:00,0.707006369427,0.707006369427,,
MLB,hist-oddsapi-a6c7f33fcf9ed22c7593f9dfd35164b6,2025-04-27T17:35:00+00:00,2025-04-27T17:25:37+00:00,New York Yankees,Toronto Blue Jays,1,2025-04-27T21:00:00+00:00,0.639150943396,0.639150943396,,
MLB,hist-oddsapi-4f10dd17ecfdbe12920cf359730f96e8,2025-04-28T22:35:00+00:00,2025-04-28T22:25:38+00:00,Baltimore Orioles,New York Yankees,0,2025-04-30T01:30:00+00:00,0.454314720812,0.454314720812,,
MLB,hist-oddsapi-740af3546ae8a76dd7adae9e67c65ec5,2025-04-28T22:40:00+00:00,2025-04-28T22:25:38+00:00,Cincinnati Reds,St. Louis Cardinals,0,2025-04-30T04:00:00+00:00,0.530612244898,0.530612244898,,
MLB,hist-oddsapi-ad956d59319ec8bbbe28fe65a357955c,2025-04-29T00:40:00+00:00,2025-04-29T00:25:38+00:00,Colorado Rockies,Atlanta Braves,0,2025-04-30T03:00:00+00:00,0.389294403893,0.389294403893,,
MLB,hist-oddsapi-a923c1ec1c771c05a8f88c350c5c4e16,2025-04-29T02:10:00+00:00,2025-04-29T01:55:38+00:00,Los Angeles Dodgers,Miami Marlins,1,2025-04-29T07:30:00+00:00,0.713080168776,0.713080168776,,
MLB,hist-oddsapi-b4d6ded622e74d7f7c56f55e043b635e,2025-04-29T22:35:00+00:00,2025-04-29T22:25:39+00:00,Baltimore Orioles,New York Yankees,1,2025-05-01T01:30:00+00:00,0.387409200969,0.387409200969,,
MLB,hist-oddsapi-31f324ed186e731f66abbff69c03fe02,2025-04-30T02:10:00+00:00,2025-04-30T01:55:38+00:00,Los Angeles Dodgers,Miami Marlins,1,2025-04-30T21:15:00+00:00,0.649651972158,0.649651972158,,
MLB,hist-oddsapi-789ec6671b9d3d83335b4939c6e84bba,2025-04-30T23:07:00+00:00,2025-04-30T22:55:38+00:00,Toronto Blue Jays,Boston Red Sox,1,2025-05-02T01:15:00+00:00,0.494897959184,0.494897959184,,
MLB,hist-oddsapi-9bd2e76ad36b326adb2a730db11a7200,2025-05-01T00:05:00+00:00,2025-04-30T23:55:38+00:00,Texas Rangers,Oakland Athletics,0,2025-05-01T21:00:00+00:00,0.590123456790,0.590123456790,,
MLB,hist-oddsapi-4890b1b3b414f8bb40ab66fee00ab1cf,2025-05-02T22:10:00+00:00,2025-05-02T21:55:38+00:00,Cincinnati Reds,Washington Nationals,1,2025-05-03T02:30:00+00:00,0.640845070423,0.640845070423,,
MLB,hist-oddsapi-bf012987e8952e596dc7d7889043588e,2025-05-02T22:40:00+00:00,2025-05-02T22:25:38+00:00,Pittsburgh Pirates,San Diego Padres,0,2025-05-03T04:45:00+00:00,0.458227848101,0.458227848101,,
MLB,hist-oddsapi-2968c502d918a551eb5926322c27b24c,2025-05-02T22:45:00+00:00,2025-05-02T22:25:38+00:00,Philadelphia Phillies,Arizona Diamondbacks,1,2025-05-04T00:45:00+00:00,0.591133004926,0.591133004926,,
MLB,hist-oddsapi-007b6a0a7a448d41503606f1bffc24b9,2025-05-02T23:05:00+00:00,2025-05-02T22:55:38+00:00,Baltimore Orioles,Kansas City Royals,1,2025-05-03T01:00:00+00:00,0.560301507538,0.560301507538,,
MLB,hist-oddsapi-82c4c550af725bd8d584a356544e4428,2025-05-02T23:05:00+00:00,2025-05-02T22:55:38+00:00,New York Yankees,Tampa Bay Rays,1,2025-05-03T01:30:00+00:00,0.677852348993,0.677852348993,,
MLB,hist-oddsapi-85d58db7926d84321b00a983ebfe4cea,2025-05-02T23:07:00+00:00,2025-05-02T22:55:38+00:00,Toronto Blue Jays,Cleveland Guardians,1,2025-05-03T04:45:00+00:00,0.612590799031,0.612590799031,,
MLB,hist-oddsapi-0664098110fecbbf84099487ccfe0607,2025-05-02T23:10:00+00:00,2025-05-02T22:55:38+00:00,Boston Red Sox,Minnesota Twins,1,2025-05-03T04:45:00+00:00,0.526717557252,0.526717557252,,
MLB,hist-oddsapi-70ca5ed460997a38c56f9d6684bb89e7,2025-05-02T23:10:00+00:00,2025-05-02T22:55:38+00:00,Miami Marlins,Oakland Athletics,0,2025-05-03T01:15:00+00:00,0.452020202020,0.452020202020,,
MLB,hist-oddsapi-5ea66efecd98f76fdd1175822dca7c5e,2025-05-02T23:15:00+00:00,2025-05-02T22:55:38+00:00,Atlanta Braves,Los Angeles Dodgers,0,2025-05-03T04:45:00+00:00,0.380722891566,0.380722891566,,
MLB,hist-oddsapi-f9396dad201b7648008693b16562dc36,2025-05-02T23:40:00+00:00,2025-05-02T23:25:39+00:00,Chicago White Sox,Houston Astros,1,2025-05-03T04:45:00+00:00,0.343317972350,0.343317972350,,
MLB,hist-oddsapi-f1616000ddee6fb59a5b8f1358473964,2025-05-03T00:10:00+00:00,2025-05-02T23:55:38+00:00,Milwaukee Brewers,Chicago Cubs,0,2025-05-04T01:30:00+00:00,0.464467005076,0.464467005076,,
MLB,hist-oddsapi-efb0542d2df3671c86e2dfd657110b70,2025-05-03T01:38:00+00:00,2025-05-03T01:25:38+00:00,Los Angeles Angels,Detroit Tigers,1,2025-05-04T03:30:00+00:00,0.377403846154,0.377403846154,,
MLB,hist-oddsapi-d160f71d6652c4bf9888a70eff6e1baf,2025-05-03T02:15:00+00:00,2025-05-03T01:55:38+00:00,San Francisco Giants,Colorado Rockies,1,2025-05-03T22:15:00+00:00,0.723360655738,0.723360655738,,
MLB,hist-oddsapi-b0ad97f56f521a7fd07033bb4391a9b6,2025-05-03T20:05:00+00:00,2025-05-03T19:55:38+00:00,San Francisco Giants,Colorado Rockies,1,2025-05-04T22:30:00+00:00,0.719587628866,0.719587628866,,
MLB,hist-oddsapi-511777ba9e12f0fa11470582eed1cb06,2025-05-03T20:10:00+00:00,2025-05-03T19:55:38+00:00,Boston Red Sox,Minnesota Twins,0,2025-05-04T21:15:00+00:00,0.526717557252,0.526717557252,,
MLB,hist-oddsapi-81ec601dd277f64c1c858592ca5a3eab,2025-05-03T23:05:00+00:00,2025-05-03T22:55:38+00:00,Texas Rangers,Seattle Mariners,1,2025-05-04T20:45:00+00:00,0.460759493671,0.460759493671,,
MLB,hist-oddsapi-82a979ec482600aa4729ee3b2de20d80,2025-05-03T23:10:00+00:00,2025-05-03T22:55:38+00:00,Milwaukee Brewers,Chicago Cubs,1,2025-05-04T21:15:00+00:00,0.482142857143,0.482142857143,,
MLB,hist-oddsapi-c8d968f0c132c42a63ba43978c6e0344,2025-05-04T01:38:00+00:00,2025-05-04T01:25:37+00:00,Los Angeles Angels,Detroit Tigers,0,2025-05-04T21:45:00+00:00,0.367298578199,0.367298578199,,
MLB,hist-oddsapi-d9d9a8df1ab742976a79cf4be9261a83,2025-05-04T17:15:00+00:00,2025-05-04T16:55:37+00:00,St. Louis Cardinals,New York Mets,1,2025-05-04T20:45:00+00:00,0.473282442748,0.473282442748,,
MLB,hist-oddsapi-1a1915da3a271bc0a293e59ed386db3f,2025-05-05T22:40:00+00:00,2025-05-05T22:25:38+00:00,Miami Marlins,Los Angeles Dodgers,1,2025-05-07T02:00:00+00:00,0.333333333333,0.333333333333,,
MLB,hist-oddsapi-6c8226d10656701d338218d0e3bcc019,2025-05-05T23:05:00+00:00,2025-05-05T22:55:38+00:00,New York Yankees,San Diego Padres,1,2025-05-07T01:45:00+00:00,0.595588235294,0.595588235294,,
MLB,hist-oddsapi-f609abe81d0b0ac71e6584d959423850,2025-05-05T23:15:00+00:00,2025-05-05T22:55:38+00:00,Atlanta Braves,Cincinnati Reds,1,2025-05-07T03:00:00+00:00,0.538071065990,0.538071065990,,
MLB,hist-oddsapi-141b5a00420dfa11820b6f7fe1afd7f7,2025-05-05T23:40:00+00:00,2025-05-05T23:25:38+00:00,Milwaukee Brewers,Houston Astros,1,2025-05-06T02:00:00+00:00,0.500000000000,0.500000000000,,
MLB,hist-oddsapi-a33f5ecd377c70aea5d189c2a0cd3a30,2025-05-05T23:45:00+00:00,2025-05-05T23:25:38+00:00,St. Louis Cardinals,Pittsburgh Pirates,1,2025-05-06T02:15:00+00:00,0.556675062972,0.556675062972,,
MLB,hist-oddsapi-578341ac8e5f3e3cdd3478927a8cf209,2025-05-06T01:40:00+00:00,2025-05-06T01:25:38+00:00,Arizona Diamondbacks,New York Mets,1,2025-05-07T04:00:00+00:00,0.522842639594,0.522842639594,,
MLB,hist-oddsapi-aea3380d650223fc30b202443d876079,2025-05-06T19:35:00+00:00,2025-05-06T19:25:38+00:00,Washington Nationals,Cleveland Guardians,0,2025-05-07T03:15:00+00:00,0.480916030534,0.480916030534,,
MLB,hist-oddsapi-16d85326e35e48e125a5630d879aef0f,2025-05-06T22:40:00+00:00,2025-05-06T22:25:38+00:00,Miami Marlins,Los Angeles Dodgers,0,2025-05-07T23:15:00+00:00,0.325842696629,0.325842696629,,
MLB,hist-oddsapi-6829495fd9f1b8226307e42b803bd12b,2025-05-06T22:45:00+00:00,2025-05-06T22:25:38+00:00,Boston Red Sox,Texas Rangers,0,2025-05-07T02:00:00+00:00,0.474619289340,0.474619289340,,
MLB,hist-oddsapi-2e7b4d3eaf66a4eccecbc72d312019a5,2025-05-06T23:04:00+00:00,2025-05-06T22:55:38+00:00,Tampa Bay Rays,Philadelphia Phillies,0,2025-05-07T01:45:00+00:00,0.449494949495,0.449494949495,,
MLB,hist-oddsapi-e2488e4c743811d236983b4a22c9cfb7,2025-05-06T23:39:51+00:00,2025-05-06T23:25:38+00:00,Chicago Cubs,San Francisco Giants,0,2025-05-07T21:00:00+00:00,0.572500000000,0.572500000000,,
MLB,hist-oddsapi-8a8416a0b3cbdbe4ccd5e67b513b923e,2025-05-06T23:45:00+00:00,2025-05-06T23:25:38+00:00,St. Louis Cardinals,Pittsburgh Pirates,1,2025-05-07T19:30:00+00:00,0.486005089059,0.486005089059,,
MLB,hist-oddsapi-0635a74de5c2984b586647f783629c7c,2025-05-07T23:15:00+00:00,2025-05-07T22:55:38+00:00,Atlanta Braves,Cincinnati Reds,1,2025-05-09T02:30:00+00:00,0.526717557252,0.526717557252,,
MLB,hist-oddsapi-663f8b7596ec5648850e181d4d8353ed,2025-05-08T00:40:00+00:00,2025-05-08T00:25:38+00:00,Colorado Rockies,Detroit Tigers,0,2025-05-08T23:30:00+00:00,0.399509803922,0.399509803922,,
MLB,hist-oddsapi-1133c11856214f2e86ee01b9151d3c74,2025-05-08T01:38:00+00:00,2025-05-08T01:25:38+00:00,Los Angeles Angels,Toronto Blue Jays,0,2025-05-09T04:30:00+00:00,0.487244897959,0.487244897959,,
MLB,hist-oddsapi-f87c4d8fca63bba5fe81b4be8e517988,2025-05-09T01:40:00+00:00,2025-05-09T01:25:38+00:00,Arizona Diamondbacks,Los Angeles Dodgers,0,2025-05-10T05:00:00+00:00,0.409876543210,0.409876543210,,
MLB,hist-oddsapi-ecf87cd8d320fbeed8245e598bd1992e,2025-05-09T22:40:00+00:00,2025-05-09T22:25:38+00:00,Detroit Tigers,Texas Rangers,1,2025-05-10T00:45:00+00:00,0.722792607803,0.722792607803,,
MLB,hist-oddsapi-f337ba95da3179642a5782ab06b078ec,2025-05-09T22:40:00+00:00,2025-05-09T22:25:38+00:00,Pittsburgh Pirates,Atlanta Braves,0,2025-05-11T00:30:00+00:00,0.427500000000,0.427500000000,,
MLB,hist-oddsapi-f69abd39743d307adf8fe8f9ac3e6cc4,2025-05-09T22:45:00+00:00,2025-05-09T22:25:38+00:00,Washington Nationals,St. Louis Cardinals,0,2025-05-10T01:30:00+00:00,0.486005089059,0.486005089059,,
MLB,hist-oddsapi-0dbedb1f7cdea52afbac03b1781b7122,2025-05-09T23:10:00+00:00,2025-05-09T22:55:38+00:00,New York Mets,Chicago Cubs,1,2025-05-10T01:45:00+00:00,0.556675062972,0.556675062972,,
MLB,hist-oddsapi-96ea1691586dc7b181f4f9e197152f66,2025-05-09T23:10:00+00:00,2025-05-09T22:55:38+00:00,Cleveland Guardians,Philadelphia Phillies,1,2025-05-10T01:45:00+00:00,0.488549618321,0.488549618321,,
MLB,hist-oddsapi-648e456ada8f5443e623cba81da02f0d,2025-05-09T23:40:00+00:00,2025-05-09T23:25:38+00:00,Chicago White Sox,Miami Marlins,0,2025-05-11T03:00:00+00:00,0.436090225564,0.436090225564,,
MLB,hist-oddsapi-f2c5b071df64527c6df02d2c0367adf1,2025-05-09T23:40:00+00:00,2025-05-09T23:25:38+00:00,Kansas City Royals,Boston Red Sox,1,2025-05-10T03:15:00+00:00,0.502551020408,0.502551020408,,
MLB,hist-oddsapi-886611734f46dc1b7108c08767b02db2,2025-05-10T00:10:00+00:00,2025-05-09T23:55:38+00:00,Houston Astros,Cincinnati Reds,1,2025-05-10T02:30:00+00:00,0.632701421801,0.632701421801,,
MLB,hist-oddsapi-f4393f1f87c657697c912cee8c4de802,2025-05-10T00:10:00+00:00,2025-05-09T23:55:38+00:00,Minnesota Twins,San Francisco Giants,1,2025-05-11T02:00:00+00:00,0.479591836735,0.479591836735,,
MLB,hist-oddsapi-21c587c14d3b51c2f727fadd08806c01,2025-05-10T00:40:00+00:00,2025-05-10T00:25:38+00:00,Colorado Rockies,San Diego Padres,0,2025-05-11T01:15:00+00:00,0.373205741627,0.373205741627,,
MLB,hist-oddsapi-8bcdaaabcd8bb27724296598eba24dcb,2025-05-10T01:38:00+00:00,2025-05-10T01:25:38+00:00,Los Angeles Angels,Baltimore Orioles,0,2025-05-10T06:30:00+00:00,0.438596491228,0.438596491228,,
MLB,hist-oddsapi-587fd22b4f9a6c8b00296d009e5f8a92,2025-05-10T01:40:00+00:00,2025-05-10T01:25:38+00:00,Seattle Mariners,Toronto Blue Jays,0,2025-05-10T04:30:00+00:00,0.572500000000,0.572500000000,,
MLB,hist-oddsapi-c54cfd6ec30331bdff90236bd82433f0,2025-05-10T02:05:00+00:00,2025-05-10T01:55:38+00:00,Oakland Athletics,New York Yankees,0,2025-05-10T04:30:00+00:00,0.412345679012,0.412345679012,,
MLB,hist-oddsapi-b2390e47eaae2163bd858e2cbad13dcc,2025-05-10T20:05:00+00:00,2025-05-10T19:55:37+00:00,Oakland Athletics,New York Yankees,0,2025-05-11T21:45:00+00:00,0.409876543210,0.409876543210,,
MLB,hist-oddsapi-475a31e8ebfe4b2f651f7dcf12434466,2025-05-10T22:10:00+00:00,2025-05-10T21:55:37+00:00,Detroit Tigers,Texas Rangers,0,2025-05-11T19:45:00+00:00,0.458227848101,0.458227848101,,
MLB,hist-oddsapi-f19c5bbd53c2e40e125fbe9197de27f6,2025-05-10T23:10:00+00:00,2025-05-10T22:55:37+00:00,Houston Astros,Cincinnati Reds,1,2025-05-11T20:45:00+00:00,0.532994923858,0.532994923858,,
MLB,hist-oddsapi-0bb5f44faa59b64ba79e947d9cfba6c9,2025-05-10T23:15:00+00:00,2025-05-10T22:55:37+00:00,Minnesota Twins,San Francisco Giants,1,2025-05-11T21:15:00+00:00,0.486005089059,0.486005089059,,
MLB,hist-oddsapi-eb0d7fa31926ad30ef32ac164da9d0e5,2025-05-10T23:15:00+00:00,2025-05-10T22:55:37+00:00,New York Mets,Chicago Cubs,1,2025-05-11T18:45:00+00:00,0.601466992665,0.601466992665,,
MLB,hist-oddsapi-7ee6927f997abc920452b4483e82402b,2025-05-11T00:10:00+00:00,2025-05-10T23:55:37+00:00,Arizona Diamondbacks,Los Angeles Dodgers,0,2025-05-11T22:45:00+00:00,0.530456852792,0.530456852792,,
MLB,hist-oddsapi-ecbe36288bbc199588823cefbd2fbfef,2025-05-11T00:10:00+00:00,2025-05-10T23:55:37+00:00,Colorado Rockies,San Diego Padres,1,2025-05-11T21:15:00+00:00,0.310043668122,0.310043668122,,
MLB,hist-oddsapi-9b8baaa403234126788c6370f04ddf4d,2025-05-11T01:40:00+00:00,2025-05-11T01:25:37+00:00,Seattle Mariners,Toronto Blue Jays,0,2025-05-11T22:00:00+00:00,0.551637279597,0.551637279597,,
MLB,hist-oddsapi-11d1c8ad73f078863281deea26cd7bcb,2025-05-11T23:10:00+00:00,2025-05-11T22:55:37+00:00,Cleveland Guardians,Philadelphia Phillies,0,2025-05-12T05:15:00+00:00,0.394160583942,0.394160583942,,
MLB,hist-oddsapi-5538390b215e0ffc395f3838a444750d,2025-05-12T22:10:00+00:00,2025-05-12T21:55:38+00:00,Cleveland Guardians,Milwaukee Brewers,1,2025-05-13T00:15:00+00:00,0.478260869565,0.478260869565,,
MLB,hist-oddsapi-fcaf1a98eaa1dfdb67925ba0fb430e39,2025-05-12T22:40:00+00:00,2025-05-12T22:25:38+00:00,Detroit Tigers,Boston Red Sox,1,2025-05-12T23:45:00+00:00,0.478260869565,0.478260869565,,
MLB,hist-oddsapi-aed9ff24ad5bd78729995b07a0d40c51,2025-05-12T23:10:00+00:00,2025-05-12T22:55:38+00:00,New York Mets,Pittsburgh Pirates,1,2025-05-13T02:15:00+00:00,0.598522167488,0.598522167488,,
MLB,hist-oddsapi-a757bfa1d14a002837ab676b718e558f,2025-05-12T23:40:00+00:00,2025-05-12T23:25:38+00:00,Chicago Cubs,Miami Marlins,1,2025-05-14T06:00:00+00:00,0.696312364425,0.696312364425,,
MLB,hist-oddsapi-fcd7b00613c507b9ed9c6a9dd66398fe,2025-05-13T00:10:00+00:00,2025-05-12T23:55:38+00:00,Houston Astros,Kansas City Royals,0,2025-05-13T01:45:00+00:00,0.534351145038,0.534351145038,,
MLB,hist-oddsapi-3577b98139f8f8cf0dfb09ecaee645a8,2025-05-13T01:40:00+00:00,2025-05-13T01:25:38+00:00,Seattle Mariners,New York Yankees,0,2025-05-13T04:15:00+00:00,0.420000000000,0.420000000000,,
MLB,hist-oddsapi-1ad46c4f0b8bb9d8b71dc0d3cfda6d8e,2025-05-13T22:10:00+00:00,2025-05-13T21:55:38+00:00,Cleveland Guardians,Milwaukee Brewers,0,2025-05-14T20:00:00+00:00,0.560301507538,0.560301507538,,
MLB,hist-oddsapi-b38f17c378efd517881d60e6c630259d,2025-05-13T22:35:00+00:00,2025-05-13T18:55:38+00:00,Baltimore Orioles,Minnesota Twins,0,2025-05-14T19:15:00+00:00,0.538071065990,0.538071065990,,
MLB,hist-oddsapi-e841062c53d8faf2cd42dcd4a4f1bb77,2025-05-13T22:40:00+00:00,2025-05-13T22:25:38+00:00,Cincinnati Reds,Chicago White Sox,0,2025-05-14T06:00:00+00:00,0.651972157773,0.651972157773,,
MLB,hist-oddsapi-b631c394ea76cf9ea08dc0885385c749,2025-05-13T23:10:00+00:00,2025-05-13T22:55:38+00:00,New York Mets,Pittsburgh Pirates,0,2025-05-15T02:15:00+00:00,0.688596491228,0.688596491228,,
MLB,hist-oddsapi-f294cfd0533683f09ca1318487193b66,2025-05-13T23:15:00+00:00,2025-05-13T22:55:38+00:00,Atlanta Braves,Washington Nationals,0,2025-05-15T02:15:00+00:00,0.655889145497,0.655889145497,,
MLB,hist-oddsapi-1513241419ce2c190d022a931bf18c3e,2025-05-14T00:05:00+00:00,2025-05-13T23:55:38+00:00,Texas Rangers,Colorado Rockies,1,2025-05-15T02:30:00+00:00,0.665148063781,0.665148063781,,
MLB,hist-oddsapi-d114ce697e9198da37a8d7102180d87e,2025-05-14T01:40:00+00:00,2025-05-14T01:25:38+00:00,San Diego Padres,Los Angeles Angels,1,2025-05-15T04:00:00+00:00,0.660550458716,0.660550458716,,
MLB,hist-oddsapi-f4182e2059cc98d99eda35c8ef8c0ec4,2025-05-14T02:10:00+00:00,2025-05-14T01:55:38+00:00,Los Angeles Dodgers,Oakland Athletics,0,2025-05-14T04:15:00+00:00,0.640845070423,0.640845070423,,
MLB,hist-oddsapi-ca3382748d158a9f8c614fa61f754c94,2025-05-14T17:05:00+00:00,2025-05-14T16:55:38+00:00,Philadelphia Phillies,St. Louis Cardinals,1,2025-05-14T19:45:00+00:00,0.627684964200,0.627684964200,,
MLB,hist-oddsapi-1415aea88bcd9657195221bcf49b94cd,2025-05-14T19:45:00+00:00,2025-05-14T19:25:38+00:00,Baltimore Orioles,Minnesota Twins,0,2025-05-15T18:45:00+00:00,0.551898734177,0.551898734177,,
MLB,hist-oddsapi-7e3e69cc0f972e4625c27cbacf66ad01,2025-05-14T23:07:00+00:00,2025-05-14T22:55:38+00:00,Toronto Blue Jays,Tampa Bay Rays,0,2025-05-15T23:30:00+00:00,0.590123456790,0.590123456790,,
MLB,hist-oddsapi-d4cb3320b68b71ce7f16615f67fb5152,2025-05-14T23:14:00+00:00,2025-05-14T22:55:38+00:00,Cincinnati Reds,Chicago White Sox,1,2025-05-15T18:45:00+00:00,0.644859813084,0.644859813084,,
MLB,hist-oddsapi-36afa590b29c6581afe35e47cbdbe652,2025-05-15T02:10:00+00:00,2025-05-15T01:55:38+00:00,Los Angeles Dodgers,Oakland Athletics,1,2025-05-16T03:30:00+00:00,0.718426501035,0.718426501035,,
MLB,hist-oddsapi-66e688ed44832fe77f5d5e159e9642c4,2025-05-16T18:20:00+00:00,2025-05-16T17:55:38+00:00,Chicago Cubs,Chicago White Sox,1,2025-05-17T21:00:00+00:00,0.674157303371,0.674157303371,,
MLB,hist-oddsapi-75b5850e8d27c1649ce82cf7bdf440eb,2025-05-16T21:10:00+00:00,2025-05-16T20:55:38+00:00,Cincinnati Reds,Cleveland Guardians,1,2025-05-18T02:45:00+00:00,0.470737913486,0.470737913486,,
MLB,hist-oddsapi-58f75f25f4c71ed21b6af47b8fcbf836,2025-05-16T22:45:00+00:00,2025-05-16T22:25:38+00:00,Philadelphia Phillies,Pittsburgh Pirates,1,2025-05-18T00:15:00+00:00,0.682926829268,0.682926829268,,
MLB,hist-oddsapi-1242094a6b2d0c186876d00fb9f60e91,2025-05-16T23:05:00+00:00,2025-05-16T22:55:38+00:00,Baltimore Orioles,Washington Nationals,0,2025-05-17T22:30:00+00:00,0.535532994924,0.535532994924,,
MLB,hist-oddsapi-863bcc51df3013a8c77eaa6abaec6777,2025-05-16T23:05:00+00:00,2025-05-16T22:55:38+00:00,New York Yankees,New York Mets,0,2025-05-17T23:00:00+00:00,0.577114427861,0.577114427861,,
MLB,hist-oddsapi-5852e7f87367a15b1e452d50aa5442c9,2025-05-16T23:10:00+00:00,2025-05-16T22:55:38+00:00,Miami Marlins,Tampa Bay Rays,0,2025-05-17T22:30:00+00:00,0.464467005076,0.464467005076,,
MLB,hist-oddsapi-e3e2e20b828e3afb68958c00f9f7bb10,2025-05-16T23:40:00+00:00,2025-05-16T23:25:38+00:00,Kansas City Royals,St. Louis Cardinals,0,2025-05-17T02:00:00+00:00,0.578553615960,0.578553615960,,
MLB,hist-oddsapi-9b41651ba2185ff25f35e6417409d975,2025-05-17T00:05:00+00:00,2025-05-16T23:55:38+00:00,Texas Rangers,Houston Astros,1,2025-05-18T01:30:00+00:00,0.636792452830,0.636792452830,,
MLB,hist-oddsapi-a7aac395114eed24316024f8a883a041,2025-05-17T00:10:00+00:00,2025-05-16T23:55:38+00:00,Milwaukee Brewers,Minnesota Twins,0,2025-05-18T02:00:00+00:00,0.484693877551,0.484693877551,,
MLB,hist-oddsapi-27a397ca986783622d2c72bcbceb195d,2025-05-17T01:40:00+00:00,2025-05-17T01:25:38+00:00,San Diego Padres,Seattle Mariners,0,2025-05-17T03:45:00+00:00,0.611650485437,0.611650485437,,
MLB,hist-oddsapi-9694ca9f131c8a09107b4b20493f29a0,2025-05-17T01:40:00+00:00,2025-05-17T01:25:38+00:00,Arizona Diamondbacks,Colorado Rockies,1,2025-05-17T04:15:00+00:00,0.755218216319,0.755218216319,,
MLB,hist-oddsapi-8a6427f5231e12721d7b7078abd888fd,2025-05-17T02:10:00+00:00,2025-05-17T01:55:37+00:00,Los Angeles Dodgers,Los Angeles Angels,0,2025-05-17T07:30:00+00:00,0.727087576375,0.727087576375,,
MLB,hist-oddsapi-ad6e9cf8cc410ecde9af00d3b3cab1f9,2025-05-17T02:15:00+00:00,2025-05-17T01:55:37+00:00,San Francisco Giants,Oakland Athletics,1,2025-05-17T04:15:00+00:00,0.640000000000,0.640000000000,,
MLB,hist-oddsapi-8f3fc215d7ee1a6ed740036d0c970dc1,2025-05-17T20:05:00+00:00,2025-05-17T19:55:37+00:00,Baltimore Orioles,Washington Nationals,0,2025-05-18T20:00:00+00:00,0.580645161290,0.580645161290,,
MLB,hist-oddsapi-f4b31adcf6b2ce1cadd355d5e7fd8b3f,2025-05-17T23:05:00+00:00,2025-05-17T22:55:37+00:00,Texas Rangers,Houston Astros,0,2025-05-18T20:30:00+00:00,0.522842639594,0.522842639594,,
MLB,hist-oddsapi-83c1ce152552b6fe1386e76a3fe80d03,2025-05-17T23:15:00+00:00,2025-05-17T22:55:37+00:00,Milwaukee Brewers,Minnesota Twins,1,2025-05-18T20:30:00+00:00,0.469543147208,0.469543147208,,
MLB,hist-oddsapi-15cece19f501d5cf5309c43b3d6aa846,2025-05-18T01:05:00+00:00,2025-05-18T00:55:37+00:00,San Francisco Giants,Oakland Athletics,1,2025-05-19T00:30:00+00:00,0.600490196078,0.600490196078,,
MLB,hist-oddsapi-2b2e09e841cf833f3aafca87179cd508,2025-05-18T01:10:00+00:00,2025-05-18T00:55:37+00:00,Los Angeles Dodgers,Los Angeles Angels,0,2025-05-18T23:15:00+00:00,0.674157303371,0.674157303371,,
MLB,hist-oddsapi-48b94ce16e2be37b1aba96be894e886d,2025-05-19T22:40:00+00:00,2025-05-19T22:25:38+00:00,Miami Marlins,Chicago Cubs,0,2025-05-21T01:00:00+00:00,0.401960784314,0.401960784314,,
MLB,hist-oddsapi-c19b7ae46b353b45075019200d018d43,2025-05-19T22:40:00+00:00,2025-05-19T22:25:38+00:00,Pittsburgh Pirates,Cincinnati Reds,0,2025-05-20T01:15:00+00:00,0.486005089059,0.486005089059,,
MLB,hist-oddsapi-f1eeb43552e84e964bf81cbca95d1561,2025-05-19T22:45:00+00:00,2025-05-19T22:25:38+00:00,Boston Red Sox,New York Mets,1,2025-05-20T04:00:00+00:00,0.473282442748,0.473282442748,,
MLB,hist-oddsapi-349a86733bd15330d75401a09d5d0be4,2025-05-19T23:05:00+00:00,2025-05-19T22:55:37+00:00,Tampa Bay Rays,Houston Astros,1,2025-05-21T02:00:00+00:00,0.560301507538,0.560301507538,,
MLB,hist-oddsapi-5d6301b02729dbb796b89a4616102369,2025-05-19T23:40:00+00:00,2025-05-19T23:25:38+00:00,Minnesota Twins,Cleveland Guardians,1,2025-05-21T19:15:00+00:00,0.583126550868,0.583126550868,,
MLB,hist-oddsapi-abb2e71ac025814368675b8c3f4eba3a,2025-05-19T23:40:00+00:00,2025-05-19T23:25:38+00:00,Milwaukee Brewers,Baltimore Orioles,1,2025-05-21T02:30:00+00:00,0.516539440204,0.516539440204,,
MLB,hist-oddsapi-edd9e7b91f7158f80ffabea78696b7ea,2025-05-19T23:40:00+00:00,2025-05-19T23:25:38+00:00,Chicago White Sox,Seattle Mariners,0,2025-05-20T02:00:00+00:00,0.376498800959,0.376498800959,,
MLB,hist-oddsapi-b6b65f04b4d8befd0964026cb51c7a65,2025-05-20T00:39:57+00:00,2025-05-20T00:25:38+00:00,Colorado Rockies,Philadelphia Phillies,0,2025-05-21T06:15:00+00:00,0.325112107623,0.325112107623,,
MLB,hist-oddsapi-0cdb6f2f057acfac943c6beaf93e8a97,2025-05-20T22:41:00+00:00,2025-05-20T22:25:37+00:00,Miami Marlins,Chicago Cubs,0,2025-05-21T20:00:00+00:00,0.423940149626,0.423940149626,,
MLB,hist-oddsapi-b2193404dd88a35089fb14d5695aea58,2025-05-20T22:41:00+00:00,2025-05-20T22:25:37+00:00,Pittsburgh Pirates,Cincinnati Reds,1,2025-05-21T20:45:00+00:00,0.431077694236,0.431077694236,,
MLB,hist-oddsapi-977bdbbd16c9d36df1755fb22900c5e1,2025-05-20T22:46:00+00:00,2025-05-20T22:25:37+00:00,Washington Nationals,Atlanta Braves,0,2025-09-16T19:30:00+00:00,0.396088019560,0.396088019560,,
MLB,hist-oddsapi-6c1f83f4ea1dd3917538a4009499d26b,2025-05-20T23:06:00+00:00,2025-05-20T22:55:38+00:00,New York Yankees,Texas Rangers,1,2025-05-21T01:45:00+00:00,0.658256880734,0.658256880734,,
MLB,hist-oddsapi-ce35d1312c7ba3eb62300f9e5a9eb400,2025-05-20T23:08:00+00:00,2025-05-20T22:55:38+00:00,Toronto Blue Jays,San Diego Padres,1,2025-05-21T01:15:00+00:00,0.505102040816,0.505102040816,,
MLB,hist-oddsapi-f38ca82f316ebea2f0cefea675a35382,2025-05-20T23:41:00+00:00,2025-05-20T23:25:38+00:00,Milwaukee Brewers,Baltimore Orioles,0,2025-05-21T20:45:00+00:00,0.529262086514,0.529262086514,,
MLB,hist-oddsapi-bf7332776519197ef8ce2d2e4584e5b0,2025-05-20T23:46:00+00:00,2025-05-20T23:25:38+00:00,St. Louis Cardinals,Detroit Tigers,0,2025-05-21T20:00:00+00:00,0.383132530120,0.383132530120,,
MLB,hist-oddsapi-caed0793e56ddbd0ea9af075efe323f2,2025-05-21T00:41:00+00:00,2025-05-21T00:25:38+00:00,Colorado Rockies,Philadelphia Phillies,0,2025-05-22T02:45:00+00:00,0.292993630573,0.292993630573,,
MLB,hist-oddsapi-3e29ed4338ffe243637c5da38aecf2fd,2025-05-21T01:46:00+00:00,2025-05-21T01:25:37+00:00,San Francisco Giants,Kansas City Royals,0,2025-05-21T22:00:00+00:00,0.550505050505,0.550505050505,,
MLB,hist-oddsapi-c63d5126885a86b9f7dad071d83ff5e7,2025-05-21T02:06:00+00:00,2025-05-21T01:55:38+00:00,Oakland Athletics,Los Angeles Angels,0,2025-05-22T05:15:00+00:00,0.603911980440,0.603911980440,,
MLB,hist-oddsapi-1e4a5423482fb3c96730aafd2c3245a1,2025-05-22T00:41:00+00:00,2025-05-22T00:25:37+00:00,Colorado Rockies,Philadelphia Phillies,0,2025-05-22T21:30:00+00:00,0.370546318290,0.370546318290,,
MLB,hist-oddsapi-e549bb5edb49993e9160965c5cb63ce3,2025-05-22T22:40:00+00:00,2025-05-22T22:25:37+00:00,Detroit Tigers,Cleveland Guardians,0,2025-05-23T01:15:00+00:00,0.535532994924,0.535532994924,,
MLB,hist-oddsapi-22938a2a7fc52daf9462c77d3079c291,2025-05-22T22:45:00+00:00,2025-05-22T18:25:38+00:00,Boston Red Sox,Baltimore Orioles,1,2025-05-23T20:30:00+00:00,0.544303797468,0.544303797468,,
MLB,hist-oddsapi-61a55b9f655a7a64f14b3902297e1242,2025-05-23T00:10:00+00:00,2025-05-22T23:55:38+00:00,Houston Astros,Seattle Mariners,1,2025-05-23T03:00:00+00:00,0.458227848101,0.458227848101,,
MLB,hist-oddsapi-b1727bd5c323c0e688f0e510a8abb86e,2025-05-23T17:36:00+00:00,2025-05-23T17:25:38+00:00,Boston Red Sox,Baltimore Orioles,1,2025-05-24T20:45:00+00:00,0.513994910941,0.513994910941,,
MLB,hist-oddsapi-b0d33af9d654bb721aaf53c91935940d,2025-05-23T22:41:00+00:00,2025-05-23T22:25:38+00:00,Cincinnati Reds,Chicago Cubs,0,2025-05-24T02:00:00+00:00,0.486005089059,0.486005089059,,
MLB,hist-oddsapi-dba39701525bfa140d019994e0bccedf,2025-05-23T22:41:00+00:00,2025-05-23T22:25:38+00:00,Pittsburgh Pirates,Milwaukee Brewers,1,2025-05-25T00:15:00+00:00,0.532994923858,0.532994923858,,
MLB,hist-oddsapi-954a763840b8491767f7fca2651c836b,2025-05-23T22:46:00+00:00,2025-05-23T22:25:38+00:00,Washington Nationals,San Francisco Giants,1,2025-05-24T22:45:00+00:00,0.511450381679,0.511450381679,,
MLB,hist-oddsapi-3c0199f49cd8b9afd0488a476b7fe085,2025-05-23T23:11:00+00:00,2025-05-23T22:55:38+00:00,Boston Red Sox,Baltimore Orioles,0,2025-05-25T01:15:00+00:00,0.539240506329,0.539240506329,,
MLB,hist-oddsapi-0c47930a28dffcc7eee0255b4297edef,2025-05-23T23:16:00+00:00,2025-05-23T22:55:38+00:00,Atlanta Braves,San Diego Padres,1,2025-05-24T22:30:00+00:00,0.627684964200,0.627684964200,,
MLB,hist-oddsapi-6f8736ade407218db0056788b9f93ec1,2025-05-23T23:40:59+00:00,2025-05-23T23:25:38+00:00,Chicago White Sox,Texas Rangers,1,2025-05-24T23:15:00+00:00,0.373205741627,0.373205741627,,
MLB,hist-oddsapi-5adbea133d58c8bc57c175f9eada710d,2025-05-24T00:11:00+00:00,2025-05-23T23:55:38+00:00,Minnesota Twins,Kansas City Royals,1,2025-05-24T02:30:00+00:00,0.628571428571,0.628571428571,,
MLB,hist-oddsapi-f2d4ce5fcf8711864156ab23fe1f5d66,2025-05-24T00:11:00+00:00,2025-05-23T23:55:38+00:00,Houston Astros,Seattle Mariners,1,2025-05-25T00:15:00+00:00,0.524173027990,0.524173027990,,
MLB,hist-oddsapi-3acd98ba47915bf0adcc1dfdb8420e33,2025-05-24T00:16:00+00:00,2025-05-23T23:55:38+00:00,St. Louis Cardinals,Arizona Diamondbacks,1,2025-05-24T21:30:00+00:00,0.486005089059,0.486005089059,,
MLB,hist-oddsapi-8024dfaf967285e704226a91287d8c0d,2025-05-24T00:41:00+00:00,2025-05-24T00:25:38+00:00,Colorado Rockies,New York Yankees,0,2025-05-24T21:45:00+00:00,0.286012526096,0.286012526096,,
MLB,hist-oddsapi-76c047e1352c687534ec5461f8bc80ff,2025-05-24T18:11:00+00:00,2025-05-24T17:55:38+00:00,Minnesota Twins,Kansas City Royals,0,2025-05-25T21:00:00+00:00,0.529262086514,0.529262086514,,
MLB,hist-oddsapi-822cbbeb95423d224d10001d16991095,2025-05-24T18:16:00+00:00,2025-05-24T17:55:38+00:00,St. Louis Cardinals,Arizona Diamondbacks,1,2025-05-25T21:00:00+00:00,0.532994923858,0.532994923858,,
MLB,hist-oddsapi-449882f52179100f99467f6e9166e6e1,2025-05-24T20:06:00+00:00,2025-05-24T19:55:38+00:00,Pittsburgh Pirates,Milwaukee Brewers,0,2025-05-25T22:30:00+00:00,0.492346938776,0.492346938776,,
MLB,hist-oddsapi-e94230837c460e923320cf1c54545093,2025-05-24T20:06:00+00:00,2025-05-24T19:55:38+00:00,Washington Nationals,San Francisco Giants,0,2025-05-25T20:15:00+00:00,0.405405405405,0.405405405405,,
MLB,hist-oddsapi-7f655404711ed11a5a5ba7a8df663a62,2025-05-24T20:11:00+00:00,2025-05-24T19:55:38+00:00,Chicago White Sox,Texas Rangers,0,2025-05-25T21:30:00+00:00,0.405405405405,0.405405405405,,
MLB,hist-oddsapi-1788cbbc68bbff838143f2bea06081e8,2025-05-24T23:06:00+00:00,2025-05-24T22:55:38+00:00,Tampa Bay Rays,Toronto Blue Jays,1,2025-05-25T19:45:00+00:00,0.507653061224,0.507653061224,,
MLB,hist-oddsapi-579af6ade6e898d1af406f7db978374a,2025-05-24T23:16:00+00:00,2025-05-24T22:55:38+00:00,Detroit Tigers,Cleveland Guardians,1,2025-05-25T17:30:00+00:00,0.573566084788,0.573566084788,,
MLB,hist-oddsapi-4d4daa32c4ac4fc97820f1c1998580a7,2025-05-26T18:21:00+00:00,2025-05-26T17:55:38+00:00,Chicago Cubs,Colorado Rockies,1,2025-05-26T20:45:00+00:00,0.740667976424,0.740667976424,,
MLB,hist-oddsapi-2b24f923c368d65cf2269b0ac14aa950,2025-05-26T20:11:00+00:00,2025-05-26T19:55:37+00:00,Kansas City Royals,Cincinnati Reds,0,2025-05-26T22:45:00+00:00,0.513994910941,0.513994910941,,
MLB,hist-oddsapi-815186c63ab4ed0dc59e725ab0c80cd6,2025-05-26T22:10:00+00:00,2025-05-26T21:55:37+00:00,Cleveland Guardians,Los Angeles Dodgers,0,2025-05-27T00:45:00+00:00,0.388349514563,0.388349514563,,
MLB,hist-oddsapi-536e18402bcbba92126ba1c9ce970b3f,2025-05-27T00:11:00+00:00,2025-05-26T23:55:37+00:00,Arizona Diamondbacks,Pittsburgh Pirates,1,2025-05-27T02:30:00+00:00,0.635933806147,0.635933806147,,
MLB,hist-oddsapi-299839c827d14fe9ad89b3124be68732,2025-05-27T01:37:00+00:00,2025-05-27T01:25:37+00:00,Los Angeles Angels,New York Yankees,0,2025-05-27T04:00:00+00:00,0.372315035800,0.372315035800,,
MLB,hist-oddsapi-3f6a919b9cd73679e73146a4caf463f5,2025-05-27T22:36:00+00:00,2025-05-27T22:25:38+00:00,Baltimore Orioles,St. Louis Cardinals,0,2025-05-28T01:30:00+00:00,0.469543147208,0.469543147208,,
MLB,hist-oddsapi-8dfbcded6a673bb06bcc7875f85397de,2025-05-27T22:41:00+00:00,2025-05-27T22:25:38+00:00,Detroit Tigers,San Francisco Giants,1,2025-05-28T19:45:00+00:00,0.477157360406,0.477157360406,,
MLB,hist-oddsapi-49788c2b68d97355aabc4155f7e65171,2025-05-27T23:11:00+00:00,2025-05-27T22:55:37+00:00,New York Mets,Chicago White Sox,0,2025-05-28T20:00:00+00:00,0.712788259958,0.712788259958,,
MLB,hist-oddsapi-04d6313150584142b68b24980a1ed35a,2025-05-27T23:40:00+00:00,2025-05-27T23:25:37+00:00,Milwaukee Brewers,Boston Red Sox,1,2025-05-28T20:30:00+00:00,0.505102040816,0.505102040816,,
MLB,hist-oddsapi-e19dd7f2c89f98454df7d802028aa62e,2025-05-28T00:06:00+00:00,2025-05-27T23:55:38+00:00,Chicago Cubs,Colorado Rockies,1,2025-05-28T03:30:00+00:00,0.734530938124,0.734530938124,,
MLB,hist-oddsapi-7fad148aa6254f8346ddf4d38518eb20,2025-05-28T00:11:00+00:00,2025-05-27T23:55:38+00:00,Houston Astros,Oakland Athletics,1,2025-05-28T22:00:00+00:00,0.675615212528,0.675615212528,,
MLB,hist-oddsapi-e1a87244278aa01837f0019bd08c5a52,2025-05-28T01:38:00+00:00,2025-05-28T01:25:37+00:00,Los Angeles Angels,New York Yankees,0,2025-05-29T04:45:00+00:00,0.344110854503,0.344110854503,,
MLB,hist-oddsapi-5a1ff0a09ad0f20acbf93ad43d9da610,2025-05-28T01:41:00+00:00,2025-05-28T01:25:37+00:00,Seattle Mariners,Washington Nationals,0,2025-05-29T03:45:00+00:00,0.604878048780,0.604878048780,,
MLB,hist-oddsapi-a8f84684ee52bf5c48458eec2ad13960,2025-05-28T01:41:00+00:00,2025-05-28T01:25:37+00:00,Arizona Diamondbacks,Pittsburgh Pirates,0,2025-05-28T21:30:00+00:00,0.702991452991,0.702991452991,,
MLB,hist-oddsapi-1db394a833d8af603e77922440859217,2025-05-28T22:46:00+00:00,2025-05-28T18:55:37+00:00,Philadelphia Phillies,Atlanta Braves,0,2025-05-30T01:45:00+00:00,0.576059850374,0.576059850374,,
MLB,hist-oddsapi-e32aa8db0150f684ce9ae220b0a9d39a,2025-05-29T23:07:00+00:00,2025-05-29T22:55:37+00:00,Toronto Blue Jays,Oakland Athletics,1,2025-05-31T01:30:00+00:00,0.598039215686,0.598039215686,,
MLB,hist-oddsapi-e25b88e13546f851e32477bf8534f1f4,2025-05-30T00:10:00+00:00,2025-05-29T23:55:37+00:00,Houston Astros,Tampa Bay Rays,0,2025-05-30T03:00:00+00:00,0.508905852417,0.508905852417,,
MLB,hist-oddsapi-9c2194da7eb97922202cbab769535cc5,2025-05-30T18:21:00+00:00,2025-05-30T17:55:37+00:00,Chicago Cubs,Cincinnati Reds,0,2025-05-30T20:45:00+00:00,0.600490196078,0.600490196078,,
MLB,hist-oddsapi-f81891288c758bb910594a810a71339c,2025-05-30T22:46:00+00:00,2025-05-30T22:25:37+00:00,Philadelphia Phillies,Milwaukee Brewers,0,2025-05-31T21:15:00+00:00,0.521628498728,0.521628498728,,
MLB,hist-oddsapi-db61422f5b427c8edd9c8a67028f00ec,2025-05-30T23:06:00+00:00,2025-05-30T13:25:37+00:00,Baltimore Orioles,Chicago White Sox,1,2025-05-31T23:00:00+00:00,0.665909090909,0.665909090909,,
MLB,hist-oddsapi-fb42f13c3fbe9439f5bc8b73b42a2bd0,2025-05-30T23:08:00+00:00,2025-05-30T22:55:37+00:00,Toronto Blue Jays,Oakland Athletics,1,2025-05-31T21:45:00+00:00,0.623501199041,0.623501199041,,
MLB,hist-oddsapi-0ce1aa44bc39aaeb6ba42a64c6253d18,2025-05-30T23:11:00+00:00,2025-05-30T22:55:37+00:00,New York Mets,Colorado Rockies,1,2025-05-31T22:15:00+00:00,0.728744939271,0.728744939271,,
MLB,hist-oddsapi-94d2b7bf757d25c0537aa27c76b550f4,2025-05-30T23:15:00+00:00,2025-05-30T22:55:37+00:00,Atlanta Braves,Boston Red Sox,1,2025-05-31T22:15:00+00:00,0.608272506083,0.608272506083,,
MLB,hist-oddsapi-01f7259eadf2d9928beda2b7e6bc07b7,2025-05-31T00:06:00+00:00,2025-05-30T23:55:37+00:00,Texas Rangers,St. Louis Cardinals,1,2025-05-31T02:30:00+00:00,0.455696202532,0.455696202532,,
MLB,hist-oddsapi-85208d78b1b3328880ae47d467f34475,2025-05-31T00:11:00+00:00,2025-05-30T23:55:37+00:00,Houston Astros,Tampa Bay Rays,0,2025-05-31T22:45:00+00:00,0.583126550868,0.583126550868,,
MLB,hist-oddsapi-d551a4f2a2b3aec809734d7ccde79fc5,2025-05-31T00:11:00+00:00,2025-05-30T23:55:37+00:00,Kansas City Royals,Detroit Tigers,1,2025-05-31T22:30:00+00:00,0.469543147208,0.469543147208,,
MLB,hist-oddsapi-6f204b565b15cefb5e8fdf8170ec846f,2025-05-31T02:10:00+00:00,2025-05-31T01:55:37+00:00,Los Angeles Dodgers,New York Yankees,1,2025-06-01T00:45:00+00:00,0.438596491228,0.438596491228,,
MLB,hist-oddsapi-fcaf7bbd038671002fde70a976536007,2025-05-31T02:11:00+00:00,2025-05-31T01:55:37+00:00,Seattle Mariners,Minnesota Twins,0,2025-05-31T05:00:00+00:00,0.584158415842,0.584158415842,,
MLB,hist-oddsapi-7d31b78a3a6d8adb1ad0b40bcab71243,2025-05-31T18:21:00+00:00,2025-05-31T17:55:37+00:00,Chicago Cubs,Cincinnati Reds,1,2025-06-01T21:00:00+00:00,0.613526570048,0.613526570048,,
MLB,hist-oddsapi-38552b61e28a1b46fec48355bb6e7c8d,2025-05-31T19:07:00+00:00,2025-05-31T18:55:37+00:00,Toronto Blue Jays,Oakland Athletics,1,2025-06-01T20:30:00+00:00,0.572500000000,0.572500000000,,
MLB,hist-oddsapi-494aa0529e54157a4e2e20f1248735e6,2025-05-31T20:06:00+00:00,2025-05-31T19:55:37+00:00,Baltimore Orioles,Chicago White Sox,1,2025-06-01T20:45:00+00:00,0.603911980440,0.603911980440,,
MLB,hist-oddsapi-a9f6181f0bfedfb70f7eaf41bb5351fe,2025-05-31T20:06:00+00:00,2025-05-31T19:55:37+00:00,Texas Rangers,St. Louis Cardinals,1,2025-06-01T20:00:00+00:00,0.421446384040,0.421446384040,,
MLB,hist-oddsapi-d5f0178c73fc2c1768fea298dd9f2e8f,2025-05-31T20:11:00+00:00,2025-05-31T19:55:37+00:00,New York Mets,Colorado Rockies,1,2025-06-01T20:15:00+00:00,0.752851711027,0.752851711027,,
MLB,hist-oddsapi-7a9d1072f856d2d04df0a78a8a8b7aa1,2025-05-31T23:16:00+00:00,2025-05-31T22:55:37+00:00,Seattle Mariners,Minnesota Twins,1,2025-06-02T00:00:00+00:00,0.494897959184,0.494897959184,,
MLB,hist-oddsapi-e2a22464e4ad6bca6b3c675a49ebd175,2025-06-01T02:11:00+00:00,2025-06-01T01:55:37+00:00,Arizona Diamondbacks,Washington Nationals,1,2025-06-01T22:30:00+00:00,0.627684964200,0.627684964200,,
MLB,hist-oddsapi-0ae61d1233277840c2d817a3d874a44f,2025-06-02T23:41:00+00:00,2025-06-02T23:25:36+00:00,Chicago White Sox,Detroit Tigers,1,2025-06-04T02:15:00+00:00,0.307189542484,0.307189542484,,
MLB,hist-oddsapi-5b3c9550e26f358c2622a85ea807c9de,2025-06-03T01:46:00+00:00,2025-06-03T01:25:37+00:00,San Francisco Giants,San Diego Padres,0,2025-06-03T05:45:00+00:00,0.619277108434,0.619277108434,,
MLB,hist-oddsapi-6598140467611c3da414b7de22982251,2025-06-03T02:06:00+00:00,2025-06-03T01:55:37+00:00,Oakland Athletics,Minnesota Twins,0,2025-06-04T04:30:00+00:00,0.416873449132,0.416873449132,,
MLB,hist-oddsapi-27934617eb10f3c02b69322e22dd38f4,2025-06-03T02:11:00+00:00,2025-06-03T01:55:37+00:00,Los Angeles Dodgers,New York Mets,1,2025-06-04T05:30:00+00:00,0.591133004926,0.591133004926,,
MLB,hist-oddsapi-692d0ad06ef3a063cffe6d8cc0f923eb,2025-06-03T22:40:00+00:00,2025-06-03T22:25:37+00:00,Pittsburgh Pirates,Houston Astros,0,2025-06-04T01:00:00+00:00,0.601466992665,0.601466992665,,
MLB,hist-oddsapi-6247408db50b8a596b324f4b0b3f2a13,2025-06-03T22:45:00+00:00,2025-06-03T22:25:37+00:00,Washington Nationals,Chicago Cubs,1,2025-06-05T01:15:00+00:00,0.431077694236,0.431077694236,,
MLB,hist-oddsapi-44b91dc189da31debc18e8ee4d2f6c5e,2025-06-03T23:05:00+00:00,2025-06-03T22:55:37+00:00,New York Yankees,Cleveland Guardians,1,2025-06-04T03:30:00+00:00,0.648837209302,0.648837209302,,
MLB,hist-oddsapi-e27417a48aebdc12ed9ca38725a51e97,2025-06-03T23:07:00+00:00,2025-06-03T22:55:37+00:00,Toronto Blue Jays,Philadelphia Phillies,0,2025-06-04T01:30:00+00:00,0.452020202020,0.452020202020,,
MLB,hist-oddsapi-f7ddc6cd4b99855ebb842ca87e52e090,2025-06-03T23:10:00+00:00,2025-06-03T22:55:37+00:00,Cincinnati Reds,Milwaukee Brewers,0,2025-06-04T19:00:00+00:00,0.547979797980,0.547979797980,,
MLB,hist-oddsapi-32ef12bc7d241d25caccfcbf96e5457b,2025-06-03T23:15:00+00:00,2025-06-03T22:55:37+00:00,Atlanta Braves,Arizona Diamondbacks,0,2025-06-04T01:45:00+00:00,0.593596059113,0.593596059113,,
MLB,hist-oddsapi-aa7a2a736fd26c0512bd6c69b5fb5d4a,2025-06-03T23:35:00+00:00,2025-06-03T23:25:37+00:00,Tampa Bay Rays,Texas Rangers,1,2025-06-04T02:15:00+00:00,0.579601990050,0.579601990050,,
MLB,hist-oddsapi-849dadb378ca28059e73c73e521264b4,2025-06-03T23:45:00+00:00,2025-06-03T23:25:37+00:00,St. Louis Cardinals,Kansas City Royals,0,2025-06-04T04:30:00+00:00,0.577114427861,0.577114427861,,
MLB,hist-oddsapi-0d632d39e158a52cdd467f82fe7f12f8,2025-06-04T01:40:00+00:00,2025-06-04T01:25:36+00:00,Seattle Mariners,Baltimore Orioles,0,2025-06-04T04:15:00+00:00,0.572500000000,0.572500000000,,
MLB,hist-oddsapi-9dad879c6a6a43bfc121aaac18f3e6b7,2025-06-04T02:05:00+00:00,2025-06-04T01:55:37+00:00,Oakland Athletics,Minnesota Twins,0,2025-06-05T04:30:00+00:00,0.344110854503,0.344110854503,,
MLB,hist-oddsapi-6e00b317c56f07126e01528d13cbae47,2025-06-04T02:10:00+00:00,2025-06-04T01:55:37+00:00,Los Angeles Dodgers,New York Mets,0,2025-06-05T04:45:00+00:00,0.576059850374,0.576059850374,,
MLB,hist-oddsapi-581b7743963d4a002d0ed346628748e1,2025-06-04T22:41:00+00:00,2025-06-04T22:25:37+00:00,Pittsburgh Pirates,Houston Astros,0,2025-06-06T04:15:00+00:00,0.463291139241,0.463291139241,,
MLB,hist-oddsapi-37f9e0a2bf099dde4ee38064fa0878ab,2025-06-04T22:46:00+00:00,2025-06-04T22:25:37+00:00,Washington Nationals,Chicago Cubs,0,2025-06-06T01:15:00+00:00,0.439698492462,0.439698492462,,
MLB,hist-oddsapi-3c78b61202b191aae846f7523d1940da,2025-06-04T23:08:00+00:00,2025-06-04T22:55:37+00:00,Toronto Blue Jays,Philadelphia Phillies,1,2025-06-05T21:15:00+00:00,0.507653061224,0.507653061224,,
MLB,hist-oddsapi-ce8acee6499537481bf0d79a7196bc51,2025-06-04T23:16:00+00:00,2025-06-04T22:55:37+00:00,Atlanta Braves,Arizona Diamondbacks,0,2025-06-05T19:15:00+00:00,0.613526570048,0.613526570048,,
MLB,hist-oddsapi-e23cae02f25f90b2df6e996bb3c55440,2025-06-05T02:06:00+00:00,2025-06-05T01:55:37+00:00,Oakland Athletics,Minnesota Twins,1,2025-06-05T21:00:00+00:00,0.388349514563,0.388349514563,,
MLB,hist-oddsapi-e0d7c44f84c8eecbf585eb4b1a588535,2025-06-05T02:11:00+00:00,2025-06-05T01:55:37+00:00,Los Angeles Dodgers,New York Mets,1,2025-06-06T00:45:00+00:00,0.573566084788,0.573566084788,,
MLB,hist-oddsapi-af5806bfd61862c63f49b7e7bc79a648,2025-06-06T17:11:00+00:00,2025-06-06T16:55:37+00:00,Tampa Bay Rays,Miami Marlins,1,2025-06-06T19:45:00+00:00,0.570351758794,0.570351758794,,
MLB,hist-oddsapi-874daf6e9efb8a4f99e47c2088f1b224,2025-06-06T22:40:00+00:00,2025-06-06T22:25:37+00:00,Pittsburgh Pirates,Philadelphia Phillies,1,2025-06-07T03:00:00+00:00,0.459390862944,0.459390862944,,
MLB,hist-oddsapi-f87e532249625375d2422314d1e605f1,2025-06-06T22:46:00+00:00,2025-06-06T22:25:37+00:00,Washington Nationals,Texas Rangers,0,2025-06-07T22:15:00+00:00,0.488549618321,0.488549618321,,
MLB,hist-oddsapi-8463c6cb4deb7657c270b244888c69b4,2025-06-06T23:11:00+00:00,2025-06-06T22:55:37+00:00,Cincinnati Reds,Arizona Diamondbacks,1,2025-06-07T22:15:00+00:00,0.482142857143,0.482142857143,,
MLB,hist-oddsapi-bc04b75af6fef0c83dd8aa734575d14d,2025-06-06T23:11:00+00:00,2025-06-06T22:55:37+00:00,Detroit Tigers,Chicago Cubs,0,2025-06-07T19:15:00+00:00,0.628297362110,0.628297362110,,
MLB,hist-oddsapi-db4a669dec92335dff0b9c6afe02d8b2,2025-06-06T23:11:00+00:00,2025-06-06T22:55:37+00:00,Cleveland Guardians,Houston Astros,0,2025-06-08T01:15:00+00:00,0.449494949495,0.449494949495,,
MLB,hist-oddsapi-43d1c1f48d170521fe418db46e0f98e1,2025-06-06T23:41:00+00:00,2025-06-06T23:25:37+00:00,Chicago White Sox,Kansas City Royals,1,2025-06-07T22:30:00+00:00,0.449494949495,0.449494949495,,
MLB,hist-oddsapi-6db086aee5bb16a82021bd046fdda138,2025-06-07T00:16:00+00:00,2025-06-06T23:55:37+00:00,St. Louis Cardinals,Los Angeles Dodgers,1,2025-06-07T21:30:00+00:00,0.517857142857,0.517857142857,,
MLB,hist-oddsapi-92c0796a101def2dce6a5e9db244d169,2025-06-07T20:11:00+00:00,2025-06-07T19:55:37+00:00,Tampa Bay Rays,Miami Marlins,1,2025-06-08T18:45:00+00:00,0.598039215686,0.598039215686,,
MLB,hist-oddsapi-d986a775114c6ef549e524b3bc7a332b,2025-06-07T23:35:00+00:00,2025-06-07T23:25:37+00:00,New York Yankees,Boston Red Sox,0,2025-06-09T02:15:00+00:00,0.500000000000,0.500000000000,,
MLB,hist-oddsapi-67f2a6ab16d20c0d9b2828d66d697ae1,2025-06-08T01:41:00+00:00,2025-06-08T01:25:36+00:00,Colorado Rockies,New York Mets,0,2025-06-08T21:45:00+00:00,0.287211740042,0.287211740042,,
MLB,hist-oddsapi-0a3bc94c29d21a5578db905ea7e31291,2025-06-09T22:41:00+00:00,2025-06-09T22:25:37+00:00,Pittsburgh Pirates,Miami Marlins,1,2025-06-10T01:45:00+00:00,0.538071065990,0.538071065990,,
MLB,hist-oddsapi-5305e47e9298be76450305a184cda879,2025-06-09T22:46:00+00:00,2025-06-09T22:25:37+00:00,Philadelphia Phillies,Chicago Cubs,0,2025-06-11T01:45:00+00:00,0.529262086514,0.529262086514,,
MLB,hist-oddsapi-efbf138c2c6ce91a4378ea91272c66c1,2025-06-09T23:11:00+00:00,2025-06-09T22:55:37+00:00,Boston Red Sox,Tampa Bay Rays,1,2025-06-11T01:45:00+00:00,0.492346938776,0.492346938776,,
MLB,hist-oddsapi-02d4a5efe9ac43422263eb56e9f887c9,2025-06-09T23:41:00+00:00,2025-06-09T23:25:37+00:00,Milwaukee Brewers,Atlanta Braves,0,2025-06-10T02:00:00+00:00,0.391727493917,0.391727493917,,
MLB,hist-oddsapi-54bcd7aca66f5025101d920cd4561efa,2025-06-10T01:39:00+00:00,2025-06-10T01:25:37+00:00,Los Angeles Angels,Oakland Athletics,1,2025-06-10T04:00:00+00:00,0.562814070352,0.562814070352,,
MLB,hist-oddsapi-6998be5fd22cf0cdd875c71587d6af0b,2025-06-10T01:40:00+00:00,2025-06-10T01:25:37+00:00,Arizona Diamondbacks,Seattle Mariners,1,2025-06-10T05:45:00+00:00,0.613526570048,0.613526570048,,
MLB,hist-oddsapi-8eae502a7ca45734ddbaff0becf1e2c4,2025-06-10T01:41:00+00:00,2025-06-10T01:25:37+00:00,San Diego Padres,Los Angeles Dodgers,1,2025-06-11T04:00:00+00:00,0.469543147208,0.469543147208,,
MLB,hist-oddsapi-cc2a970e0fb4cbe8ca106341307c6464,2025-06-10T22:36:00+00:00,2025-06-10T22:25:37+00:00,Baltimore Orioles,Detroit Tigers,0,2025-06-11T01:15:00+00:00,0.551637279597,0.551637279597,,
MLB,hist-oddsapi-6d52da6298bcfc71d3ead4ba79217909,2025-06-10T22:41:00+00:00,2025-06-10T22:25:37+00:00,Cleveland Guardians,Cincinnati Reds,1,2025-06-11T19:00:00+00:00,0.497448979592,0.497448979592,,
MLB,hist-oddsapi-f0f4d4150c96cabb528d938577bc36e4,2025-06-10T22:46:00+00:00,2025-06-10T22:25:37+00:00,Philadelphia Phillies,Chicago Cubs,1,2025-06-11T19:30:00+00:00,0.494897959184,0.494897959184,,
MLB,hist-oddsapi-3cdb3676032abad9ab15ebf3f3d5ac5a,2025-06-10T23:11:00+00:00,2025-06-10T22:55:37+00:00,Boston Red Sox,Tampa Bay Rays,1,2025-06-12T01:30:00+00:00,0.507653061224,0.507653061224,,
MLB,hist-oddsapi-8d0e5ec76132d3e74aaf3d4e5060ec38,2025-06-10T23:11:00+00:00,2025-06-10T22:55:37+00:00,New York Mets,Washington Nationals,1,2025-06-12T01:15:00+00:00,0.572500000000,0.572500000000,,
MLB,hist-oddsapi-12aac445fabac34890553bfa00ac48d2,2025-06-10T23:41:00+00:00,2025-06-10T23:25:37+00:00,Kansas City Royals,New York Yankees,0,2025-06-11T01:45:00+00:00,0.361702127660,0.361702127660,,
MLB,hist-oddsapi-21ceb29804e7c28c21ab445c59839731,2025-06-10T23:41:00+00:00,2025-06-10T23:25:37+00:00,Minnesota Twins,Texas Rangers,1,2025-06-12T02:00:00+00:00,0.532994923858,0.532994923858,,
MLB,hist-oddsapi-752c37edd123b3e68ae7739d3a932296,2025-06-10T23:41:00+00:00,2025-06-10T23:25:37+00:00,Milwaukee Brewers,Atlanta Braves,0,2025-06-11T20:15:00+00:00,0.458227848101,0.458227848101,,
MLB,hist-oddsapi-007a07af3ffa1fc93f60f32b01d27184,2025-06-11T00:11:00+00:00,2025-06-10T23:55:37+00:00,Houston Astros,Chicago White Sox,1,2025-06-12T02:30:00+00:00,0.609223300971,0.609223300971,,
MLB,hist-oddsapi-144b732b41d959bc2732705c099e8d60,2025-06-11T01:41:00+00:00,2025-06-11T01:25:37+00:00,San Diego Padres,Los Angeles Dodgers,0,2025-06-11T23:00:00+00:00,0.500000000000,0.500000000000,,
MLB,hist-oddsapi-12b95ffb05832f805277c189682777d3,2025-06-11T23:41:00+00:00,2025-06-11T23:25:37+00:00,Minnesota Twins,Texas Rangers,0,2025-06-12T19:00:00+00:00,0.573566084788,0.573566084788,,
MLB,hist-oddsapi-e823d06ca32754bbea3cadc637d84b57,2025-06-12T00:11:00+00:00,2025-06-11T23:55:37+00:00,Houston Astros,Chicago White Sox,1,2025-06-13T03:00:00+00:00,0.610169491525,0.610169491525,,
MLB,hist-oddsapi-12e107667debc05cb45e5a6de6783720,2025-06-12T00:41:00+00:00,2025-06-12T00:25:37+00:00,Colorado Rockies,San Francisco Giants,1,2025-06-12T22:15:00+00:00,0.371428571429,0.371428571429,,
MLB,hist-oddsapi-9388b3c02c9d2727e6d6fbc76c63861b,2025-06-12T23:41:00+00:00,2025-06-12T23:25:37+00:00,Milwaukee Brewers,St. Louis Cardinals,1,2025-06-13T02:00:00+00:00,0.460759493671,0.460759493671,,
MLB,hist-oddsapi-174d81c2d622c1ed65338cfb68c4e39d,2025-06-13T18:21:00+00:00,2025-06-13T17:55:37+00:00,Chicago Cubs,Pittsburgh Pirates,1,2025-06-14T20:30:00+00:00,0.513994910941,0.513994910941,,
MLB,hist-oddsapi-07236539aad09d15d5f04df7df35c366,2025-06-13T22:46:00+00:00,2025-06-13T22:25:37+00:00,Philadelphia Phillies,Toronto Blue Jays,1,2025-06-14T01:00:00+00:00,0.505102040816,0.505102040816,,
MLB,hist-oddsapi-221e71d00490e6cbe49c8b5479ebe29f,2025-06-13T23:06:00+00:00,2025-06-13T22:55:37+00:00,Baltimore Orioles,Los Angeles Angels,1,2025-06-14T03:45:00+00:00,0.627684964200,0.627684964200,,
MLB,hist-oddsapi-220586c0c048cd52f6f70d9b4dc6fcc1,2025-06-13T23:11:00+00:00,2025-06-13T22:55:37+00:00,New York Mets,Tampa Bay Rays,0,2025-06-14T03:30:00+00:00,0.601466992665,0.601466992665,,
MLB,hist-oddsapi-24e9df6a548a39acc8a4257c04a04748,2025-06-13T23:11:00+00:00,2025-06-13T22:55:37+00:00,Detroit Tigers,Cincinnati Reds,0,2025-06-14T19:15:00+00:00,0.550505050505,0.550505050505,,
MLB,hist-oddsapi-924286888c467d071589fa315178617b,2025-06-13T23:11:00+00:00,2025-06-13T22:55:37+00:00,Boston Red Sox,New York Yankees,1,2025-06-14T02:15:00+00:00,0.551637279597,0.551637279597,,
MLB,hist-oddsapi-7db45991cce2bafab44badfca5a9cbf1,2025-06-13T23:16:00+00:00,2025-06-13T22:55:37+00:00,Atlanta Braves,Colorado Rockies,1,2025-06-14T02:00:00+00:00,0.757062146893,0.757062146893,,
MLB,hist-oddsapi-65dfbd36ec4f82f57ad3073fb2ae6625,2025-06-14T00:06:00+00:00,2025-06-13T23:55:37+00:00,Texas Rangers,Chicago White Sox,1,2025-06-14T03:15:00+00:00,0.597051597052,0.597051597052,,
MLB,hist-oddsapi-0c25682262b350c86e632c27c47291f4,2025-06-14T00:11:00+00:00,2025-06-13T23:55:37+00:00,Kansas City Royals,Oakland Athletics,0,2025-06-14T02:45:00+00:00,0.598039215686,0.598039215686,,
MLB,hist-oddsapi-79de0f36a0d3d40a3e6868f3384d9ad6,2025-06-14T00:11:00+00:00,2025-06-13T23:55:37+00:00,Houston Astros,Minnesota Twins,1,2025-06-14T02:15:00+00:00,0.483460559796,0.483460559796,,
MLB,hist-oddsapi-7a1bca7a3e587aeef9d30bb425e3e528,2025-06-14T02:11:00+00:00,2025-06-14T01:55:37+00:00,Los Angeles Dodgers,San Francisco Giants,1,2025-06-15T03:30:00+00:00,0.631828978622,0.631828978622,,
MLB,hist-oddsapi-cc9540ac3bb58537865c4f4847828c4f,2025-06-14T02:11:00+00:00,2025-06-14T01:55:37+00:00,Seattle Mariners,Cleveland Guardians,1,2025-06-14T04:45:00+00:00,0.502551020408,0.502551020408,,
MLB,hist-oddsapi-5b65f01ecbc655ac1a565c8a5d734c5d,2025-06-14T17:11:00+00:00,2025-06-14T16:55:37+00:00,Detroit Tigers,Cincinnati Reds,0,2025-06-15T19:00:00+00:00,0.623501199041,0.623501199041,,
MLB,hist-oddsapi-273cffef3bc38082e8307bbc824b2f42,2025-06-14T18:21:00+00:00,2025-06-14T17:55:37+00:00,Chicago Cubs,Pittsburgh Pirates,1,2025-06-15T21:00:00+00:00,0.669683257919,0.669683257919,,
MLB,hist-oddsapi-847ccad42c93b9c966fa9c4415c408dc,2025-06-14T20:05:00+00:00,2025-06-14T19:55:37+00:00,Baltimore Orioles,Los Angeles Angels,1,2025-06-15T20:00:00+00:00,0.573566084788,0.573566084788,,
MLB,hist-oddsapi-6e3b617f369024c1e319dbe9fa2d505b,2025-06-14T20:06:00+00:00,2025-06-14T19:55:37+00:00,Philadelphia Phillies,Toronto Blue Jays,1,2025-06-15T20:15:00+00:00,0.591133004926,0.591133004926,,
MLB,hist-oddsapi-ae12da0147e8e7ecc8502f470bca05e6,2025-06-14T20:06:00+00:00,2025-06-14T19:55:37+00:00,Texas Rangers,Chicago White Sox,1,2025-06-15T23:30:00+00:00,0.723360655738,0.723360655738,,
MLB,hist-oddsapi-94ff6a85e0db091590e388d117e79125,2025-06-14T20:11:00+00:00,2025-06-14T19:55:37+00:00,Kansas City Royals,Oakland Athletics,0,2025-06-15T21:15:00+00:00,0.594594594595,0.594594594595,,
MLB,hist-oddsapi-a8949b2cdea105832c8e772f06f6b3b3,2025-06-14T20:11:00+00:00,2025-06-14T19:55:37+00:00,New York Mets,Tampa Bay Rays,0,2025-06-15T20:45:00+00:00,0.560301507538,0.560301507538,,
MLB,hist-oddsapi-cbde718f1388e26294c7adba0fcd8698,2025-06-14T20:11:00+00:00,2025-06-14T19:55:37+00:00,Houston Astros,Minnesota Twins,1,2025-06-15T21:00:00+00:00,0.482142857143,0.482142857143,,
MLB,hist-oddsapi-d063681b585115c88452a13326903cd4,2025-06-14T20:11:00+00:00,2025-06-14T19:55:37+00:00,Milwaukee Brewers,St. Louis Cardinals,1,2025-06-15T20:45:00+00:00,0.547979797980,0.547979797980,,
MLB,hist-oddsapi-f3874c2243da09d4fa7f10a5d9d1ea4c,2025-06-14T20:11:00+00:00,2025-06-14T19:55:37+00:00,Atlanta Braves,Colorado Rockies,0,2025-06-15T20:00:00+00:00,0.752380952381,0.752380952381,,
MLB,hist-oddsapi-bd68d362cd8b6212c83a5893afcb0f15,2025-06-14T23:16:00+00:00,2025-06-14T22:55:37+00:00,Arizona Diamondbacks,San Diego Padres,0,2025-06-15T22:30:00+00:00,0.598039215686,0.598039215686,,
MLB,hist-oddsapi-e1b1fa3548cbebabbb404d08ba38864b,2025-06-14T23:16:00+00:00,2025-06-14T22:55:37+00:00,Boston Red Sox,New York Yankees,1,2025-06-15T02:00:00+00:00,0.395121951220,0.395121951220,,
MLB,hist-oddsapi-18c1d8f2550523fe89e83d2478611674,2025-06-15T01:41:00+00:00,2025-06-15T01:25:37+00:00,Seattle Mariners,Cleveland Guardians,1,2025-06-15T22:00:00+00:00,0.560301507538,0.560301507538,,
MLB,hist-oddsapi-63f7d455dcdf7b212bef599f2a19cc9d,2025-06-15T02:11:00+00:00,2025-06-15T01:55:37+00:00,Los Angeles Dodgers,San Francisco Giants,1,2025-06-16T02:00:00+00:00,0.618357487923,0.618357487923,,
MLB,hist-oddsapi-02963f093cc9cf5ff7c8b72e0b265ebe,2025-06-15T17:36:00+00:00,2025-06-15T17:25:37+00:00,Washington Nationals,Miami Marlins,0,2025-06-15T20:30:00+00:00,0.587654320988,0.587654320988,,
MLB,hist-oddsapi-44b84f910c5ab8b6323d8fcc03e69477,2025-06-16T22:41:00+00:00,2025-06-16T22:25:37+00:00,Miami Marlins,Philadelphia Phillies,0,2025-06-17T01:30:00+00:00,0.492346938776,0.492346938776,,
MLB,hist-oddsapi-4f704702fabeaa11850683f4b764f5b6,2025-06-16T22:46:00+00:00,2025-06-16T22:25:37+00:00,Washington Nationals,Colorado Rockies,0,2025-06-18T01:00:00+00:00,0.601466992665,0.601466992665,,
MLB,hist-oddsapi-f8b977a9a45a2c67182143d2a0294726,2025-06-16T23:05:00+00:00,2025-06-16T22:55:37+00:00,New York Yankees,Los Angeles Angels,0,2025-06-17T03:15:00+00:00,0.631828978622,0.631828978622,,
MLB,hist-oddsapi-0b3a7486beed303615952ef58e7bd8d4,2025-06-16T23:36:00+00:00,2025-06-16T23:25:37+00:00,Tampa Bay Rays,Baltimore Orioles,1,2025-06-17T01:45:00+00:00,0.507653061224,0.507653061224,,
MLB,hist-oddsapi-60778e6618fc47da3c988e91ced39524,2025-06-17T01:41:00+00:00,2025-06-17T01:25:37+00:00,Seattle Mariners,Boston Red Sox,1,2025-06-18T03:30:00+00:00,0.611650485437,0.611650485437,,
MLB,hist-oddsapi-8226c5cdea617fd92569663cd9242cde,2025-06-17T02:06:00+00:00,2025-06-17T01:55:37+00:00,Oakland Athletics,Houston Astros,0,2025-06-18T04:00:00+00:00,0.488549618321,0.488549618321,,
MLB,hist-oddsapi-66057d172d66d1e51aa7e2b418502262,2025-06-17T22:41:00+00:00,2025-06-17T22:25:37+00:00,Detroit Tigers,Pittsburgh Pirates,1,2025-06-18T01:00:00+00:00,0.654377880184,0.654377880184,,
MLB,hist-oddsapi-428599146319ec6287a9c65f553f0088,2025-06-17T23:08:00+00:00,2025-06-17T22:55:37+00:00,Toronto Blue Jays,Arizona Diamondbacks,1,2025-06-19T01:30:00+00:00,0.542929292929,0.542929292929,,
MLB,hist-oddsapi-97f8d1507e13f94f32faf220a88646f0,2025-06-17T23:11:00+00:00,2025-06-17T22:55:37+00:00,Cincinnati Reds,Minnesota Twins,1,2025-06-19T04:45:00+00:00,0.536708860759,0.536708860759,,
MLB,hist-oddsapi-a7d5512f12c4b54cfe7a48eb6a43f277,2025-06-17T23:16:00+00:00,2025-06-17T22:55:37+00:00,Atlanta Braves,New York Mets,1,2025-06-19T01:30:00+00:00,0.560301507538,0.560301507538,,
MLB,hist-oddsapi-e49e52514b164804a09ef8430f87aa29,2025-06-17T23:36:00+00:00,2025-06-17T23:25:37+00:00,Tampa Bay Rays,Baltimore Orioles,1,2025-06-19T02:30:00+00:00,0.497448979592,0.497448979592,,
MLB,hist-oddsapi-392abe6f0c436507e09c7a82536dcc97,2025-06-17T23:41:00+00:00,2025-06-17T23:25:37+00:00,Chicago White Sox,St. Louis Cardinals,0,2025-06-18T01:45:00+00:00,0.461928934010,0.461928934010,,
MLB,hist-oddsapi-842c5e1f58ce51fde37d506f4071fb8b,2025-06-18T00:06:00+00:00,2025-06-17T23:55:37+00:00,Chicago Cubs,Milwaukee Brewers,1,2025-06-18T02:45:00+00:00,0.591133004926,0.591133004926,,
MLB,hist-oddsapi-ec60f7b68e60e8207ece546e88c842c7,2025-06-18T00:06:00+00:00,2025-06-17T23:55:37+00:00,Texas Rangers,Kansas City Royals,0,2025-06-18T02:30:00+00:00,0.538071065990,0.538071065990,,
MLB,hist-oddsapi-9f04d0349d5ac6878f09f72590a19393,2025-06-18T02:06:00+00:00,2025-06-18T01:55:37+00:00,Oakland Athletics,Houston Astros,0,2025-06-19T04:15:00+00:00,0.464467005076,0.464467005076,,
MLB,hist-oddsapi-12d3ca13507c195b69778d93186ddd80,2025-06-18T22:40:00+00:00,2025-06-18T22:25:37+00:00,Miami Marlins,Philadelphia Phillies,0,2025-06-20T02:45:00+00:00,0.375598086124,0.375598086124,,
MLB,hist-oddsapi-be5c5a9d9d9715b9daf75e0336adcef2,2025-06-18T22:41:00+00:00,2025-06-18T20:55:37+00:00,Detroit Tigers,Pittsburgh Pirates,1,2025-06-19T19:15:00+00:00,0.727087576375,0.727087576375,,
MLB,hist-oddsapi-6f36a7f7dde65de5ee0967af56afe50a,2025-06-18T22:46:00+00:00,2025-06-18T22:25:37+00:00,Washington Nationals,Colorado Rockies,1,2025-06-19T20:00:00+00:00,0.584158415842,0.584158415842,,
MLB,hist-oddsapi-dcefa479d98edef11bdecf1c95ee4995,2025-06-18T23:06:00+00:00,2025-06-18T22:55:37+00:00,New York Yankees,Los Angeles Angels,1,2025-06-19T20:15:00+00:00,0.692810457516,0.692810457516,,
MLB,hist-oddsapi-d9a12be20d17aeb8de950b8ab61536b8,2025-06-18T23:11:00+00:00,2025-06-18T22:55:37+00:00,Cincinnati Reds,Minnesota Twins,0,2025-06-19T19:15:00+00:00,0.547979797980,0.547979797980,,
MLB,hist-oddsapi-68988b11505604d82e3004510855c8da,2025-06-18T23:16:00+00:00,2025-06-18T22:55:37+00:00,Atlanta Braves,New York Mets,1,2025-06-20T01:45:00+00:00,0.649651972158,0.649651972158,,
MLB,hist-oddsapi-7f345743cbd7ffe2c8df3a46ade3a193,2025-06-18T23:36:00+00:00,2025-06-18T23:25:37+00:00,Tampa Bay Rays,Baltimore Orioles,0,2025-06-20T02:45:00+00:00,0.524173027990,0.524173027990,,
MLB,hist-oddsapi-571621d20755d75332ea956706980c3d,2025-06-18T23:41:00+00:00,2025-06-18T21:55:37+00:00,Chicago White Sox,St. Louis Cardinals,0,2025-06-19T21:15:00+00:00,0.391727493917,0.391727493917,,
MLB,hist-oddsapi-e6093b07401724aa4a1121efda4a6e9a,2025-06-19T00:06:00+00:00,2025-06-18T23:55:37+00:00,Texas Rangers,Kansas City Royals,0,2025-06-19T21:00:00+00:00,0.448362720403,0.448362720403,,
MLB,hist-oddsapi-546887fd811dfaba2da31899c00e3ab7,2025-06-20T18:21:00+00:00,2025-06-20T17:55:37+00:00,Chicago Cubs,Seattle Mariners,0,2025-06-20T22:15:00+00:00,0.562814070352,0.562814070352,,
MLB,hist-oddsapi-394d0ade265d12771303adcabcbf216c,2025-06-20T22:41:00+00:00,2025-06-20T22:25:37+00:00,Pittsburgh Pirates,Texas Rangers,0,2025-06-21T22:45:00+00:00,0.377403846154,0.377403846154,,
MLB,hist-oddsapi-1f2651cdb92eb35e4b6cf022e6482881,2025-06-20T23:06:00+00:00,2025-06-20T22:55:37+00:00,New York Yankees,Baltimore Orioles,1,2025-06-21T18:45:00+00:00,0.740157480315,0.740157480315,,
MLB,hist-oddsapi-f95d0f987afd50e2f89bbe8324ecad78,2025-06-20T23:06:00+00:00,2025-06-20T22:55:37+00:00,Tampa Bay Rays,Detroit Tigers,1,2025-06-21T02:45:00+00:00,0.492346938776,0.492346938776,,
MLB,hist-oddsapi-96c90dbdcd3e4c57026d1405abc4939b,2025-06-20T23:07:00+00:00,2025-06-20T22:55:37+00:00,Toronto Blue Jays,Chicago White Sox,1,2025-06-21T21:15:00+00:00,0.632701421801,0.632701421801,,
MLB,hist-oddsapi-e2d7b04710298e093ce620c8075d6e30,2025-06-20T23:11:00+00:00,2025-06-20T22:55:37+00:00,Miami Marlins,Atlanta Braves,1,2025-06-21T01:45:00+00:00,0.409876543210,0.409876543210,,
MLB,hist-oddsapi-4b8ab59d390cde574ed5837d3aaa9591,2025-06-20T23:15:00+00:00,2025-06-20T22:55:37+00:00,Philadelphia Phillies,New York Mets,1,2025-06-21T02:00:00+00:00,0.635933806147,0.635933806147,,
MLB,hist-oddsapi-e6e01535f4a6b4ebba80e77a3992fad0,2025-06-20T23:16:00+00:00,2025-06-20T22:55:37+00:00,St. Louis Cardinals,Cincinnati Reds,1,2025-06-21T01:45:00+00:00,0.568922305764,0.568922305764,,
MLB,hist-oddsapi-ec73fd05a460d50471cee186b7099e4d,2025-06-21T00:11:00+00:00,2025-06-20T23:55:37+00:00,Minnesota Twins,Milwaukee Brewers,0,2025-06-21T02:45:00+00:00,0.584158415842,0.584158415842,,
MLB,hist-oddsapi-fbb0b04f21b6eb5d9f2f846c7dd4392c,2025-06-21T00:41:00+00:00,2025-06-21T00:25:37+00:00,Colorado Rockies,Arizona Diamondbacks,0,2025-06-21T03:15:00+00:00,0.412345679012,0.412345679012,,
MLB,hist-oddsapi-82da2158733f97dcf7885ea509e6fb65,2025-06-21T01:39:00+00:00,2025-06-21T01:25:37+00:00,Los Angeles Angels,Houston Astros,1,2025-06-22T03:30:00+00:00,0.394160583942,0.394160583942,,
MLB,hist-oddsapi-fd7a17829695c95ef5186babd95b1dbb,2025-06-21T01:41:00+00:00,2025-06-21T01:25:37+00:00,San Diego Padres,Kansas City Royals,1,2025-06-22T01:45:00+00:00,0.608272506083,0.608272506083,,
MLB,hist-oddsapi-b4d79781729f5af379479c36b65119ff,2025-06-21T02:05:00+00:00,2025-06-21T01:55:37+00:00,Oakland Athletics,Cleveland Guardians,1,2025-06-21T04:15:00+00:00,0.469543147208,0.469543147208,,
MLB,hist-oddsapi-59bdff7006cd4b932e0bc237a8fd2795,2025-06-21T02:11:00+00:00,2025-06-21T01:55:37+00:00,Los Angeles Dodgers,Washington Nationals,0,2025-06-22T06:15:00+00:00,0.622596153846,0.622596153846,,
MLB,hist-oddsapi-b19c24f21138ea55906a9294b7059b0d,2025-06-21T16:11:00+00:00,2025-06-21T15:55:37+00:00,Tampa Bay Rays,Detroit Tigers,0,2025-06-22T18:45:00+00:00,0.562814070352,0.562814070352,,
MLB,hist-oddsapi-05bf94fb854222d8b0485b964035a325,2025-06-21T18:21:00+00:00,2025-06-21T17:55:37+00:00,Chicago Cubs,Seattle Mariners,0,2025-06-22T21:00:00+00:00,0.608272506083,0.608272506083,,
MLB,hist-oddsapi-ccb10d605ebd7a34c0ed5f9aa7f3f311,2025-06-21T20:06:00+00:00,2025-06-21T19:55:37+00:00,Pittsburgh Pirates,Texas Rangers,1,2025-06-22T20:15:00+00:00,0.505102040816,0.505102040816,,
MLB,hist-oddsapi-9fbc30f2e20f6fa170eb2e400847e9d2,2025-06-21T23:16:00+00:00,2025-06-21T22:55:37+00:00,Philadelphia Phillies,New York Mets,1,2025-06-23T01:30:00+00:00,0.469543147208,0.469543147208,,
MLB,hist-oddsapi-48b5cc44e2634bf12247d33bc3f07cc6,2025-06-22T01:39:00+00:00,2025-06-22T01:25:37+00:00,Los Angeles Angels,Houston Astros,0,2025-06-22T23:00:00+00:00,0.532994923858,0.532994923858,,
MLB,hist-oddsapi-1e525e9f5bf0beb955c4c99cdf8b03b4,2025-06-22T02:11:00+00:00,2025-06-22T01:55:37+00:00,Los Angeles Dodgers,Washington Nationals,1,2025-06-22T22:30:00+00:00,0.713987473904,0.713987473904,,
MLB,hist-oddsapi-e15cce2ca6857d6d2752a00183b6153f,2025-06-23T22:36:00+00:00,2025-06-23T22:25:37+00:00,Baltimore Orioles,Texas Rangers,1,2025-06-24T00:30:00+00:00,0.536708860759,0.536708860759,,
MLB,hist-oddsapi-5e6a4ec786f4c72b8b7636e89299034e,2025-06-23T23:40:00+00:00,2025-06-23T23:25:37+00:00,Milwaukee Brewers,Pittsburgh Pirates,1,2025-06-25T02:15:00+00:00,0.616867469880,0.616867469880,,
MLB,hist-oddsapi-2e77505dbddb6a94b7cac6fcb2ba602f,2025-06-23T23:41:00+00:00,2025-06-23T23:25:37+00:00,Chicago White Sox,Arizona Diamondbacks,0,2025-06-24T01:15:00+00:00,0.442211055276,0.442211055276,,
MLB,hist-oddsapi-4bd5b122a65da8b263bbc403dc67cecc,2025-06-23T23:41:00+00:00,2025-06-23T23:25:37+00:00,Minnesota Twins,Seattle Mariners,0,2025-06-24T02:00:00+00:00,0.457070707071,0.457070707071,,
MLB,hist-oddsapi-a6af4156d8c113e8161d35ad4d5bd8c4,2025-06-23T23:46:00+00:00,2025-06-23T23:25:37+00:00,St. Louis Cardinals,Chicago Cubs,1,2025-06-24T01:45:00+00:00,0.473282442748,0.473282442748,,
MLB,hist-oddsapi-ab442f2d5d661442a92214eea40f9d68,2025-06-24T01:38:00+00:00,2025-06-24T01:25:37+00:00,Los Angeles Angels,Boston Red Sox,1,2025-06-24T04:30:00+00:00,0.491094147583,0.491094147583,,
MLB,hist-oddsapi-fc795e8581fc2ec2fdac062b5bb2a041,2025-06-24T01:41:00+00:00,2025-06-24T01:25:37+00:00,San Diego Padres,Washington Nationals,0,2025-06-24T04:30:00+00:00,0.623501199041,0.623501199041,,
MLB,hist-oddsapi-879257082972d7f1394ca16b6967e9bf,2025-06-24T22:36:00+00:00,2025-06-24T22:25:37+00:00,Baltimore Orioles,Texas Rangers,0,2025-06-26T00:30:00+00:00,0.532994923858,0.532994923858,,
MLB,hist-oddsapi-134ecc73da813e759c8307a13d512b9c,2025-06-24T22:41:00+00:00,2025-06-24T22:25:37+00:00,Cleveland Guardians,Toronto Blue Jays,0,2025-06-25T01:45:00+00:00,0.457070707071,0.457070707071,,
MLB,hist-oddsapi-700c8c1a9090b9fd499203d3780763f8,2025-06-24T22:41:00+00:00,2025-06-24T22:25:37+00:00,Detroit Tigers,Oakland Athletics,1,2025-06-25T02:30:00+00:00,0.740157480315,0.740157480315,,
MLB,hist-oddsapi-4cdbd3f9f14999bf72fad22939db855c,2025-06-24T23:11:00+00:00,2025-06-24T22:55:37+00:00,Cincinnati Reds,New York Yankees,0,2025-06-26T01:45:00+00:00,0.395121951220,0.395121951220,,
MLB,hist-oddsapi-e0d7b8b2f74d608b42aa7e7f0536a5b4,2025-06-24T23:11:00+00:00,2025-06-24T22:55:37+00:00,New York Mets,Atlanta Braves,1,2025-06-26T01:15:00+00:00,0.448362720403,0.448362720403,,
MLB,hist-oddsapi-cde0de2d7a1b718f6225f54d431d3b5b,2025-06-24T23:41:00+00:00,2025-06-24T23:25:37+00:00,Kansas City Royals,Tampa Bay Rays,0,2025-06-25T01:45:00+00:00,0.570000000000,0.570000000000,,
MLB,hist-oddsapi-cc612253cf211e1e0a3b39725f3ba828,2025-06-24T23:46:00+00:00,2025-06-24T23:25:37+00:00,St. Louis Cardinals,Chicago Cubs,0,2025-06-26T01:30:00+00:00,0.492346938776,0.492346938776,,
MLB,hist-oddsapi-e346cd6f3b02c5abef33231d58428984,2025-06-25T00:41:00+00:00,2025-06-25T00:25:37+00:00,Colorado Rockies,Los Angeles Dodgers,0,2025-06-26T04:15:00+00:00,0.307189542484,0.307189542484,,
MLB,hist-oddsapi-d893be2d3acf8c365a65051634a0dee1,2025-06-25T01:45:00+00:00,2025-06-25T01:25:37+00:00,San Francisco Giants,Miami Marlins,0,2025-06-26T04:45:00+00:00,0.609223300971,0.609223300971,,
MLB,hist-oddsapi-92f6eefd4b396f0a3a5e466a37e75fe6,2025-06-25T22:40:00+00:00,2025-06-25T22:25:37+00:00,Cleveland Guardians,Toronto Blue Jays,0,2025-06-26T19:45:00+00:00,0.524173027990,0.524173027990,,
MLB,hist-oddsapi-99c18957b17e2f57c61d4cfe0dcbb5d6,2025-06-25T22:40:00+00:00,2025-06-25T22:25:37+00:00,Detroit Tigers,Oakland Athletics,1,2025-06-26T19:15:00+00:00,0.620192307692,0.620192307692,,
MLB,hist-oddsapi-916954b6348bb4701badb6ed6608ecab,2025-06-25T23:10:00+00:00,2025-06-25T22:55:37+00:00,New York Mets,Atlanta Braves,1,2025-06-27T01:45:00+00:00,0.562814070352,0.562814070352,,
MLB,hist-oddsapi-0cdc784258183116252ac5d1378951d3,2025-06-25T23:40:00+00:00,2025-06-25T23:25:37+00:00,Kansas City Royals,Tampa Bay Rays,0,2025-06-26T20:45:00+00:00,0.452020202020,0.452020202020,,
MLB,hist-oddsapi-1004e08c5efe2712a92790193905bdf1,2025-06-25T23:40:00+00:00,2025-06-25T23:25:37+00:00,Minnesota Twins,Seattle Mariners,1,2025-06-26T23:30:00+00:00,0.521628498728,0.521628498728,,
MLB,hist-oddsapi-8455e11d3c0a0a9bfbb06a22612bec32,2025-06-26T01:45:00+00:00,2025-06-26T01:25:37+00:00,San Francisco Giants,Miami Marlins,0,2025-06-26T22:15:00+00:00,0.665909090909,0.665909090909,,
MLB,hist-oddsapi-cfb8b81b2fde1775b7b96fdc32e297f3,2025-06-27T22:41:00+00:00,2025-06-27T22:25:37+00:00,Pittsburgh Pirates,New York Mets,1,2025-06-29T00:15:00+00:00,0.439698492462,0.439698492462,,
MLB,hist-oddsapi-a6398993c784caadca64489f7342c7c6,2025-06-27T23:06:00+00:00,2025-06-27T22:55:37+00:00,Baltimore Orioles,Tampa Bay Rays,0,2025-06-28T22:30:00+00:00,0.460759493671,0.460759493671,,
MLB,hist-oddsapi-ee4ad26c2672cffca97a80d9d8a60111,2025-06-27T23:06:00+00:00,2025-06-27T22:55:37+00:00,New York Yankees,Oakland Athletics,1,2025-06-28T01:30:00+00:00,0.694805194805,0.694805194805,,
MLB,hist-oddsapi-53cb1e3d9828af4905391a59c6f7c01e,2025-06-27T23:11:00+00:00,2025-06-27T22:55:37+00:00,Cincinnati Reds,San Diego Padres,1,2025-06-28T01:00:00+00:00,0.455696202532,0.455696202532,,
MLB,hist-oddsapi-89aa0c0da04e3c14ad6f03308a13cc34,2025-06-27T23:11:00+00:00,2025-06-27T22:55:37+00:00,Detroit Tigers,Minnesota Twins,1,2025-06-28T19:30:00+00:00,0.556675062972,0.556675062972,,
MLB,hist-oddsapi-a811f97572ba40018be645131f6a57c8,2025-06-27T23:11:00+00:00,2025-06-27T22:55:37+00:00,Boston Red Sox,Toronto Blue Jays,1,2025-06-28T22:15:00+00:00,0.529262086514,0.529262086514,,
MLB,hist-oddsapi-a826ebfb5b3af5f3fd64b9d4bfee3bf2,2025-06-27T23:11:00+00:00,2025-06-27T22:55:37+00:00,Cleveland Guardians,St. Louis Cardinals,0,2025-06-28T01:15:00+00:00,0.459390862944,0.459390862944,,
MLB,hist-oddsapi-bdf1f38327c8a5d2f9c61434b474ccf8,2025-06-27T23:16:00+00:00,2025-06-27T22:55:37+00:00,Atlanta Braves,Philadelphia Phillies,1,2025-06-29T01:30:00+00:00,0.619277108434,0.619277108434,,
MLB,hist-oddsapi-7489c6f8c8551f02615758dcae1afdac,2025-06-28T00:10:00+00:00,2025-06-27T23:55:38+00:00,Kansas City Royals,Los Angeles Dodgers,1,2025-06-28T22:15:00+00:00,0.407407407407,0.407407407407,,
MLB,hist-oddsapi-9e545389ca8028ac891e7da277261a4e,2025-06-28T00:10:00+00:00,2025-06-27T23:55:38+00:00,Houston Astros,Chicago Cubs,1,2025-06-28T02:30:00+00:00,0.524173027990,0.524173027990,,
MLB,hist-oddsapi-b486653bb1b761b951af119e4ce91bac,2025-06-28T00:11:00+00:00,2025-06-27T23:55:38+00:00,Milwaukee Brewers,Colorado Rockies,1,2025-06-28T22:15:00+00:00,0.645687645688,0.645687645688,,
MLB,hist-oddsapi-66b3deadcf58987b4787f5972be173e0,2025-06-28T01:38:00+00:00,2025-06-28T01:25:37+00:00,Los Angeles Angels,Washington Nationals,0,2025-06-28T04:45:00+00:00,0.604878048780,0.604878048780,,
MLB,hist-oddsapi-f280ae24da1264d721861cf447647b5c,2025-06-28T19:11:00+00:00,2025-06-28T18:55:37+00:00,Kansas City Royals,Los Angeles Dodgers,0,2025-06-29T21:30:00+00:00,0.408866995074,0.408866995074,,
MLB,hist-oddsapi-caf6a22d844f20e467d7fa37a22ef4b3,2025-06-28T20:05:00+00:00,2025-06-28T19:55:38+00:00,Pittsburgh Pirates,New York Mets,1,2025-06-29T19:45:00+00:00,0.443324937028,0.443324937028,,
MLB,hist-oddsapi-4499fee9fead35705c0079b29a558097,2025-06-28T20:11:00+00:00,2025-06-28T19:55:38+00:00,Arizona Diamondbacks,Miami Marlins,0,2025-06-29T23:15:00+00:00,0.594594594595,0.594594594595,,
MLB,hist-oddsapi-c2aebcf293311c4da48130ee7add97db,2025-06-28T20:11:00+00:00,2025-06-28T19:55:38+00:00,Cleveland Guardians,St. Louis Cardinals,0,2025-06-29T18:30:00+00:00,0.529262086514,0.529262086514,,
MLB,hist-oddsapi-1f9f25e572a0132808b6a1c946454710,2025-06-28T23:15:00+00:00,2025-06-28T22:55:38+00:00,Atlanta Braves,Philadelphia Phillies,0,2025-06-29T21:15:00+00:00,0.616867469880,0.616867469880,,
MLB,hist-oddsapi-66f862f35a425b3f42ef61cffead53d7,2025-06-28T23:16:00+00:00,2025-06-28T22:55:38+00:00,Houston Astros,Chicago Cubs,1,2025-06-29T20:45:00+00:00,0.505102040816,0.505102040816,,
MLB,hist-oddsapi-248fcdb078efded16f8751b47502fa06,2025-06-29T01:39:00+00:00,2025-06-29T01:25:37+00:00,Los Angeles Angels,Washington Nationals,0,2025-06-29T23:30:00+00:00,0.513994910941,0.513994910941,,
MLB,hist-oddsapi-21088d9bea317fdc388a593922262e5a,2025-06-29T17:36:00+00:00,2025-06-29T17:25:37+00:00,New York Yankees,Oakland Athletics,1,2025-06-29T19:00:00+00:00,0.653579676674,0.653579676674,,
MLB,hist-oddsapi-b13b2f7f2ac839a25206cd275d505723,2025-06-30T22:31:00+00:00,2025-06-30T22:25:37+00:00,Philadelphia Phillies,San Diego Padres,1,2025-07-01T01:00:00+00:00,0.689956331878,0.689956331878,,
MLB,hist-oddsapi-a67e67200398a1a93a52d7661c26ef2e,2025-06-30T22:41:00+00:00,2025-06-30T22:25:37+00:00,Pittsburgh Pirates,St. Louis Cardinals,1,2025-07-01T01:45:00+00:00,0.513994910941,0.513994910941,,
MLB,hist-oddsapi-3948fbda49d7aaf8cc653b2767e01bab,2025-06-30T23:08:00+00:00,2025-06-30T22:55:37+00:00,Toronto Blue Jays,New York Yankees,1,2025-07-01T22:15:00+00:00,0.443324937028,0.443324937028,,
MLB,hist-oddsapi-e6576ee83b1dd0a421f903ecd1439cd0,2025-06-30T23:11:00+00:00,2025-06-30T22:55:37+00:00,Boston Red Sox,Cincinnati Reds,1,2025-07-01T01:30:00+00:00,0.609223300971,0.609223300971,,
MLB,hist-oddsapi-78a1c37a4790906908747eca68346db8,2025-06-30T23:36:00+00:00,2025-06-30T23:25:37+00:00,Tampa Bay Rays,Oakland Athletics,0,2025-07-02T04:00:00+00:00,0.615942028986,0.615942028986,,
MLB,hist-oddsapi-4a15791ca063882962da98916e2a299e,2025-07-01T00:06:00+00:00,2025-06-30T23:55:38+00:00,Texas Rangers,Baltimore Orioles,1,2025-07-02T04:00:00+00:00,0.492346938776,0.492346938776,,
MLB,hist-oddsapi-328ef5ad25957c2c1d5ed018e22fea20,2025-07-01T01:41:00+00:00,2025-07-01T01:25:38+00:00,Seattle Mariners,Kansas City Royals,1,2025-07-01T04:00:00+00:00,0.593596059113,0.593596059113,,
MLB,hist-oddsapi-dc5ff1aa459c684b257cf7bd1a79e941,2025-07-01T01:41:00+00:00,2025-07-01T01:25:38+00:00,Arizona Diamondbacks,San Francisco Giants,1,2025-07-02T03:45:00+00:00,0.417910447761,0.417910447761,,
MLB,hist-oddsapi-1b6b4644becdd32e8e3c165ad2e76bc6,2025-07-01T22:30:00+00:00,2025-07-01T19:55:37+00:00,Philadelphia Phillies,San Diego Padres,1,2025-07-03T00:45:00+00:00,0.594594594595,0.594594594595,,
MLB,hist-oddsapi-463df2d107d48fbb600adb9d0f6563a3,2025-07-01T22:40:00+00:00,2025-07-01T22:25:38+00:00,Pittsburgh Pirates,St. Louis Cardinals,1,2025-07-02T18:30:00+00:00,0.583126550868,0.583126550868,,
MLB,hist-oddsapi-4098e4d4f4b73f31f90f1c1125b3afe3,2025-07-01T22:45:00+00:00,2025-07-01T20:25:37+00:00,Washington Nationals,Detroit Tigers,1,2025-07-03T01:30:00+00:00,0.409876543210,0.409876543210,,
MLB,hist-oddsapi-079a194e0f0cc15b9f64fb895b944f4b,2025-07-01T23:10:00+00:00,2025-07-01T20:55:38+00:00,New York Mets,Milwaukee Brewers,1,2025-07-03T02:00:00+00:00,0.557788944724,0.557788944724,,
MLB,hist-oddsapi-2ea439034c34af5096638d1ce8e9106d,2025-07-01T23:15:00+00:00,2025-07-01T22:55:38+00:00,Atlanta Braves,Los Angeles Angels,0,2025-07-02T04:00:00+00:00,0.643192488263,0.643192488263,,
MLB,hist-oddsapi-092f744db7cfd6008f4d6196cb49c49e,2025-07-02T00:05:00+00:00,2025-07-01T23:55:38+00:00,Chicago Cubs,Cleveland Guardians,1,2025-07-02T02:30:00+00:00,0.640845070423,0.640845070423,,
MLB,hist-oddsapi-5380c17195459f1753676ad232f1cac4,2025-07-02T00:05:00+00:00,2025-07-01T23:55:38+00:00,Texas Rangers,Baltimore Orioles,1,2025-07-03T01:45:00+00:00,0.625899280576,0.625899280576,,
MLB,hist-oddsapi-4b8db063a5ed1f0ab876c04b2909b64f,2025-07-02T00:40:00+00:00,2025-07-02T00:25:38+00:00,Colorado Rockies,Houston Astros,0,2025-07-02T04:00:00+00:00,0.436090225564,0.436090225564,,
MLB,hist-oddsapi-943cb20cfe89667c526872bd3c558cf7,2025-07-02T01:40:00+00:00,2025-07-02T01:25:37+00:00,Seattle Mariners,Kansas City Royals,1,2025-07-03T05:30:00+00:00,0.551637279597,0.551637279597,,
MLB,hist-oddsapi-42ba15953072510b555b6ce094486273,2025-07-02T02:10:00+00:00,2025-07-02T01:55:38+00:00,Los Angeles Dodgers,Chicago White Sox,1,2025-07-02T03:45:00+00:00,0.755681818182,0.755681818182,,
MLB,hist-oddsapi-e678b04e901c1d304a204c26850df1d3,2025-07-02T22:40:00+00:00,2025-07-02T22:25:37+00:00,Miami Marlins,Minnesota Twins,1,2025-07-03T20:00:00+00:00,0.473282442748,0.473282442748,,
MLB,hist-oddsapi-961ce339122ec222aba03b7b1d46a32f,2025-07-02T23:07:00+00:00,2025-07-02T22:55:37+00:00,Toronto Blue Jays,New York Yankees,1,2025-07-03T02:15:00+00:00,0.465648854962,0.465648854962,,
MLB,hist-oddsapi-49ae0a9aac3552a94557c68996e029e7,2025-07-02T23:15:00+00:00,2025-07-02T22:55:37+00:00,Atlanta Braves,Los Angeles Angels,0,2025-07-04T01:30:00+00:00,0.570000000000,0.570000000000,,
MLB,hist-oddsapi-d8e1074c762d2fcad4598334f23c9f52,2025-07-03T00:40:00+00:00,2025-07-03T00:25:38+00:00,Colorado Rockies,Houston Astros,1,2025-07-03T22:00:00+00:00,0.291754756871,0.291754756871,,
MLB,hist-oddsapi-17189d6293e5b4eb93ed1431a6f312d6,2025-07-03T01:40:00+00:00,2025-07-03T01:25:38+00:00,Arizona Diamondbacks,San Francisco Giants,0,2025-07-04T03:45:00+00:00,0.568922305764,0.568922305764,,
MLB,hist-oddsapi-65660f408127af445e7db0a6e01c94ee,2025-07-03T02:10:00+00:00,2025-07-03T01:55:38+00:00,Los Angeles Dodgers,Chicago White Sox,1,2025-07-04T04:30:00+00:00,0.746124031008,0.746124031008,,
MLB,hist-oddsapi-0a71aa25c5a06a81d5fface3760c6f03,2025-07-04T15:06:00+00:00,2025-07-04T14:55:38+00:00,Washington Nationals,Boston Red Sox,0,2025-07-04T16:45:00+00:00,0.488549618321,0.488549618321,,
MLB,hist-oddsapi-50b5f2bcae9e3857956d97b32a450346,2025-07-04T17:06:00+00:00,2025-07-04T16:55:37+00:00,Philadelphia Phillies,Cincinnati Reds,0,2025-07-04T20:15:00+00:00,0.586633663366,0.586633663366,,
MLB,hist-oddsapi-1ab8d1ee4a6057da8977923a8b5ecb58,2025-07-04T18:21:00+00:00,2025-07-04T17:55:38+00:00,Chicago Cubs,St. Louis Cardinals,0,2025-07-05T21:45:00+00:00,0.557788944724,0.557788944724,,
MLB,hist-oddsapi-88a1531c9ed483232974d46320dd1cbf,2025-07-04T20:11:00+00:00,2025-07-04T19:55:37+00:00,Minnesota Twins,Tampa Bay Rays,1,2025-07-05T01:15:00+00:00,0.524173027990,0.524173027990,,
MLB,hist-oddsapi-f0e766003c8e7aa2cbe1e077d6af5508,2025-07-04T20:11:00+00:00,2025-07-04T19:55:37+00:00,Seattle Mariners,Pittsburgh Pirates,1,2025-07-04T22:15:00+00:00,0.612590799031,0.612590799031,,
MLB,hist-oddsapi-27bb72db4e5491c65573d260ff6425c3,2025-07-04T23:08:00+00:00,2025-07-04T22:55:38+00:00,Toronto Blue Jays,Los Angeles Angels,1,2025-07-05T22:30:00+00:00,0.568922305764,0.568922305764,,
MLB,hist-oddsapi-3f9e726575e9cdd999a67f15bfcef5d7,2025-07-04T23:11:00+00:00,2025-07-04T22:55:38+00:00,Cleveland Guardians,Detroit Tigers,0,2025-07-05T02:00:00+00:00,0.469543147208,0.469543147208,,
MLB,hist-oddsapi-9c78c7169eac4ace6c9d3fe6be9a458c,2025-07-04T23:11:00+00:00,2025-07-04T22:55:38+00:00,Miami Marlins,Milwaukee Brewers,1,2025-07-05T22:45:00+00:00,0.443324937028,0.443324937028,,
MLB,hist-oddsapi-64d16ffeb626ab9ad62cf5e2bb4de155,2025-07-04T23:16:00+00:00,2025-07-04T22:55:38+00:00,Atlanta Braves,Baltimore Orioles,0,2025-07-05T23:30:00+00:00,0.628571428571,0.628571428571,,
MLB,hist-oddsapi-96c692dc5328fc7fdc499c6a211c5844,2025-07-05T01:41:00+00:00,2025-07-05T01:25:38+00:00,Arizona Diamondbacks,Kansas City Royals,1,2025-07-05T22:30:00+00:00,0.511450381679,0.511450381679,,
MLB,hist-oddsapi-0ef6aeabc52167f6cf36201c3a7a9939,2025-07-05T02:06:00+00:00,2025-07-05T01:55:38+00:00,Oakland Athletics,San Francisco Giants,1,2025-07-05T04:00:00+00:00,0.502551020408,0.502551020408,,
MLB,hist-oddsapi-f419d8e9c58162f8438267e823f31f6a,2025-07-05T18:11:00+00:00,2025-07-05T17:55:37+00:00,Minnesota Twins,Tampa Bay Rays,0,2025-07-06T21:15:00+00:00,0.519083969466,0.519083969466,,
MLB,hist-oddsapi-2f2c508b627f4f88aafef1742439fe1b,2025-07-05T20:06:00+00:00,2025-07-05T19:55:37+00:00,Philadelphia Phillies,Cincinnati Reds,1,2025-07-05T22:30:00+00:00,0.632701421801,0.632701421801,,
MLB,hist-oddsapi-bb72cd1add818c6bf68648ba08fa9ba5,2025-07-05T20:06:00+00:00,2025-07-05T19:55:37+00:00,Washington Nationals,Boston Red Sox,0,2025-07-06T20:45:00+00:00,0.482142857143,0.482142857143,,
MLB,hist-oddsapi-87ee9a84f9647f333d08acccfb1fb139,2025-07-05T20:11:00+00:00,2025-07-05T19:55:37+00:00,New York Mets,New York Yankees,1,2025-07-05T22:45:00+00:00,0.431077694236,0.431077694236,,
MLB,hist-oddsapi-931b692275abf1c3c3956b9f99e5ff64,2025-07-05T20:11:00+00:00,2025-07-05T19:55:37+00:00,Arizona Diamondbacks,Kansas City Royals,0,2025-07-06T22:30:00+00:00,0.541772151899,0.541772151899,,
MLB,hist-oddsapi-a124407c558a21eea81379bc951a8221,2025-07-05T23:16:00+00:00,2025-07-05T22:55:37+00:00,Cleveland Guardians,Detroit Tigers,0,2025-07-06T20:30:00+00:00,0.452020202020,0.452020202020,,
MLB,hist-oddsapi-f08f96bf9f01a363e19c3f4009641edc,2025-07-06T01:11:00+00:00,2025-07-06T00:55:37+00:00,Colorado Rockies,Chicago White Sox,0,2025-07-06T03:45:00+00:00,0.559193954660,0.559193954660,,
MLB,hist-oddsapi-172e4b20975aaa5fa3537758bc05cdf4,2025-07-06T02:06:00+00:00,2025-07-06T01:55:37+00:00,Oakland Athletics,San Francisco Giants,0,2025-07-07T04:30:00+00:00,0.375598086124,0.375598086124,,
MLB,hist-oddsapi-b5c7a5d7c8b514f9a2962c355346946d,2025-07-06T02:10:00+00:00,2025-07-06T01:55:37+00:00,Seattle Mariners,Pittsburgh Pirates,1,2025-07-06T04:30:00+00:00,0.604878048780,0.604878048780,,
MLB,hist-oddsapi-0228da0762968ce7fa21c469a5a2e8de,2025-07-06T22:11:00+00:00,2025-07-06T21:55:37+00:00,Chicago Cubs,St. Louis Cardinals,1,2025-07-07T01:00:00+00:00,0.665909090909,0.665909090909,,
MLB,hist-oddsapi-092982499c086275fede9384d35b744c,2025-07-07T22:41:00+00:00,2025-07-07T22:25:37+00:00,Detroit Tigers,Tampa Bay Rays,1,2025-07-08T00:45:00+00:00,0.487244897959,0.487244897959,,
MLB,hist-oddsapi-393290ccb0ad2f1c26d8ab99820af9c7,2025-07-07T23:11:00+00:00,2025-07-07T22:55:37+00:00,Boston Red Sox,Colorado Rockies,1,2025-07-09T01:00:00+00:00,0.684326710817,0.684326710817,,
MLB,hist-oddsapi-764639ecf0d2b8cf9e5ccd9d090b4f81,2025-07-07T23:11:00+00:00,2025-07-07T22:55:37+00:00,Cincinnati Reds,Miami Marlins,0,2025-07-09T01:00:00+00:00,0.560301507538,0.560301507538,,
MLB,hist-oddsapi-5c0a8d6a40d63e26d32a1d99d089551f,2025-07-07T23:40:00+00:00,2025-07-07T23:25:37+00:00,Kansas City Royals,Pittsburgh Pirates,1,2025-07-09T02:00:00+00:00,0.575000000000,0.575000000000,,
MLB,hist-oddsapi-953d3f10901a75efe830627757c71034,2025-07-07T23:40:00+00:00,2025-07-07T23:25:37+00:00,Milwaukee Brewers,Los Angeles Dodgers,1,2025-07-08T01:30:00+00:00,0.445843828715,0.445843828715,,
MLB,hist-oddsapi-10661ed37cca42b5cb76128b7534e787,2025-07-07T23:41:00+00:00,2025-07-07T23:25:37+00:00,Chicago White Sox,Toronto Blue Jays,0,2025-07-09T02:15:00+00:00,0.401960784314,0.401960784314,,
MLB,hist-oddsapi-d1d8d0346a3ff337bf62fd53cd3994a8,2025-07-08T00:10:00+00:00,2025-07-07T23:55:37+00:00,Houston Astros,Cleveland Guardians,0,2025-07-09T03:30:00+00:00,0.538071065990,0.538071065990,,
MLB,hist-oddsapi-6a761dab4bb973e0b70f60c057d6723a,2025-07-08T01:38:00+00:00,2025-07-08T01:25:37+00:00,Los Angeles Angels,Texas Rangers,1,2025-07-08T15:45:00+00:00,0.443324937028,0.443324937028,,
MLB,hist-oddsapi-fad1f1e752f9a3f3f45f783335507367,2025-07-08T01:41:00+00:00,2025-07-08T01:25:37+00:00,San Diego Padres,Arizona Diamondbacks,1,2025-07-09T04:15:00+00:00,0.529262086514,0.529262086514,,
MLB,hist-oddsapi-2ac3fb47e2b288ebcf78495e3d586236,2025-07-08T01:46:00+00:00,2025-07-08T01:25:37+00:00,San Francisco Giants,Philadelphia Phillies,1,2025-07-09T04:30:00+00:00,0.443324937028,0.443324937028,,
MLB,hist-oddsapi-dea3ee8c8f5d6dcbfa7527d871dea0cf,2025-07-08T22:41:00+00:00,2025-07-08T22:25:38+00:00,Detroit Tigers,Tampa Bay Rays,0,2025-07-09T23:45:00+00:00,0.532994923858,0.532994923858,,
MLB,hist-oddsapi-62a6774a6b69a6d95fbfb368494d0cd1,2025-07-08T23:06:00+00:00,2025-07-08T22:55:37+00:00,New York Yankees,Seattle Mariners,1,2025-07-10T01:45:00+00:00,0.546835443038,0.546835443038,,
MLB,hist-oddsapi-0748214c880e6801eb325add29b5c834,2025-07-08T23:11:00+00:00,2025-07-08T22:55:37+00:00,Boston Red Sox,Colorado Rockies,1,2025-07-10T00:45:00+00:00,0.707627118644,0.707627118644,,
MLB,hist-oddsapi-0f5ad5bc6ca1a5481d3b56f230db8a63,2025-07-08T23:11:00+00:00,2025-07-08T22:55:37+00:00,Cincinnati Reds,Miami Marlins,1,2025-07-10T01:00:00+00:00,0.521628498728,0.521628498728,,
MLB,hist-oddsapi-7b8bb724326645b205449c0593f3e8ee,2025-07-08T23:40:00+00:00,2025-07-08T23:25:38+00:00,Minnesota Twins,Chicago Cubs,1,2025-07-09T01:45:00+00:00,0.449494949495,0.449494949495,,
MLB,hist-oddsapi-6f3b98abc658436ddb1f410fe47d99a2,2025-07-08T23:45:00+00:00,2025-07-08T23:25:38+00:00,St. Louis Cardinals,Washington Nationals,0,2025-07-10T02:00:00+00:00,0.680000000000,0.680000000000,,
MLB,hist-oddsapi-936946156614d757aba12c8e7082d1cf,2025-07-09T01:40:00+00:00,2025-07-09T01:25:38+00:00,San Diego Padres,Arizona Diamondbacks,0,2025-07-10T04:00:00+00:00,0.566416040100,0.566416040100,,
MLB,hist-oddsapi-48e4d17374fbfe8d28917090236d6d25,2025-07-09T01:45:00+00:00,2025-07-09T01:25:38+00:00,San Francisco Giants,Philadelphia Phillies,0,2025-07-09T21:45:00+00:00,0.595588235294,0.595588235294,,
MLB,hist-oddsapi-045849c9ae1c917c1a945959bc4d9812,2025-07-09T02:05:00+00:00,2025-07-09T01:55:37+00:00,Oakland Athletics,Atlanta Braves,0,2025-07-10T03:15:00+00:00,0.511450381679,0.511450381679,,
MLB,hist-oddsapi-d902a4ee27b36ea2407a12bc50283a09,2025-07-09T23:06:00+00:00,2025-07-09T21:25:38+00:00,Baltimore Orioles,New York Mets,1,2025-07-10T20:45:00+00:00,0.398533007335,0.398533007335,,
MLB,hist-oddsapi-f510d7b78708682658521e00fee18efa,2025-07-09T23:06:00+00:00,2025-07-09T22:55:37+00:00,New York Yankees,Seattle Mariners,1,2025-07-11T02:30:00+00:00,0.594594594595,0.594594594595,,
MLB,hist-oddsapi-7a952f22ff4ae704a794cd90759017a9,2025-07-09T23:11:00+00:00,2025-07-09T22:55:37+00:00,Cincinnati Reds,Miami Marlins,1,2025-07-10T23:15:00+00:00,0.565000000000,0.565000000000,,
MLB,hist-oddsapi-27a91ef8342d077702b9d7b0b1091509,2025-07-09T23:41:00+00:00,2025-07-09T23:25:38+00:00,Minnesota Twins,Chicago Cubs,0,2025-07-10T19:15:00+00:00,0.513994910941,0.513994910941,,
MLB,hist-oddsapi-38d7c250076e1eb82faebb840b020947,2025-07-09T23:45:00+00:00,2025-07-09T23:25:38+00:00,St. Louis Cardinals,Washington Nationals,1,2025-07-11T01:30:00+00:00,0.566416040100,0.566416040100,,
MLB,hist-oddsapi-5da09b01c915521e65120ff8be3219f0,2025-07-10T01:39:00+00:00,2025-07-10T01:25:37+00:00,Los Angeles Angels,Texas Rangers,0,2025-07-11T02:45:00+00:00,0.491094147583,0.491094147583,,
MLB,hist-oddsapi-e0ba0ec508f3de7e185951fd6aeffed9,2025-07-10T02:05:00+00:00,2025-07-10T01:55:37+00:00,Oakland Athletics,Atlanta Braves,1,2025-07-11T04:30:00+00:00,0.463291139241,0.463291139241,,
MLB,hist-oddsapi-af3a07cfa9bf4fef5c075ecebc7bd47a,2025-07-11T23:06:00+00:00,2025-07-11T22:55:37+00:00,New York Yankees,Chicago Cubs,1,2025-07-12T01:00:00+00:00,0.608272506083,0.608272506083,,
MLB,hist-oddsapi-d16b316f7126df3190d802575ac40223,2025-07-11T23:06:00+00:00,2025-07-11T22:55:37+00:00,Baltimore Orioles,Miami Marlins,1,2025-07-12T01:15:00+00:00,0.563909774436,0.563909774436,,
MLB,hist-oddsapi-0bc5780a969b81d584a6fea411a6a282,2025-07-11T23:10:24+00:00,2025-07-11T22:55:37+00:00,Detroit Tigers,Seattle Mariners,0,2025-07-12T21:45:00+00:00,0.717255717256,0.717255717256,,
MLB,hist-oddsapi-aad6d6c7f8bb854d5ec377b4b01dd676,2025-07-11T23:11:00+00:00,2025-07-11T22:55:37+00:00,Cincinnati Reds,Colorado Rockies,0,2025-07-12T02:30:00+00:00,0.692810457516,0.692810457516,,
MLB,hist-oddsapi-e6a1e6016b88d0ddbe71cfb2878d35c2,2025-07-11T23:11:00+00:00,2025-07-11T22:55:37+00:00,Boston Red Sox,Tampa Bay Rays,1,2025-07-12T22:30:00+00:00,0.500000000000,0.500000000000,,
MLB,hist-oddsapi-75a61f894282010499d1f2157a9e2ec3,2025-07-12T00:10:00+00:00,2025-07-11T23:55:38+00:00,Chicago White Sox,Cleveland Guardians,0,2025-07-12T23:15:00+00:00,0.461928934010,0.461928934010,,
MLB,hist-oddsapi-b96fb46e0d27d705d8988638e4c0062b,2025-07-12T00:11:00+00:00,2025-07-11T23:55:38+00:00,Minnesota Twins,Pittsburgh Pirates,1,2025-07-12T20:15:00+00:00,0.568922305764,0.568922305764,,
MLB,hist-oddsapi-d69e4d008392dce157e357dbce288cc4,2025-07-12T00:11:00+00:00,2025-07-11T23:55:38+00:00,Houston Astros,Texas Rangers,0,2025-07-12T03:15:00+00:00,0.529262086514,0.529262086514,,
MLB,hist-oddsapi-f6f71424e58ae2ea2a918ba48aa71da0,2025-07-12T00:11:00+00:00,2025-07-11T23:55:38+00:00,Milwaukee Brewers,Washington Nationals,1,2025-07-12T02:15:00+00:00,0.653579676674,0.653579676674,,
MLB,hist-oddsapi-37b1633f80aee54d78eafbc29d8f56bd,2025-07-12T00:16:00+00:00,2025-07-11T23:55:38+00:00,St. Louis Cardinals,Atlanta Braves,0,2025-07-12T03:15:00+00:00,0.520408163265,0.520408163265,,
MLB,hist-oddsapi-1b49a87523e8acccff93553d9397b6a8,2025-07-12T01:41:00+00:00,2025-07-12T01:25:38+00:00,San Diego Padres,Philadelphia Phillies,1,2025-07-12T05:00:00+00:00,0.400977995110,0.400977995110,,
MLB,hist-oddsapi-58df33a25176719530de1da74e4bccd8,2025-07-12T02:16:00+00:00,2025-07-12T01:55:37+00:00,San Francisco Giants,Los Angeles Dodgers,0,2025-07-12T22:15:00+00:00,0.545454545455,0.545454545455,,
MLB,hist-oddsapi-4beb03b635c36e5c48e712b1cf77ee27,2025-07-12T18:11:00+00:00,2025-07-12T17:55:38+00:00,Minnesota Twins,Pittsburgh Pirates,0,2025-07-13T20:45:00+00:00,0.551637279597,0.551637279597,,
MLB,hist-oddsapi-70642d005ece4e396411f6ca2bf919ea,2025-07-12T20:06:00+00:00,2025-07-12T19:55:38+00:00,Baltimore Orioles,Miami Marlins,0,2025-07-13T20:30:00+00:00,0.605839416058,0.605839416058,,
MLB,hist-oddsapi-92e8bf20fd79ab6a494ee981c3acfa3e,2025-07-12T20:06:00+00:00,2025-07-12T19:55:38+00:00,San Francisco Giants,Los Angeles Dodgers,0,2025-07-13T23:15:00+00:00,0.413366336634,0.413366336634,,
MLB,hist-oddsapi-5c1c7488b4fe1299897f8e71267c144a,2025-07-12T20:10:00+00:00,2025-07-12T19:55:38+00:00,Milwaukee Brewers,Washington Nationals,1,2025-07-13T20:30:00+00:00,0.700214132762,0.700214132762,,
MLB,hist-oddsapi-3a172472025c8a93b73ee88bcd3c4ff4,2025-07-12T20:11:00+00:00,2025-07-12T19:55:38+00:00,Kansas City Royals,New York Mets,1,2025-07-13T21:30:00+00:00,0.463291139241,0.463291139241,,
MLB,hist-oddsapi-a7569378b45bee076352cff63bc9279e,2025-07-12T20:11:00+00:00,2025-07-12T19:55:38+00:00,Chicago White Sox,Cleveland Guardians,0,2025-07-13T21:15:00+00:00,0.452020202020,0.452020202020,,
MLB,hist-oddsapi-ae795e8469b27f14d9342fe845ba5ea0,2025-07-12T20:11:00+00:00,2025-07-12T19:55:38+00:00,Cincinnati Reds,Colorado Rockies,1,2025-07-13T20:30:00+00:00,0.714583333333,0.714583333333,,
MLB,hist-oddsapi-d313055095211a9b7f8d3d61142cbe50,2025-07-12T20:11:00+00:00,2025-07-12T19:55:38+00:00,Boston Red Sox,Tampa Bay Rays,1,2025-07-13T20:00:00+00:00,0.612590799031,0.612590799031,,
MLB,hist-oddsapi-3059bccb405e5d0307f1e6bf2ccd59b5,2025-07-12T23:36:00+00:00,2025-07-12T23:25:38+00:00,San Diego Padres,Philadelphia Phillies,0,2025-07-13T23:00:00+00:00,0.381642512077,0.381642512077,,
MLB,hist-oddsapi-8ae9cdc6b767bfeb4f00b6c249520078,2025-07-12T23:36:00+00:00,2025-07-12T23:25:38+00:00,Houston Astros,Texas Rangers,0,2025-07-13T20:30:00+00:00,0.517857142857,0.517857142857,,
MLB,hist-oddsapi-268042d8b9710cfb2028dd6a22e833e8,2025-07-13T01:39:00+00:00,2025-07-13T01:25:38+00:00,Los Angeles Angels,Arizona Diamondbacks,0,2025-07-13T22:45:00+00:00,0.532994923858,0.532994923858,,
MLB,hist-oddsapi-756991a25364f5d2de28c179d291a242,2025-07-13T17:36:00+00:00,2025-07-13T17:25:37+00:00,New York Yankees,Chicago Cubs,0,2025-07-13T20:15:00+00:00,0.536708860759,0.536708860759,,
MLB,hist-oddsapi-cd0d11ec1434466237cb3f7b7ec1cde1,2025-07-18T18:21:00+00:00,2025-07-18T17:55:38+00:00,Chicago Cubs,Boston Red Sox,1,2025-07-18T21:00:00+00:00,0.547979797980,0.547979797980,,
MLB,hist-oddsapi-4a570459758ef39453dd950d58989097,2025-07-18T22:40:00+00:00,2025-07-18T22:25:38+00:00,Pittsburgh Pirates,Chicago White Sox,0,2025-07-19T00:45:00+00:00,0.585185185185,0.585185185185,,
MLB,hist-oddsapi-0089a0b4f786f6ad16bae742eaf1f065,2025-07-18T22:45:00+00:00,2025-07-18T22:25:38+00:00,Philadelphia Phillies,Los Angeles Angels,0,2025-07-19T01:30:00+00:00,0.657471264368,0.657471264368,,
MLB,hist-oddsapi-fd9a76569234360a743ff07a5d9f011e,2025-07-18T22:45:00+00:00,2025-07-18T22:25:38+00:00,Washington Nationals,San Diego Padres,0,2025-07-19T02:30:00+00:00,0.420398009950,0.420398009950,,
MLB,hist-oddsapi-499dd7d7c1351101c77d68376a3c0390,2025-07-18T23:07:00+00:00,2025-07-18T22:55:38+00:00,Toronto Blue Jays,San Francisco Giants,1,2025-07-19T22:00:00+00:00,0.556675062972,0.556675062972,,
MLB,hist-oddsapi-8095b879cf6bbd19f121616a2d65649a,2025-07-18T23:10:00+00:00,2025-07-18T22:55:38+00:00,Cleveland Guardians,Oakland Athletics,0,2025-07-20T01:30:00+00:00,0.535532994924,0.535532994924,,
MLB,hist-oddsapi-bac4249db2987734d4d5e4b8b2d2648c,2025-07-18T23:11:00+00:00,2025-07-18T22:55:38+00:00,New York Mets,Cincinnati Reds,0,2025-07-20T00:45:00+00:00,0.584158415842,0.584158415842,,
MLB,hist-oddsapi-f19e902ad18079b2c8fb1339126f2e87,2025-07-18T23:11:00+00:00,2025-07-18T22:55:38+00:00,Miami Marlins,Kansas City Royals,1,2025-07-19T02:00:00+00:00,0.492346938776,0.492346938776,,
MLB,hist-oddsapi-c17898685d317ca432d3275bd4cb30f7,2025-07-18T23:15:00+00:00,2025-07-18T22:55:38+00:00,Atlanta Braves,New York Yankees,1,2025-07-19T02:00:00+00:00,0.547979797980,0.547979797980,,
MLB,hist-oddsapi-58ef42cde044286fa10994c77054c2ca,2025-07-18T23:36:00+00:00,2025-07-18T23:25:38+00:00,Tampa Bay Rays,Baltimore Orioles,1,2025-07-19T01:30:00+00:00,0.541772151899,0.541772151899,,
MLB,hist-oddsapi-889d45b2394b5c3a345b63dbd249a28f,2025-07-19T00:06:00+00:00,2025-07-18T23:55:38+00:00,Texas Rangers,Detroit Tigers,1,2025-07-20T01:30:00+00:00,0.511450381679,0.511450381679,,
MLB,hist-oddsapi-df92b4676a2481eb260822d9af4c7d08,2025-07-19T00:41:00+00:00,2025-07-19T00:25:38+00:00,Colorado Rockies,Minnesota Twins,1,2025-07-19T03:30:00+00:00,0.387409200969,0.387409200969,,
MLB,hist-oddsapi-8cc3a3d09dfe3e8b01f46f9deb6ffac6,2025-07-19T01:40:00+00:00,2025-07-19T01:25:38+00:00,Arizona Diamondbacks,St. Louis Cardinals,1,2025-07-19T03:30:00+00:00,0.497448979592,0.497448979592,,
MLB,hist-oddsapi-529ff6bb106937a0d5e0b282770c2895,2025-07-19T02:10:00+00:00,2025-07-19T01:55:38+00:00,Seattle Mariners,Houston Astros,1,2025-07-20T05:45:00+00:00,0.572500000000,0.572500000000,,
MLB,hist-oddsapi-7077e0a4bb01b670ffe1b188b940cb08,2025-07-19T02:10:00+00:00,2025-07-19T01:55:38+00:00,Los Angeles Dodgers,Milwaukee Brewers,0,2025-07-20T04:15:00+00:00,0.639150943396,0.639150943396,,
MLB,hist-oddsapi-ed3e13e94c688be2638b4fa08636db33,2025-07-19T19:07:00+00:00,2025-07-19T18:55:38+00:00,Toronto Blue Jays,San Francisco Giants,1,2025-07-20T19:15:00+00:00,0.463291139241,0.463291139241,,
MLB,hist-oddsapi-2c5b103c09041a0837a4ddbecadf3eae,2025-07-19T20:10:21+00:00,2025-07-19T19:55:38+00:00,Miami Marlins,Kansas City Royals,0,2025-07-20T19:30:00+00:00,0.484693877551,0.484693877551,,
MLB,hist-oddsapi-861313f79b4d8cb7f8c0f266e64a35e9,2025-07-19T22:05:00+00:00,2025-07-19T21:55:38+00:00,Philadelphia Phillies,Los Angeles Angels,0,2025-07-20T20:45:00+00:00,0.530456852792,0.530456852792,,
MLB,hist-oddsapi-aab6c5b048fdebe24ce650db8bc56e79,2025-07-19T22:41:00+00:00,2025-07-19T22:25:38+00:00,Pittsburgh Pirates,Chicago White Sox,0,2025-07-20T19:45:00+00:00,0.551637279597,0.551637279597,,
MLB,hist-oddsapi-88fb51ec5b231ee411308feb658e060c,2025-07-19T22:46:00+00:00,2025-07-19T22:25:38+00:00,Washington Nationals,San Diego Padres,0,2025-07-20T19:30:00+00:00,0.448362720403,0.448362720403,,
MLB,hist-oddsapi-5375388d942acc7cc334e560134c4b3e,2025-07-19T23:11:00+00:00,2025-07-19T22:55:38+00:00,Cleveland Guardians,Oakland Athletics,1,2025-07-20T19:30:00+00:00,0.541772151899,0.541772151899,,
MLB,hist-oddsapi-271cd28f15855c955ba107028779a91f,2025-07-19T23:16:00+00:00,2025-07-19T22:55:38+00:00,Chicago Cubs,Boston Red Sox,0,2025-07-20T20:45:00+00:00,0.578553615960,0.578553615960,,
MLB,hist-oddsapi-7b44e59b2f84332ce8b66b490fcaae57,2025-07-19T23:16:00+00:00,2025-07-19T22:55:38+00:00,Arizona Diamondbacks,St. Louis Cardinals,1,2025-07-20T23:30:00+00:00,0.455696202532,0.455696202532,,
MLB,hist-oddsapi-819ffcc8732584ca2e67ad05ee968ca9,2025-07-19T23:16:00+00:00,2025-07-19T22:55:38+00:00,Atlanta Braves,New York Yankees,0,2025-07-20T22:00:00+00:00,0.463291139241,0.463291139241,,
MLB,hist-oddsapi-f04b31d81dac91606f7fc4110c903ed7,2025-07-20T01:11:00+00:00,2025-07-20T00:55:38+00:00,Los Angeles Dodgers,Milwaukee Brewers,0,2025-07-20T23:30:00+00:00,0.521628498728,0.521628498728,,
MLB,hist-oddsapi-054fb1d0b35244efccc32f15546c5350,2025-07-20T01:40:00+00:00,2025-07-20T01:25:38+00:00,Seattle Mariners,Houston Astros,0,2025-07-20T22:45:00+00:00,0.556675062972,0.556675062972,,
MLB,hist-oddsapi-6d8a12d6bd6eb2f5952efc11a4d6e3a5,2025-07-21T22:40:00+00:00,2025-07-21T22:25:38+00:00,Cleveland Guardians,Baltimore Orioles,1,2025-07-22T01:15:00+00:00,0.563909774436,0.563909774436,,
MLB,hist-oddsapi-7b0dd6674ac731cee8533be3c38f6b66,2025-07-21T22:40:00+00:00,2025-07-21T22:25:38+00:00,Miami Marlins,San Diego Padres,0,2025-07-22T01:45:00+00:00,0.568922305764,0.568922305764,,
MLB,hist-oddsapi-94eff03561670a62e673a31a99309a5f,2025-07-21T22:40:00+00:00,2025-07-21T22:25:38+00:00,Pittsburgh Pirates,Detroit Tigers,1,2025-07-22T01:45:00+00:00,0.545454545455,0.545454545455,,
MLB,hist-oddsapi-09a9630246c9421e9f1096d4bddae3a4,2025-07-21T22:45:00+00:00,2025-07-21T22:25:38+00:00,Washington Nationals,Cincinnati Reds,1,2025-07-23T00:45:00+00:00,0.467005076142,0.467005076142,,
MLB,hist-oddsapi-59488535af10fc401d35d46d975b4f57,2025-07-21T22:45:00+00:00,2025-07-21T22:25:38+00:00,Philadelphia Phillies,Boston Red Sox,1,2025-07-23T01:15:00+00:00,0.677852348993,0.677852348993,,
MLB,hist-oddsapi-4154f86f864e84c3c93107bbedfe0583,2025-07-21T23:07:00+00:00,2025-07-21T22:55:38+00:00,Toronto Blue Jays,New York Yankees,1,2025-07-22T01:30:00+00:00,0.486005089059,0.486005089059,,
MLB,hist-oddsapi-7ad76b3f561374021481ad192d780df1,2025-07-21T23:10:00+00:00,2025-07-21T22:55:38+00:00,New York Mets,Los Angeles Angels,1,2025-07-23T02:00:00+00:00,0.626794258373,0.626794258373,,
MLB,hist-oddsapi-5ab7f41ab0536a9393d4d875e62b871b,2025-07-21T23:15:00+00:00,2025-07-21T22:55:38+00:00,Atlanta Braves,San Francisco Giants,0,2025-07-23T01:15:00+00:00,0.560301507538,0.560301507538,,
MLB,hist-oddsapi-c51ffb8495fb602d29b56174b46c5c13,2025-07-21T23:35:00+00:00,2025-07-21T23:25:38+00:00,Tampa Bay Rays,Chicago White Sox,0,2025-07-22T02:30:00+00:00,0.666666666667,0.666666666667,,
MLB,hist-oddsapi-b6281a67d321d5ed6ac08820d0e30124,2025-07-22T00:04:47+00:00,2025-07-21T23:55:38+00:00,Chicago Cubs,Kansas City Royals,1,2025-07-23T02:15:00+00:00,0.577114427861,0.577114427861,,
MLB,hist-oddsapi-d62fd90fb495a00aa6f3d1a1a19d9a8d,2025-07-22T00:05:00+00:00,2025-07-21T23:55:38+00:00,Texas Rangers,Oakland Athletics,1,2025-07-23T02:15:00+00:00,0.529262086514,0.529262086514,,
MLB,hist-oddsapi-9e511e806b434018dcac0eaf15da68ef,2025-07-22T00:40:00+00:00,2025-07-22T00:25:38+00:00,Colorado Rockies,St. Louis Cardinals,0,2025-07-22T03:00:00+00:00,0.386473429952,0.386473429952,,
MLB,hist-oddsapi-b45b5767cfef0a72b06b0e11df4dd3aa,2025-07-22T01:40:00+00:00,2025-07-22T01:25:38+00:00,Seattle Mariners,Milwaukee Brewers,1,2025-07-23T05:00:00+00:00,0.539240506329,0.539240506329,,
MLB,hist-oddsapi-d5fe1d7b7dcdf9a5545eae806c7b585b,2025-07-22T01:40:00+00:00,2025-07-22T01:25:38+00:00,Arizona Diamondbacks,Houston Astros,0,2025-07-23T05:00:00+00:00,0.565000000000,0.565000000000,,
MLB,hist-oddsapi-bf8025db024bcbb098ce586a8991f3d0,2025-07-22T02:09:38+00:00,2025-07-22T01:55:38+00:00,Los Angeles Dodgers,Minnesota Twins,0,2025-07-23T05:15:00+00:00,0.619277108434,0.619277108434,,
MLB,hist-oddsapi-4631fb2aef9f1e508cb1333938a645d9,2025-07-22T22:41:00+00:00,2025-07-22T22:25:38+00:00,Cleveland Guardians,Baltimore Orioles,1,2025-07-24T01:15:00+00:00,0.593596059113,0.593596059113,,
MLB,hist-oddsapi-a98181034ad8e08f6a11269f46af9bd6,2025-07-22T22:41:00+00:00,2025-07-22T22:25:38+00:00,Miami Marlins,San Diego Padres,1,2025-07-23T19:00:00+00:00,0.544303797468,0.544303797468,,
MLB,hist-oddsapi-e6afbabe221c3af3aeb6bf814c04840f,2025-07-22T22:41:00+00:00,2025-07-22T22:25:38+00:00,Pittsburgh Pirates,Detroit Tigers,1,2025-07-23T18:30:00+00:00,0.452020202020,0.452020202020,,
MLB,hist-oddsapi-3a3b44134650ac62f5f358ccc4925b33,2025-07-22T22:46:00+00:00,2025-07-22T22:25:38+00:00,Washington Nationals,Cincinnati Reds,0,2025-07-23T19:00:00+00:00,0.436090225564,0.436090225564,,
MLB,hist-oddsapi-4037ed43e7905f4540eba4c83a638b83,2025-07-22T23:08:00+00:00,2025-07-22T22:55:38+00:00,Toronto Blue Jays,New York Yankees,1,2025-07-24T01:30:00+00:00,0.511450381679,0.511450381679,,
MLB,hist-oddsapi-262de610cfd7d31eab52f5c42a719fea,2025-07-22T23:10:00+00:00,2025-07-22T22:55:38+00:00,Tampa Bay Rays,Chicago White Sox,0,2025-07-24T03:00:00+00:00,0.675615212528,0.675615212528,,
MLB,hist-oddsapi-2ee013146af023c985c025c66a483e05,2025-07-22T23:11:00+00:00,2025-07-22T22:55:38+00:00,New York Mets,Los Angeles Angels,1,2025-07-23T19:45:00+00:00,0.601466992665,0.601466992665,,
MLB,hist-oddsapi-c845bcc9b029a75b4010744bde751069,2025-07-22T23:16:00+00:00,2025-07-22T22:55:38+00:00,Atlanta Braves,San Francisco Giants,0,2025-07-23T19:00:00+00:00,0.522842639594,0.522842639594,,
MLB,hist-oddsapi-518473ae31eead2043ca9e70a9ec5218,2025-07-23T00:06:00+00:00,2025-07-22T23:55:38+00:00,Texas Rangers,Oakland Athletics,1,2025-07-24T03:00:00+00:00,0.649651972158,0.649651972158,,
MLB,hist-oddsapi-8c9042132db849fda4be45ab47e84ef1,2025-07-23T00:06:00+00:00,2025-07-22T23:55:38+00:00,Chicago Cubs,Kansas City Royals,0,2025-07-23T20:30:00+00:00,0.697624190065,0.697624190065,,
MLB,hist-oddsapi-83b9f23cbf51e409f72330c6f65d6e9d,2025-07-23T00:41:00+00:00,2025-07-23T00:25:38+00:00,Colorado Rockies,St. Louis Cardinals,1,2025-07-23T21:30:00+00:00,0.395121951220,0.395121951220,,
MLB,hist-oddsapi-6527892b815036107e6baa7a206f9150,2025-07-23T01:41:00+00:00,2025-07-23T01:25:38+00:00,Seattle Mariners,Milwaukee Brewers,0,2025-07-23T21:30:00+00:00,0.551637279597,0.551637279597,,
MLB,hist-oddsapi-bc7de0d32f8fca35ab010384abbb8629,2025-07-23T01:41:00+00:00,2025-07-23T01:25:38+00:00,Arizona Diamondbacks,Houston Astros,0,2025-07-23T23:00:00+00:00,0.488549618321,0.488549618321,,
MLB,hist-oddsapi-d2b3463ab66e3fb1fd7b478ba0264cae,2025-07-23T02:11:00+00:00,2025-07-23T01:55:38+00:00,Los Angeles Dodgers,Minnesota Twins,1,2025-07-23T23:00:00+00:00,0.628571428571,0.628571428571,,
MLB,hist-oddsapi-6295b31fa1e2d7c3a1523228f6ec71fa,2025-07-23T22:41:00+00:00,2025-07-23T22:25:38+00:00,Cleveland Guardians,Baltimore Orioles,0,2025-07-24T20:15:00+00:00,0.535532994924,0.535532994924,,
MLB,hist-oddsapi-fe512a3562d539fe9b3ceca852c86198,2025-07-23T23:06:00+00:00,2025-07-23T22:55:38+00:00,Philadelphia Phillies,Boston Red Sox,0,2025-07-24T03:00:00+00:00,0.594594594595,0.594594594595,,
MLB,hist-oddsapi-5859a6b076d83bb9262f64a1eab378cf,2025-07-24T22:40:00+00:00,2025-07-24T22:25:38+00:00,Detroit Tigers,Toronto Blue Jays,0,2025-07-25T00:30:00+00:00,0.562814070352,0.562814070352,,
MLB,hist-oddsapi-8046f443e963e8cf1cb9dbb06006ccb1,2025-07-24T23:46:00+00:00,2025-07-24T23:25:38+00:00,St. Louis Cardinals,San Diego Padres,1,2025-07-26T01:30:00+00:00,0.582089552239,0.582089552239,,
MLB,hist-oddsapi-e2b36815e9915779b0c9642b248bce19,2025-07-25T00:11:00+00:00,2025-07-24T23:55:38+00:00,Houston Astros,Oakland Athletics,0,2025-07-26T02:15:00+00:00,0.576059850374,0.576059850374,,
MLB,hist-oddsapi-572e61378dcce940e73987b86d7b11c6,2025-07-25T01:39:00+00:00,2025-07-25T01:25:38+00:00,Los Angeles Angels,Seattle Mariners,0,2025-07-25T05:15:00+00:00,0.570000000000,0.570000000000,,
MLB,hist-oddsapi-b17843201a9c8c1e1e5fadf547109930,2025-07-25T20:11:00+00:00,2025-07-25T19:55:38+00:00,Milwaukee Brewers,Miami Marlins,0,2025-07-25T23:30:00+00:00,0.658256880734,0.658256880734,,
MLB,hist-oddsapi-8289d011d1b6ec16a33e2addb322daab,2025-07-25T22:41:00+00:00,2025-07-25T22:25:39+00:00,Pittsburgh Pirates,Arizona Diamondbacks,0,2025-07-26T02:30:00+00:00,0.492346938776,0.492346938776,,
MLB,hist-oddsapi-8ce4242d1c93d75f86f7d04bdfa87eec,2025-07-25T23:06:00+00:00,2025-07-25T22:55:38+00:00,New York Yankees,Philadelphia Phillies,0,2025-07-26T02:30:00+00:00,0.601466992665,0.601466992665,,
MLB,hist-oddsapi-c36e9ef2a036d9eeac12daca5a0ee8e0,2025-07-25T23:06:00+00:00,2025-07-25T22:55:38+00:00,Baltimore Orioles,Colorado Rockies,1,2025-07-27T00:30:00+00:00,0.635071090047,0.635071090047,,
MLB,hist-oddsapi-439e93fd14374e01f1f15669d1bbb309,2025-07-25T23:11:00+00:00,2025-07-25T22:55:38+00:00,Boston Red Sox,Los Angeles Dodgers,0,2025-07-26T02:30:00+00:00,0.517857142857,0.517857142857,,
MLB,hist-oddsapi-8ea52040a1fd277660951acc435d8e22,2025-07-25T23:11:00+00:00,2025-07-25T22:55:38+00:00,Cincinnati Reds,Tampa Bay Rays,1,2025-07-27T01:15:00+00:00,0.508905852417,0.508905852417,,
MLB,hist-oddsapi-dc1a5637414b4979c35f32ecf65ca9c1,2025-07-25T23:11:00+00:00,2025-07-25T22:55:38+00:00,Detroit Tigers,Toronto Blue Jays,0,2025-07-27T00:30:00+00:00,0.507653061224,0.507653061224,,
MLB,hist-oddsapi-90e7a9b253d05e4a46689659e9da1702,2025-07-25T23:41:00+00:00,2025-07-25T23:25:38+00:00,Chicago White Sox,Chicago Cubs,1,2025-07-26T01:15:00+00:00,0.377403846154,0.377403846154,,
MLB,hist-oddsapi-f1632a1e9af32ff4c81f5a478fc08c00,2025-07-26T00:06:00+00:00,2025-07-25T23:55:38+00:00,Texas Rangers,Atlanta Braves,1,2025-07-26T02:45:00+00:00,0.573566084788,0.573566084788,,
MLB,hist-oddsapi-31288040b81c513b95d963baf759a4c3,2025-07-26T00:11:00+00:00,2025-07-25T23:55:38+00:00,Minnesota Twins,Washington Nationals,0,2025-07-27T01:30:00+00:00,0.608272506083,0.608272506083,,
MLB,hist-oddsapi-b5cf1857703012cf4dc503a44da35c80,2025-07-26T02:16:00+00:00,2025-07-26T01:55:38+00:00,San Francisco Giants,New York Mets,0,2025-07-26T04:30:00+00:00,0.568922305764,0.568922305764,,
MLB,hist-oddsapi-7577a3873073f6a714605834202063c7,2025-07-26T22:09:57+00:00,2025-07-26T21:55:37+00:00,Detroit Tigers,Toronto Blue Jays,1,2025-07-27T20:45:00+00:00,0.605839416058,0.605839416058,,
MLB,hist-oddsapi-3e914177257c6d73548fb4733772dc67,2025-07-26T22:40:00+00:00,2025-07-26T22:25:38+00:00,Pittsburgh Pirates,Arizona Diamondbacks,1,2025-07-27T20:30:00+00:00,0.427500000000,0.427500000000,,
MLB,hist-oddsapi-46403dc9d46883d486b4f7bfd4045b6a,2025-07-26T23:05:00+00:00,2025-07-26T22:55:38+00:00,Texas Rangers,Atlanta Braves,1,2025-07-27T20:15:00+00:00,0.491094147583,0.491094147583,,
MLB,hist-oddsapi-05333e083a80e7dc6a45bc42d7730963,2025-07-26T23:10:00+00:00,2025-07-26T22:55:38+00:00,Milwaukee Brewers,Miami Marlins,0,2025-07-27T01:45:00+00:00,0.584158415842,0.584158415842,,
MLB,hist-oddsapi-39ff836295eb66971dd61d221af7d999,2025-07-26T23:10:00+00:00,2025-07-26T22:55:38+00:00,Minnesota Twins,Washington Nationals,0,2025-07-27T20:30:00+00:00,0.687912087912,0.687912087912,,
MLB,hist-oddsapi-27e91ff015534c3185286054c0617c50,2025-07-26T23:15:00+00:00,2025-07-26T22:55:38+00:00,Boston Red Sox,Los Angeles Dodgers,1,2025-07-27T02:00:00+00:00,0.598039215686,0.598039215686,,
MLB,hist-oddsapi-643be5b14df0fed034c2b92f657a1c14,2025-07-26T23:15:00+00:00,2025-07-26T22:55:38+00:00,St. Louis Cardinals,San Diego Padres,0,2025-07-27T20:15:00+00:00,0.565000000000,0.565000000000,,
MLB,hist-oddsapi-5f2b564a23b724fd772a26061b37f644,2025-07-26T23:16:00+00:00,2025-07-26T22:55:38+00:00,Kansas City Royals,Cleveland Guardians,1,2025-07-27T20:30:00+00:00,0.563909774436,0.563909774436,,
MLB,hist-oddsapi-75733d0036dc1f8de4c15b87f6a6a697,2025-07-28T22:35:00+00:00,2025-07-28T22:25:38+00:00,Baltimore Orioles,Toronto Blue Jays,1,2025-07-29T00:45:00+00:00,0.497448979592,0.497448979592,,
MLB,hist-oddsapi-865ef8423dbb9e39b4711d5d27c56286,2025-07-28T22:40:00+00:00,2025-07-28T22:25:38+00:00,Detroit Tigers,Arizona Diamondbacks,1,2025-07-29T00:30:00+00:00,0.544303797468,0.544303797468,,
MLB,hist-oddsapi-910e22e81d7de5defac402f3a967b33d,2025-07-28T22:40:00+00:00,2025-07-28T22:25:38+00:00,Cleveland Guardians,Colorado Rockies,1,2025-07-30T00:00:00+00:00,0.717255717256,0.717255717256,,
MLB,hist-oddsapi-277372f6a3afbd76aab3384a71b6c6d1,2025-07-28T23:40:00+00:00,2025-07-28T23:25:39+00:00,Kansas City Royals,Atlanta Braves,1,2025-07-30T02:45:00+00:00,0.396088019560,0.396088019560,,
MLB,hist-oddsapi-678d3c731856b46cbb191f5611d498c8,2025-07-28T23:40:00+00:00,2025-07-28T23:25:39+00:00,Milwaukee Brewers,Chicago Cubs,1,2025-07-29T02:15:00+00:00,0.487244897959,0.487244897959,,
MLB,hist-oddsapi-7828f10cc7cf5a2b69b50982ae528336,2025-07-28T23:40:00+00:00,2025-07-28T23:25:39+00:00,Minnesota Twins,Boston Red Sox,1,2025-07-29T04:15:00+00:00,0.507653061224,0.507653061224,,
MLB,hist-oddsapi-cb1d813fb800fd922b0f1dad03b6c58a,2025-07-28T23:40:00+00:00,2025-07-28T23:25:39+00:00,Chicago White Sox,Philadelphia Phillies,0,2025-07-30T01:45:00+00:00,0.329571106095,0.329571106095,,
MLB,hist-oddsapi-9a3c770daf4e63280f586a7f1a3721b8,2025-07-28T23:45:00+00:00,2025-07-28T23:25:39+00:00,St. Louis Cardinals,Miami Marlins,0,2025-07-30T02:30:00+00:00,0.525380710660,0.525380710660,,
MLB,hist-oddsapi-98cd9f70154c30ba24af20a6119cbc5f,2025-07-29T00:10:00+00:00,2025-07-28T23:55:38+00:00,Houston Astros,Washington Nationals,0,2025-07-29T02:30:00+00:00,0.694805194805,0.694805194805,,
MLB,hist-oddsapi-e27a491d8b46626743ff1f1b423d5c35,2025-07-29T01:38:00+00:00,2025-07-29T01:25:38+00:00,Los Angeles Angels,Texas Rangers,1,2025-07-30T05:00:00+00:00,0.328828828829,0.328828828829,,
MLB,hist-oddsapi-d4ac02d8028abb18a8fdebac6f643253,2025-07-29T01:40:00+00:00,2025-07-29T01:25:38+00:00,San Diego Padres,New York Mets,1,2025-07-30T04:15:00+00:00,0.544303797468,0.544303797468,,
MLB,hist-oddsapi-dce3da818b538b5f6a06885525de00d6,2025-07-29T02:05:00+00:00,2025-07-29T01:55:38+00:00,Oakland Athletics,Seattle Mariners,1,2025-07-30T04:15:00+00:00,0.469543147208,0.469543147208,,
MLB,hist-oddsapi-e3e6f507fb9e88691034ad810460c1d0,2025-07-29T16:36:00+00:00,2025-07-29T16:25:39+00:00,Baltimore Orioles,Toronto Blue Jays,0,2025-07-30T20:30:00+00:00,0.521628498728,0.521628498728,,
MLB,hist-oddsapi-b0e0ca0786d326d8343a65a032b9d58d,2025-07-29T22:40:00+00:00,2025-07-29T22:25:38+00:00,Detroit Tigers,Arizona Diamondbacks,1,2025-07-30T19:00:00+00:00,0.584158415842,0.584158415842,,
MLB,hist-oddsapi-16945bc9446e76515a0c94857619b82e,2025-07-29T23:06:00+00:00,2025-07-29T22:55:39+00:00,New York Yankees,Tampa Bay Rays,1,2025-07-31T02:45:00+00:00,0.620192307692,0.620192307692,,
MLB,hist-oddsapi-7997b873fb511401b175a335d0b81a9f,2025-07-29T23:11:00+00:00,2025-07-29T22:55:39+00:00,Cincinnati Reds,Los Angeles Dodgers,1,2025-07-31T02:00:00+00:00,0.417910447761,0.417910447761,,
MLB,hist-oddsapi-c3b0284300a4b400656105edb8dccecf,2025-07-29T23:41:00+00:00,2025-07-29T23:25:39+00:00,Minnesota Twins,Boston Red Sox,0,2025-07-30T18:45:00+00:00,0.458227848101,0.458227848101,,
MLB,hist-oddsapi-d7fe8ebc68bc3b1f1a4cc9ffe7f1bd60,2025-07-29T23:41:00+00:00,2025-07-29T23:25:39+00:00,Chicago White Sox,Philadelphia Phillies,1,2025-07-31T00:00:00+00:00,0.377403846154,0.377403846154,,
MLB,hist-oddsapi-dd1bed5ccb6011df48c2a6f50f6aa62b,2025-07-29T23:41:00+00:00,2025-07-29T23:25:39+00:00,Milwaukee Brewers,Chicago Cubs,0,2025-07-30T20:30:00+00:00,0.542929292929,0.542929292929,,
MLB,hist-oddsapi-95975c30df15469a99e462f49b9f7e28,2025-07-30T00:10:00+00:00,2025-07-29T23:55:39+00:00,Houston Astros,Washington Nationals,1,2025-07-30T20:15:00+00:00,0.524173027990,0.524173027990,,
MLB,hist-oddsapi-52bf0fca49dd6a02ae851ce00501a87d,2025-07-30T01:39:00+00:00,2025-07-30T01:25:38+00:00,Los Angeles Angels,Texas Rangers,0,2025-07-31T04:15:00+00:00,0.560301507538,0.560301507538,,
MLB,hist-oddsapi-9b6f7d5e64bb0a7fffb124d1cd45a8b9,2025-07-30T01:40:00+00:00,2025-07-30T01:25:38+00:00,San Diego Padres,New York Mets,1,2025-07-30T22:15:00+00:00,0.463291139241,0.463291139241,,
MLB,hist-oddsapi-bc3252cd4886023f2f9f8deac7983c6b,2025-07-30T23:06:00+00:00,2025-07-30T22:55:38+00:00,New York Yankees,Tampa Bay Rays,1,2025-07-31T22:30:00+00:00,0.562814070352,0.562814070352,,
MLB,hist-oddsapi-86066964719c5c58af7907ad2005d106,2025-07-31T23:11:00+00:00,2025-07-31T22:55:38+00:00,Cincinnati Reds,Atlanta Braves,0,2025-08-01T01:30:00+00:00,0.603911980440,0.603911980440,,
MLB,hist-oddsapi-0d09d7a9b22df65afc0f9701cdaf52d1,2025-08-01T01:41:00+00:00,2025-08-01T01:25:38+00:00,Seattle Mariners,Texas Rangers,1,2025-08-01T03:45:00+00:00,0.611650485437,0.611650485437,,
MLB,hist-oddsapi-2e3a3f48ddb690c4f02276d36db5bc07,2025-08-01T22:45:00+00:00,2025-08-01T22:25:38+00:00,Washington Nationals,Milwaukee Brewers,0,2025-08-02T01:15:00+00:00,0.412345679012,0.412345679012,,
MLB,hist-oddsapi-b4fc61fd47360c667e18883c40c4a93a,2025-08-01T22:45:00+00:00,2025-08-01T22:25:38+00:00,Philadelphia Phillies,Detroit Tigers,1,2025-08-02T01:30:00+00:00,0.580645161290,0.580645161290,,
MLB,hist-oddsapi-9c0ce857207f86cc431f7023a0412958,2025-08-01T23:08:00+00:00,2025-08-01T22:55:39+00:00,Toronto Blue Jays,Kansas City Royals,0,2025-08-02T02:15:00+00:00,0.584158415842,0.584158415842,,
MLB,hist-oddsapi-88eca303d63cd857d964a5b31f8110a2,2025-08-01T23:11:00+00:00,2025-08-01T22:55:39+00:00,Boston Red Sox,Houston Astros,1,2025-08-02T23:00:00+00:00,0.467005076142,0.467005076142,,
MLB,hist-oddsapi-98e3df09046735cc116bdca3d81414f3,2025-08-01T23:11:00+00:00,2025-08-01T22:55:39+00:00,Miami Marlins,New York Yankees,1,2025-08-02T03:00:00+00:00,0.416873449132,0.416873449132,,
MLB,hist-oddsapi-726d918c2a71654fe73ed0610cfa0aaf,2025-08-01T23:12:00+00:00,2025-08-01T22:55:39+00:00,New York Mets,San Francisco Giants,1,2025-08-02T23:00:00+00:00,0.563909774436,0.563909774436,,
MLB,hist-oddsapi-3acb06cc3e2fbced7091b64efba123d5,2025-08-01T23:35:00+00:00,2025-08-01T23:25:38+00:00,Tampa Bay Rays,Los Angeles Dodgers,0,2025-08-02T01:45:00+00:00,0.487244897959,0.487244897959,,
MLB,hist-oddsapi-b25ec84886535966c65e89ebb3aa8f3e,2025-08-02T00:10:00+00:00,2025-08-01T23:55:38+00:00,Colorado Rockies,Pittsburgh Pirates,1,2025-08-02T23:00:00+00:00,0.449494949495,0.449494949495,,
MLB,hist-oddsapi-58fffb39be568060f51a0c4ee0913d73,2025-08-02T02:06:00+00:00,2025-08-02T01:55:39+00:00,Oakland Athletics,Arizona Diamondbacks,1,2025-08-02T04:45:00+00:00,0.547979797980,0.547979797980,,
MLB,hist-oddsapi-9799bfde7b33c226f3a2798bd6012e63,2025-08-02T17:11:00+00:00,2025-08-02T16:55:38+00:00,Tampa Bay Rays,Los Angeles Dodgers,0,2025-08-03T19:00:00+00:00,0.464467005076,0.464467005076,,
MLB,hist-oddsapi-41845597ed25b290facd9b0e470ce73a,2025-08-02T20:06:00+00:00,2025-08-02T19:55:38+00:00,Washington Nationals,Milwaukee Brewers,0,2025-08-03T19:45:00+00:00,0.368171021378,0.368171021378,,
MLB,hist-oddsapi-6d1883973c1e39aba1999f32909eae36,2025-08-02T20:11:00+00:00,2025-08-02T19:55:38+00:00,New York Mets,San Francisco Giants,0,2025-08-03T20:30:00+00:00,0.628571428571,0.628571428571,,
MLB,hist-oddsapi-a1fbd658d681c523865bdd3acfc4a059,2025-08-02T20:11:00+00:00,2025-08-02T19:55:38+00:00,Boston Red Sox,Houston Astros,1,2025-08-03T17:30:00+00:00,0.554156171285,0.554156171285,,
MLB,hist-oddsapi-8c188a3f87fb72e8dc494f1ad68ff87c,2025-08-03T02:11:00+00:00,2025-08-03T01:55:38+00:00,San Diego Padres,St. Louis Cardinals,0,2025-08-03T04:45:00+00:00,0.586633663366,0.586633663366,,
MLB,hist-oddsapi-6f7fda7ea7a377796d14c92aa2332f26,2025-08-04T22:41:00+00:00,2025-08-04T22:25:38+00:00,Miami Marlins,Houston Astros,0,2025-08-05T01:00:00+00:00,0.551637279597,0.551637279597,,
MLB,hist-oddsapi-b9f17cd057cd646a81330e2c216535a5,2025-08-04T22:41:00+00:00,2025-08-04T22:25:38+00:00,Detroit Tigers,Minnesota Twins,0,2025-08-06T01:30:00+00:00,0.626794258373,0.626794258373,,
MLB,hist-oddsapi-c5c28153f534deea60f146c85b40abaf,2025-08-04T22:41:00+00:00,2025-08-04T22:25:38+00:00,Pittsburgh Pirates,San Francisco Giants,0,2025-08-06T00:30:00+00:00,0.458227848101,0.458227848101,,
MLB,hist-oddsapi-6f7fd2c9b9a1563d0ba0567f62d8a8b3,2025-08-04T22:46:00+00:00,2025-08-04T22:25:38+00:00,Philadelphia Phillies,Baltimore Orioles,1,2025-08-06T00:45:00+00:00,0.644028103044,0.644028103044,,
MLB,hist-oddsapi-12df6c7d4215a5e0a01fcfe1d2f9bde3,2025-08-04T23:11:00+00:00,2025-08-04T22:55:38+00:00,Boston Red Sox,Kansas City Royals,1,2025-08-06T01:30:00+00:00,0.594594594595,0.594594594595,,
MLB,hist-oddsapi-fb86f934625118f8732a83e926a2c634,2025-08-05T00:41:00+00:00,2025-08-05T00:25:38+00:00,Colorado Rockies,Toronto Blue Jays,0,2025-08-05T02:45:00+00:00,0.341743119266,0.341743119266,,
MLB,hist-oddsapi-7426286db2979879b70b147ca342f29a,2025-08-05T01:38:00+00:00,2025-08-05T01:25:38+00:00,Los Angeles Angels,Tampa Bay Rays,1,2025-08-05T04:00:00+00:00,0.521628498728,0.521628498728,,
MLB,hist-oddsapi-54df4e8d67b8c2bc4b366f48e0cbfea8,2025-08-05T01:41:00+00:00,2025-08-05T01:25:38+00:00,Arizona Diamondbacks,San Diego Padres,0,2025-08-06T05:30:00+00:00,0.453164556962,0.453164556962,,
MLB,hist-oddsapi-63de27985bb8d49c20edd78eb857edd0,2025-08-05T02:11:00+00:00,2025-08-05T01:55:38+00:00,Los Angeles Dodgers,St. Louis Cardinals,1,2025-08-06T04:30:00+00:00,0.603911980440,0.603911980440,,
MLB,hist-oddsapi-a66170d8939bdc05583f3c16ae850cda,2025-08-05T22:46:00+00:00,2025-08-05T22:25:38+00:00,Washington Nationals,Oakland Athletics,0,2025-08-06T01:00:00+00:00,0.547979797980,0.547979797980,,
MLB,hist-oddsapi-bd6bf5a3f6172f5567b4d6d0c4adf3ad,2025-08-05T22:46:00+00:00,2025-08-05T22:25:38+00:00,Philadelphia Phillies,Baltimore Orioles,0,2025-08-06T19:00:00+00:00,0.550505050505,0.550505050505,,
MLB,hist-oddsapi-93047b4d0a8d48fc4c21b5e4ca5900f0,2025-08-05T23:11:00+00:00,2025-08-05T22:55:38+00:00,New York Mets,Cleveland Guardians,0,2025-08-06T19:15:00+00:00,0.590123456790,0.590123456790,,
MLB,hist-oddsapi-93cb4968bdf343889674e94ca2a5059a,2025-08-05T23:11:00+00:00,2025-08-05T22:55:38+00:00,Boston Red Sox,Kansas City Royals,0,2025-08-07T01:45:00+00:00,0.677852348993,0.677852348993,,
MLB,hist-oddsapi-d21655aaf9b3528d26dd775bda848f24,2025-08-06T00:05:00+00:00,2025-08-05T23:55:39+00:00,Chicago Cubs,Cincinnati Reds,1,2025-08-06T20:15:00+00:00,0.627684964200,0.627684964200,,
MLB,hist-oddsapi-0834940ff1c3432f9d463be19ab3b32e,2025-08-06T01:41:00+00:00,2025-08-06T01:25:39+00:00,Arizona Diamondbacks,San Diego Padres,0,2025-08-07T05:30:00+00:00,0.486005089059,0.486005089059,,
MLB,hist-oddsapi-fe47d59c9a08aefc08754727781e3808,2025-08-06T01:41:00+00:00,2025-08-06T01:25:39+00:00,Seattle Mariners,Chicago White Sox,1,2025-08-06T03:45:00+00:00,0.689277899344,0.689277899344,,
MLB,hist-oddsapi-457be53b654e7854c306fdada75e904a,2025-08-06T22:45:00+00:00,2025-08-06T22:25:38+00:00,Washington Nationals,Oakland Athletics,0,2025-08-07T18:15:00+00:00,0.427500000000,0.427500000000,,
MLB,hist-oddsapi-6b3315915bd690bb2963c70853c92583,2025-08-07T22:41:00+00:00,2025-08-07T22:25:39+00:00,Pittsburgh Pirates,Cincinnati Reds,1,2025-08-08T01:00:00+00:00,0.600490196078,0.600490196078,,
MLB,hist-oddsapi-9e5b35ff1456c096421e267b37adc241,2025-08-08T22:41:00+00:00,2025-08-08T22:25:38+00:00,Pittsburgh Pirates,Cincinnati Reds,0,2025-08-10T01:15:00+00:00,0.464467005076,0.464467005076,,
MLB,hist-oddsapi-0a5faa6b463a2f1200ffc1a2a99ede76,2025-08-08T23:06:00+00:00,2025-08-08T22:55:39+00:00,Baltimore Orioles,Oakland Athletics,0,2025-08-10T00:45:00+00:00,0.530456852792,0.530456852792,,
MLB,hist-oddsapi-f770b970cc067a640077c4bdb10308f6,2025-08-08T23:06:00+00:00,2025-08-08T22:55:39+00:00,New York Yankees,Houston Astros,1,2025-08-09T21:15:00+00:00,0.522842639594,0.522842639594,,
MLB,hist-oddsapi-2180c892550d82cb5434ce13550f1e01,2025-08-08T23:41:00+00:00,2025-08-08T23:25:39+00:00,Chicago White Sox,Cleveland Guardians,0,2025-08-09T01:00:00+00:00,0.457070707071,0.457070707071,,
MLB,hist-oddsapi-3826008f0132082e1a3e4cce7e2f491f,2025-08-09T00:06:00+00:00,2025-08-08T23:55:39+00:00,Texas Rangers,Philadelphia Phillies,0,2025-08-09T03:15:00+00:00,0.455696202532,0.455696202532,,
MLB,hist-oddsapi-8f7f05497ec6d9b2564b505b6f42d8c9,2025-08-09T00:11:00+00:00,2025-08-08T23:55:39+00:00,Minnesota Twins,Kansas City Royals,1,2025-08-09T02:30:00+00:00,0.560301507538,0.560301507538,,
MLB,hist-oddsapi-dbf07eaf9f86c61fa7725cebb48145ca,2025-08-09T00:16:00+00:00,2025-08-08T23:55:39+00:00,St. Louis Cardinals,Chicago Cubs,0,2025-08-10T01:00:00+00:00,0.396088019560,0.396088019560,,
MLB,hist-oddsapi-1b8afa626c6916b9760d8316a9c86337,2025-08-09T01:41:00+00:00,2025-08-09T01:25:38+00:00,Seattle Mariners,Tampa Bay Rays,1,2025-08-09T03:45:00+00:00,0.544303797468,0.544303797468,,
MLB,hist-oddsapi-1cadb9abb78d3d219aec070df23a9fa3,2025-08-09T01:41:00+00:00,2025-08-09T01:25:38+00:00,San Diego Padres,Boston Red Sox,0,2025-08-09T04:00:00+00:00,0.611650485437,0.611650485437,,
MLB,hist-oddsapi-176aede68466c300af2b41dfabb70b34,2025-08-09T02:11:00+00:00,2025-08-09T01:55:39+00:00,Los Angeles Dodgers,Toronto Blue Jays,1,2025-08-10T03:15:00+00:00,0.561403508772,0.561403508772,,
MLB,hist-oddsapi-1f0e492ec6029adec7b2dd2f9c4617e6,2025-08-09T02:16:00+00:00,2025-08-09T01:55:39+00:00,San Francisco Giants,Washington Nationals,0,2025-08-09T22:30:00+00:00,0.611650485437,0.611650485437,,
MLB,hist-oddsapi-a04ee592aa9c192358eda0d38869066c,2025-08-09T20:06:00+00:00,2025-08-09T19:55:38+00:00,San Francisco Giants,Washington Nationals,0,2025-08-10T22:00:00+00:00,0.603911980440,0.603911980440,,
MLB,hist-oddsapi-da6b80dd679f3d8a83462d27229ddbd2,2025-08-09T22:11:00+00:00,2025-08-09T21:55:38+00:00,Detroit Tigers,Los Angeles Angels,1,2025-08-10T19:45:00+00:00,0.551637279597,0.551637279597,,
MLB,hist-oddsapi-24145558ebd38b3af2eff83014d296fe,2025-08-09T22:41:00+00:00,2025-08-09T22:25:38+00:00,Pittsburgh Pirates,Cincinnati Reds,0,2025-08-10T21:00:00+00:00,0.500000000000,0.500000000000,,
MLB,hist-oddsapi-33afac4939745400f0b880977b8c4037,2025-08-09T23:11:00+00:00,2025-08-09T22:55:38+00:00,Minnesota Twins,Kansas City Royals,1,2025-08-10T20:30:00+00:00,0.486005089059,0.486005089059,,
MLB,hist-oddsapi-f53a0cf0e7855abec7c8bf5f7c1c24f0,2025-08-09T23:16:00+00:00,2025-08-09T22:55:38+00:00,Atlanta Braves,Miami Marlins,1,2025-08-10T20:15:00+00:00,0.497448979592,0.497448979592,,
MLB,hist-oddsapi-1e85fe80d8ebab823894ddbf6d5e7f90,2025-08-10T00:11:00+00:00,2025-08-09T23:55:38+00:00,Arizona Diamondbacks,Colorado Rockies,1,2025-08-10T21:45:00+00:00,0.665148063781,0.665148063781,,
MLB,hist-oddsapi-7aed97b9d5ab468609a1dc8a80a706e7,2025-08-10T00:41:00+00:00,2025-08-10T00:25:38+00:00,San Diego Padres,Boston Red Sox,1,2025-08-10T23:00:00+00:00,0.561403508772,0.561403508772,,
MLB,hist-oddsapi-57cf78b6743cc89f694077f249f4ee1c,2025-08-10T01:11:00+00:00,2025-08-10T00:55:39+00:00,Los Angeles Dodgers,Toronto Blue Jays,0,2025-08-10T23:45:00+00:00,0.586633663366,0.586633663366,,
MLB,hist-oddsapi-0b9b6974a5606cc61d4e6a4363444682,2025-08-10T01:40:00+00:00,2025-08-10T01:25:38+00:00,Seattle Mariners,Tampa Bay Rays,1,2025-08-11T00:00:00+00:00,0.576059850374,0.576059850374,,
MLB,hist-oddsapi-6c7ec7f3f08bcd1efb7b7b6fe9fcfc73,2025-08-11T22:11:00+00:00,2025-08-11T21:55:39+00:00,Cincinnati Reds,Philadelphia Phillies,0,2025-08-12T00:30:00+00:00,0.536708860759,0.536708860759,,
MLB,hist-oddsapi-726c7f4c9418d7707909f9d403b620b0,2025-08-11T23:06:00+00:00,2025-08-11T22:55:38+00:00,New York Yankees,Minnesota Twins,1,2025-08-13T01:45:00+00:00,0.623501199041,0.623501199041,,
MLB,hist-oddsapi-20c624104a9496e201714efe2cb15838,2025-08-11T23:41:00+00:00,2025-08-11T23:25:38+00:00,Milwaukee Brewers,Pittsburgh Pirates,1,2025-08-13T01:30:00+00:00,0.629453681710,0.629453681710,,
MLB,hist-oddsapi-28935ffaf5dd4f2eafb7e344307530a7,2025-08-11T23:41:00+00:00,2025-08-11T23:25:38+00:00,Kansas City Royals,Washington Nationals,1,2025-08-13T02:15:00+00:00,0.576059850374,0.576059850374,,
MLB,hist-oddsapi-bbc2d2d18b529572282f9d1ce52e72d2,2025-08-12T00:11:00+00:00,2025-08-11T23:55:38+00:00,Houston Astros,Boston Red Sox,0,2025-08-13T02:30:00+00:00,0.409876543210,0.409876543210,,
MLB,hist-oddsapi-1f9b546642d72edeface15bee63c13d0,2025-08-12T01:39:00+00:00,2025-08-12T01:25:39+00:00,Los Angeles Angels,Los Angeles Dodgers,1,2025-08-13T05:45:00+00:00,0.394160583942,0.394160583942,,
MLB,hist-oddsapi-bef8facc2bc8a6b0871a858e59f1b199,2025-08-12T01:46:00+00:00,2025-08-12T01:25:39+00:00,San Francisco Giants,San Diego Padres,0,2025-08-13T04:30:00+00:00,0.539240506329,0.539240506329,,
MLB,hist-oddsapi-7e66362a6a9d3ae610821bec3fb6f7c3,2025-08-12T02:05:00+00:00,2025-08-12T01:55:38+00:00,Oakland Athletics,Tampa Bay Rays,1,2025-08-13T04:15:00+00:00,0.507653061224,0.507653061224,,
MLB,hist-oddsapi-108c2d49234f3ad3715cf6efc29da787,2025-08-12T22:41:00+00:00,2025-08-12T22:25:38+00:00,Cleveland Guardians,Miami Marlins,0,2025-08-14T01:45:00+00:00,0.550505050505,0.550505050505,,
MLB,hist-oddsapi-c2722ef9a23ed7b154697495012ab0de,2025-08-12T22:41:00+00:00,2025-08-12T22:25:38+00:00,Cincinnati Reds,Philadelphia Phillies,1,2025-08-14T00:15:00+00:00,0.443324937028,0.443324937028,,
MLB,hist-oddsapi-d1f917ff242fa04bbd76149c4a9f4308,2025-08-12T23:11:00+00:00,2025-08-12T22:55:39+00:00,New York Mets,Atlanta Braves,0,2025-08-14T03:45:00+00:00,0.566416040100,0.566416040100,,
MLB,hist-oddsapi-881adc516fe8cb8a3c90a89c4a599077,2025-08-12T23:41:00+00:00,2025-08-12T23:25:38+00:00,Milwaukee Brewers,Pittsburgh Pirates,1,2025-08-13T21:00:00+00:00,0.556675062972,0.556675062972,,
MLB,hist-oddsapi-dc3d07def9b475ba3e46d5ddfc582aa7,2025-08-12T23:41:00+00:00,2025-08-12T23:25:38+00:00,Chicago White Sox,Detroit Tigers,0,2025-08-13T22:00:00+00:00,0.396088019560,0.396088019560,,
MLB,hist-oddsapi-dae321f6e083de2d330820820e6090b4,2025-08-13T00:06:00+00:00,2025-08-12T23:55:38+00:00,Texas Rangers,Arizona Diamondbacks,0,2025-08-13T21:30:00+00:00,0.583126550868,0.583126550868,,
MLB,hist-oddsapi-2d4aa7256eba76123a6d6e1bbc511e2a,2025-08-13T01:38:42+00:00,2025-08-13T01:25:38+00:00,Los Angeles Angels,Los Angeles Dodgers,1,2025-08-14T04:45:00+00:00,0.391727493917,0.391727493917,,
MLB,hist-oddsapi-ab22b1de015e947d8fdc4bed40387cb4,2025-08-13T01:46:00+00:00,2025-08-13T01:25:38+00:00,San Francisco Giants,San Diego Padres,0,2025-08-13T21:45:00+00:00,0.529262086514,0.529262086514,,
MLB,hist-oddsapi-7207e85ba3a29618de6c3b8e4f921b34,2025-08-13T02:06:00+00:00,2025-08-13T01:55:38+00:00,Oakland Athletics,Tampa Bay Rays,0,2025-08-14T04:15:00+00:00,0.502551020408,0.502551020408,,
MLB,hist-oddsapi-bcfcaa7ce8430d83d56dd58981bc295a,2025-08-13T22:40:00+00:00,2025-08-13T22:25:39+00:00,Cleveland Guardians,Miami Marlins,1,2025-08-15T01:15:00+00:00,0.555555555556,0.555555555556,,
MLB,hist-oddsapi-51b0d74dc7083b707a542028aafa1a7a,2025-08-13T23:07:00+00:00,2025-08-13T22:55:39+00:00,Toronto Blue Jays,Chicago Cubs,1,2025-08-14T21:15:00+00:00,0.547979797980,0.547979797980,,
MLB,hist-oddsapi-99eb5968568d7b92d2bd1da26839ebdf,2025-08-13T23:10:00+00:00,2025-08-13T22:55:39+00:00,New York Mets,Atlanta Braves,0,2025-08-15T02:45:00+00:00,0.648018648019,0.648018648019,,
MLB,hist-oddsapi-1c57a9bf030f96ff9a2585aa75aa7f75,2025-08-14T23:41:00+00:00,2025-08-14T23:25:39+00:00,Minnesota Twins,Detroit Tigers,0,2025-08-15T02:45:00+00:00,0.359154929577,0.359154929577,,
MLB,hist-oddsapi-91c0e5b89cd6f0f7bb77acfa35024f98,2025-08-15T00:41:00+00:00,2025-08-15T00:25:39+00:00,Colorado Rockies,Arizona Diamondbacks,0,2025-08-15T02:30:00+00:00,0.388349514563,0.388349514563,,
MLB,hist-oddsapi-73e2979c3e4fc9c90a414f5c56d35cdd,2025-08-15T18:21:00+00:00,2025-08-15T17:55:38+00:00,Chicago Cubs,Pittsburgh Pirates,1,2025-08-16T21:30:00+00:00,0.632701421801,0.632701421801,,
MLB,hist-oddsapi-dd870cf0a61e44ace6bc5040c5aec20d,2025-08-15T22:46:00+00:00,2025-08-15T22:25:38+00:00,Washington Nationals,Philadelphia Phillies,1,2025-08-17T00:00:00+00:00,0.355971896956,0.355971896956,,
MLB,hist-oddsapi-72801becbebac8f7b8c88d54b1dd92d6,2025-08-15T23:07:00+00:00,2025-08-15T22:55:39+00:00,Toronto Blue Jays,Texas Rangers,1,2025-08-16T21:00:00+00:00,0.500000000000,0.500000000000,,
MLB,hist-oddsapi-31e399a7efd0c40c7ea5434edd421474,2025-08-15T23:11:00+00:00,2025-08-15T22:55:39+00:00,New York Mets,Seattle Mariners,1,2025-08-16T23:30:00+00:00,0.542929292929,0.542929292929,,
MLB,hist-oddsapi-6f641f2f9716dfdc73fa38b21f1cce9b,2025-08-15T23:11:00+00:00,2025-08-15T22:55:39+00:00,Cleveland Guardians,Atlanta Braves,0,2025-08-16T01:30:00+00:00,0.507653061224,0.507653061224,,
MLB,hist-oddsapi-a6b26295a0f333cd609e5c09b3d9fa66,2025-08-15T23:11:00+00:00,2025-08-15T22:55:39+00:00,Boston Red Sox,Miami Marlins,1,2025-08-16T22:30:00+00:00,0.594594594595,0.594594594595,,
MLB,hist-oddsapi-c443e2ab5209110d3ed759dabd9a8730,2025-08-16T00:11:00+00:00,2025-08-15T23:55:38+00:00,Kansas City Royals,Chicago White Sox,1,2025-08-17T01:15:00+00:00,0.624401913876,0.624401913876,,
MLB,hist-oddsapi-cb50af1c6d1d1aac71a998d3c4207552,2025-08-16T00:11:00+00:00,2025-08-15T23:55:38+00:00,Houston Astros,Baltimore Orioles,0,2025-08-16T02:15:00+00:00,0.656682027650,0.656682027650,,
MLB,hist-oddsapi-d902cb7e9a4097f6ca3664cd8d4df1f7,2025-08-16T00:11:00+00:00,2025-08-15T23:55:38+00:00,Minnesota Twins,Detroit Tigers,0,2025-08-17T03:00:00+00:00,0.449494949495,0.449494949495,,
MLB,hist-oddsapi-701db65f6f7da7832bb5460019fa736c,2025-08-16T00:16:00+00:00,2025-08-15T23:55:38+00:00,St. Louis Cardinals,New York Yankees,0,2025-08-17T02:15:00+00:00,0.423940149626,0.423940149626,,
MLB,hist-oddsapi-2b08eabf87dc09e514ba3f6a38bd1f17,2025-08-16T02:05:48+00:00,2025-08-16T01:55:38+00:00,Oakland Athletics,Los Angeles Angels,1,2025-08-17T04:45:00+00:00,0.502551020408,0.502551020408,,
MLB,hist-oddsapi-ffd5e4fbace80d4ddac92a1ba6c734c3,2025-08-16T02:11:00+00:00,2025-08-16T01:55:38+00:00,Los Angeles Dodgers,San Diego Padres,1,2025-08-17T03:30:00+00:00,0.559193954660,0.559193954660,,
MLB,hist-oddsapi-f7bcfee557ebcecc05c50fce700f9c86,2025-08-16T18:21:00+00:00,2025-08-16T17:55:38+00:00,Chicago Cubs,Pittsburgh Pirates,1,2025-08-17T21:15:00+00:00,0.662100456621,0.662100456621,,
MLB,hist-oddsapi-d2d35fbe5af6bfe1793fa34d77a5d527,2025-08-16T20:06:00+00:00,2025-08-16T19:55:38+00:00,Washington Nationals,Philadelphia Phillies,0,2025-08-17T18:30:00+00:00,0.422885572139,0.422885572139,,
MLB,hist-oddsapi-23229b3e18535df0b09c5d63feb84683,2025-08-16T20:11:00+00:00,2025-08-16T19:55:38+00:00,Boston Red Sox,Miami Marlins,0,2025-08-17T20:30:00+00:00,0.635933806147,0.635933806147,,
MLB,hist-oddsapi-fcefa09828dd0dab505017886206fd1d,2025-08-16T22:41:00+00:00,2025-08-16T22:25:38+00:00,Cincinnati Reds,Milwaukee Brewers,1,2025-08-17T20:30:00+00:00,0.470737913486,0.470737913486,,
MLB,hist-oddsapi-5df7b4c4539a0e98213d3805cfd9d85f,2025-08-16T23:10:00+00:00,2025-08-16T22:55:38+00:00,Houston Astros,Baltimore Orioles,0,2025-08-17T20:15:00+00:00,0.547979797980,0.547979797980,,
MLB,hist-oddsapi-81e48fc04d384bdbbfc881284b581de4,2025-08-16T23:11:00+00:00,2025-08-16T22:55:38+00:00,Cleveland Guardians,Atlanta Braves,0,2025-08-17T21:00:00+00:00,0.492346938776,0.492346938776,,
MLB,hist-oddsapi-887cdb275845814f4a09c053cf2ba1f4,2025-08-16T23:11:00+00:00,2025-08-16T22:55:38+00:00,Kansas City Royals,Chicago White Sox,1,2025-08-17T21:00:00+00:00,0.562814070352,0.562814070352,,
MLB,hist-oddsapi-14c56a4d4b0aac6260eb789ff7d6f778,2025-08-16T23:16:00+00:00,2025-08-16T22:55:38+00:00,St. Louis Cardinals,New York Yankees,0,2025-08-17T21:30:00+00:00,0.436090225564,0.436090225564,,
MLB,hist-oddsapi-5c099e1e65984ce5a912ff89d56f87cf,2025-08-16T23:16:00+00:00,2025-08-16T22:55:38+00:00,Minnesota Twins,Detroit Tigers,1,2025-08-17T20:30:00+00:00,0.508905852417,0.508905852417,,
MLB,hist-oddsapi-87b6b3c8393bd873ee4f8f914fe08ace,2025-08-17T00:11:00+00:00,2025-08-16T23:55:38+00:00,Colorado Rockies,Arizona Diamondbacks,1,2025-08-17T22:00:00+00:00,0.391727493917,0.391727493917,,
MLB,hist-oddsapi-64cba6abb4880f047aacae6ed2dfd09a,2025-08-17T01:06:00+00:00,2025-08-17T00:55:38+00:00,San Francisco Giants,Tampa Bay Rays,1,2025-08-17T22:15:00+00:00,0.488549618321,0.488549618321,,
MLB,hist-oddsapi-8eae10399aea61648ea8741077722412,2025-08-17T01:10:00+00:00,2025-08-17T00:55:38+00:00,Los Angeles Dodgers,San Diego Padres,1,2025-08-17T23:00:00+00:00,0.524173027990,0.524173027990,,
MLB,hist-oddsapi-89047d113644dcf45e4495dcc09fb0d4,2025-08-17T02:06:00+00:00,2025-08-17T01:55:38+00:00,Oakland Athletics,Los Angeles Angels,0,2025-08-17T23:30:00+00:00,0.535532994924,0.535532994924,,
MLB,hist-oddsapi-4f8b5b70b6b93f96464ac5716dd0013d,2025-08-18T18:21:00+00:00,2025-08-18T17:55:38+00:00,Chicago Cubs,Milwaukee Brewers,0,2025-08-18T20:45:00+00:00,0.519083969466,0.519083969466,,
MLB,hist-oddsapi-6bc2f6751404b31398d4dda36a0de5a4,2025-08-18T22:40:00+00:00,2025-08-18T22:25:38+00:00,Pittsburgh Pirates,Toronto Blue Jays,1,2025-08-19T01:30:00+00:00,0.500000000000,0.500000000000,,
MLB,hist-oddsapi-7e2f84b9a2a09dab4106857f4113fb78,2025-08-18T22:40:00+00:00,2025-08-18T22:25:38+00:00,Detroit Tigers,Houston Astros,1,2025-08-20T02:30:00+00:00,0.570000000000,0.570000000000,,
MLB,hist-oddsapi-c1e1cc3727c34d0a52a74c2a63a21ccb,2025-08-18T22:40:00+00:00,2025-08-18T22:25:38+00:00,Miami Marlins,St. Louis Cardinals,0,2025-08-19T01:15:00+00:00,0.563909774436,0.563909774436,,
MLB,hist-oddsapi-c9a755615f19bfff24bb1b68011b12cc,2025-08-18T22:46:00+00:00,2025-08-18T22:25:38+00:00,Philadelphia Phillies,Seattle Mariners,1,2025-08-19T01:00:00+00:00,0.513994910941,0.513994910941,,
MLB,hist-oddsapi-a7d03d23a217bb0edbc146522af23cad,2025-08-18T23:10:00+00:00,2025-08-18T22:55:38+00:00,Boston Red Sox,Baltimore Orioles,0,2025-08-19T01:45:00+00:00,0.526717557252,0.526717557252,,
MLB,hist-oddsapi-60750dce1d75e592a3164b84433962af,2025-08-18T23:40:00+00:00,2025-08-18T23:25:38+00:00,Kansas City Royals,Texas Rangers,1,2025-08-20T02:15:00+00:00,0.541772151899,0.541772151899,,
MLB,hist-oddsapi-68d4eecf18001888b5874b7e7b9c393b,2025-08-19T00:06:00+00:00,2025-08-18T23:25:38+00:00,Chicago Cubs,Milwaukee Brewers,1,2025-08-20T02:45:00+00:00,0.511450381679,0.511450381679,,
MLB,hist-oddsapi-e45c1d801a6b4a7da06383b1d53ff15f,2025-08-19T00:40:00+00:00,2025-08-19T00:25:39+00:00,Colorado Rockies,Los Angeles Dodgers,1,2025-08-19T03:15:00+00:00,0.281573498965,0.281573498965,,
MLB,hist-oddsapi-c3e4f7f8a3c8485ff44f43e3d9c4aa16,2025-08-19T01:38:00+00:00,2025-08-19T01:25:38+00:00,Los Angeles Angels,Cincinnati Reds,0,2025-08-20T04:30:00+00:00,0.487244897959,0.487244897959,,
MLB,hist-oddsapi-97c840bb84061665da191d45fc032d47,2025-08-19T01:41:00+00:00,2025-08-19T01:25:38+00:00,Arizona Diamondbacks,Cleveland Guardians,0,2025-08-19T04:30:00+00:00,0.526717557252,0.526717557252,,
MLB,hist-oddsapi-e1a1538eaf5af03907c9e8395c3fc6e2,2025-08-19T01:41:00+00:00,2025-08-19T01:25:38+00:00,San Diego Padres,San Francisco Giants,0,2025-08-19T04:30:00+00:00,0.583126550868,0.583126550868,,
MLB,hist-oddsapi-395d19d8ef5dc98fbe271a9106b1c487,2025-08-19T22:41:00+00:00,2025-08-19T22:25:39+00:00,Miami Marlins,St. Louis Cardinals,1,2025-08-21T01:30:00+00:00,0.563909774436,0.563909774436,,
MLB,hist-oddsapi-66dd01211533d04cdc597f86fff713fb,2025-08-19T22:41:00+00:00,2025-08-19T22:25:39+00:00,Detroit Tigers,Houston Astros,1,2025-08-20T19:30:00+00:00,0.592592592593,0.592592592593,,
MLB,hist-oddsapi-fe0f8c506c01a5a18303c4d36590e628,2025-08-19T22:41:00+00:00,2025-08-19T22:25:39+00:00,Pittsburgh Pirates,Toronto Blue Jays,1,2025-08-20T19:15:00+00:00,0.437185929648,0.437185929648,,
MLB,hist-oddsapi-2a2eeccc07a4e413a64d116f7f18539c,2025-08-19T22:46:00+00:00,2025-08-19T22:25:39+00:00,Washington Nationals,New York Mets,0,2025-08-20T01:00:00+00:00,0.360000000000,0.360000000000,,
MLB,hist-oddsapi-f69cc5841a8948029f23ae0ae1c80548,2025-08-19T22:46:00+00:00,2025-08-19T22:25:39+00:00,Philadelphia Phillies,Seattle Mariners,1,2025-08-20T19:30:00+00:00,0.643192488263,0.643192488263,,
MLB,hist-oddsapi-ce500352eaa467ddd2732d612f277283,2025-08-19T23:35:00+00:00,2025-08-19T23:25:38+00:00,Tampa Bay Rays,New York Yankees,0,2025-08-20T03:15:00+00:00,0.453164556962,0.453164556962,,
MLB,hist-oddsapi-65291860d048b2dfede5cec509536463,2025-08-19T23:40:00+00:00,2025-08-19T23:25:38+00:00,Kansas City Royals,Texas Rangers,0,2025-08-21T02:45:00+00:00,0.494897959184,0.494897959184,,
MLB,hist-oddsapi-89d7537333fede7eb9629899536c3047,2025-08-19T23:40:00+00:00,2025-08-19T23:25:38+00:00,Minnesota Twins,Oakland Athletics,0,2025-08-21T03:30:00+00:00,0.576059850374,0.576059850374,,
MLB,hist-oddsapi-3c8245cf9ebf855ac370df33763badc1,2025-08-20T00:40:00+00:00,2025-08-20T00:25:38+00:00,Colorado Rockies,Los Angeles Dodgers,1,2025-08-21T02:45:00+00:00,0.305194805195,0.305194805195,,
MLB,hist-oddsapi-84f45d028a82939b2f11aebbd0ab96be,2025-08-20T01:38:00+00:00,2025-08-20T01:25:38+00:00,Los Angeles Angels,Cincinnati Reds,1,2025-08-21T04:30:00+00:00,0.450881612091,0.450881612091,,
MLB,hist-oddsapi-1bbe22ac5ee7a09c93d1b6332e6624e0,2025-08-20T01:40:00+00:00,2025-08-20T01:25:38+00:00,San Diego Padres,San Francisco Giants,1,2025-08-21T04:00:00+00:00,0.635933806147,0.635933806147,,
MLB,hist-oddsapi-20fdc50d350b8787dfe86e7f989c627c,2025-08-20T01:40:00+00:00,2025-08-20T01:25:38+00:00,Arizona Diamondbacks,Cleveland Guardians,1,2025-08-20T22:15:00+00:00,0.530456852792,0.530456852792,,
MLB,hist-oddsapi-5facf0f0d215fe60caa69372a112cc19,2025-08-20T23:40:00+00:00,2025-08-20T23:25:40+00:00,Minnesota Twins,Oakland Athletics,0,2025-08-21T19:30:00+00:00,0.539240506329,0.539240506329,,
MLB,hist-oddsapi-ddd9328564d556d0b544681e2244d34d,2025-08-21T00:40:00+00:00,2025-08-21T00:25:38+00:00,Colorado Rockies,Los Angeles Dodgers,0,2025-08-21T22:15:00+00:00,0.280412371134,0.280412371134,,
MLB,hist-oddsapi-aa2a614fdc6ce589685db0609c6e83e7,2025-08-21T01:41:00+00:00,2025-08-21T01:25:38+00:00,San Diego Padres,San Francisco Giants,1,2025-08-21T23:00:00+00:00,0.566416040100,0.566416040100,,
MLB,hist-oddsapi-184263cf77067977420148453ccd69e7,2025-08-21T23:16:00+00:00,2025-08-21T22:55:39+00:00,Baltimore Orioles,Houston Astros,0,2025-08-22T01:45:00+00:00,0.526717557252,0.526717557252,,
MLB,hist-oddsapi-32b0a0ac153c538533a4259dcac4c0df,2025-08-21T23:16:00+00:00,2025-08-21T22:55:39+00:00,New York Yankees,Boston Red Sox,0,2025-08-23T02:00:00+00:00,0.570000000000,0.570000000000,,
MLB,hist-oddsapi-bb8d8308787337bcc2c0cddab9f34b3a,2025-08-21T23:35:00+00:00,2025-08-21T23:25:39+00:00,Tampa Bay Rays,St. Louis Cardinals,1,2025-08-23T02:15:00+00:00,0.478371501272,0.478371501272,,
MLB,hist-oddsapi-094e7f4486ae7981acdedad23d13b178,2025-08-22T22:41:00+00:00,2025-08-22T22:25:39+00:00,Pittsburgh Pirates,Colorado Rockies,1,2025-08-23T01:00:00+00:00,0.668934240363,0.668934240363,,
MLB,hist-oddsapi-44580bb593e9f1fa0e44ca74f2a35c07,2025-08-22T22:46:00+00:00,2025-08-22T22:25:39+00:00,Philadelphia Phillies,Washington Nationals,0,2025-08-23T01:30:00+00:00,0.640000000000,0.640000000000,,
MLB,hist-oddsapi-84f779b1fa7b3c03a01a0a174ef7c6ca,2025-08-22T23:06:00+00:00,2025-08-22T22:55:39+00:00,New York Yankees,Boston Red Sox,0,2025-08-23T19:45:00+00:00,0.644028103044,0.644028103044,,
MLB,hist-oddsapi-32debfeaa61e4c0c2570cd01efe1a673,2025-08-22T23:10:00+00:00,2025-08-22T22:55:39+00:00,Detroit Tigers,Kansas City Royals,1,2025-08-23T02:00:00+00:00,0.593596059113,0.593596059113,,
MLB,hist-oddsapi-9adeeb79718ffb29c2cbb68d2af9e65b,2025-08-22T23:16:00+00:00,2025-08-22T22:55:39+00:00,Atlanta Braves,New York Mets,0,2025-08-23T01:30:00+00:00,0.507653061224,0.507653061224,,
MLB,hist-oddsapi-c01b4f8b6fe8092e306043882feef91c,2025-08-22T23:36:00+00:00,2025-08-22T23:25:39+00:00,Tampa Bay Rays,St. Louis Cardinals,0,2025-08-23T21:00:00+00:00,0.554156171285,0.554156171285,,
MLB,hist-oddsapi-1d2c5d37582570fefb9b412bbe0e6149,2025-08-23T00:06:00+00:00,2025-08-22T23:55:39+00:00,Texas Rangers,Cleveland Guardians,1,2025-08-24T01:00:00+00:00,0.594594594595,0.594594594595,,
MLB,hist-oddsapi-ad6a0e6f06b0762014b4b3baa4b41dda,2025-08-23T00:11:00+00:00,2025-08-22T23:55:39+00:00,Milwaukee Brewers,San Francisco Giants,0,2025-08-24T01:30:00+00:00,0.619277108434,0.619277108434,,
MLB,hist-oddsapi-e88ba61e3ebe7b57dad845c1b581c953,2025-08-23T01:39:00+00:00,2025-08-23T01:25:39+00:00,Los Angeles Angels,Chicago Cubs,0,2025-08-23T05:00:00+00:00,0.467005076142,0.467005076142,,
MLB,hist-oddsapi-dd277b8fceeef5db2c0a624ea7a9c369,2025-08-23T01:41:00+00:00,2025-08-23T01:25:39+00:00,Arizona Diamondbacks,Cincinnati Reds,1,2025-08-24T02:15:00+00:00,0.551637279597,0.551637279597,,
MLB,hist-oddsapi-5f025d08d3c7c49c2538d139b46b7cf5,2025-08-23T22:41:00+00:00,2025-08-23T22:25:39+00:00,Pittsburgh Pirates,Colorado Rockies,1,2025-08-24T18:30:00+00:00,0.619277108434,0.619277108434,,
MLB,hist-oddsapi-0f33c016bdcfa44fbb0aa44c74389ab5,2025-08-23T23:06:00+00:00,2025-08-23T22:55:38+00:00,Texas Rangers,Cleveland Guardians,1,2025-08-24T21:15:00+00:00,0.542929292929,0.542929292929,,
MLB,hist-oddsapi-c4d624f96fbea6242d26611c1f37205f,2025-08-23T23:06:00+00:00,2025-08-23T22:55:38+00:00,Baltimore Orioles,Houston Astros,1,2025-08-24T20:15:00+00:00,0.520408163265,0.520408163265,,
MLB,hist-oddsapi-5c1ba81d05c98b63b9413affb5b61830,2025-08-23T23:11:00+00:00,2025-08-23T22:55:38+00:00,Chicago White Sox,Minnesota Twins,1,2025-08-24T20:00:00+00:00,0.494897959184,0.494897959184,,
MLB,hist-oddsapi-0068101cb29636fb022a380096be426d,2025-08-24T00:11:00+00:00,2025-08-23T23:55:38+00:00,Arizona Diamondbacks,Cincinnati Reds,0,2025-08-24T22:30:00+00:00,0.473282442748,0.473282442748,,
MLB,hist-oddsapi-d441fe6d05ab607a4130462df0585866,2025-08-24T00:40:00+00:00,2025-08-24T00:25:39+00:00,San Diego Padres,Los Angeles Dodgers,0,2025-08-24T22:30:00+00:00,0.442211055276,0.442211055276,,
MLB,hist-oddsapi-698874516208d70fa22ffda200213e9e,2025-08-24T01:39:00+00:00,2025-08-24T01:25:38+00:00,Los Angeles Angels,Chicago Cubs,0,2025-08-24T23:00:00+00:00,0.427500000000,0.427500000000,,
MLB,hist-oddsapi-fdbab635606098a15e33280f3e7ce62a,2025-08-24T01:41:00+00:00,2025-08-24T01:25:38+00:00,Seattle Mariners,Oakland Athletics,1,2025-08-24T21:30:00+00:00,0.608272506083,0.608272506083,,
MLB,hist-oddsapi-2c6e3cd67c18e21ddb2ee10da64ad160,2025-08-24T16:11:00+00:00,2025-08-24T15:55:38+00:00,Tampa Bay Rays,St. Louis Cardinals,1,2025-08-24T23:00:00+00:00,0.568922305764,0.568922305764,,
MLB,hist-oddsapi-c03e718c5c5d0add688d3695a5c958e2,2025-08-24T23:11:00+00:00,2025-08-24T22:55:38+00:00,New York Yankees,Boston Red Sox,1,2025-08-25T02:00:00+00:00,0.587654320988,0.587654320988,,
MLB,hist-oddsapi-5a0db1584a9db86c83dc6d826560d0c0,2025-08-25T22:40:00+00:00,2025-08-25T22:25:38+00:00,Cleveland Guardians,Tampa Bay Rays,0,2025-08-26T01:15:00+00:00,0.520408163265,0.520408163265,,
MLB,hist-oddsapi-dbcf7094c3d81a5a0198d880424164d1,2025-08-25T22:40:00+00:00,2025-08-25T22:25:38+00:00,Miami Marlins,Atlanta Braves,0,2025-08-27T01:15:00+00:00,0.467005076142,0.467005076142,,
MLB,hist-oddsapi-aae2a886b008f21586b4f14e64f9cc15,2025-08-25T23:06:00+00:00,2025-08-25T22:55:38+00:00,New York Yankees,Washington Nationals,1,2025-08-26T01:00:00+00:00,0.682222222222,0.682222222222,,
MLB,hist-oddsapi-638e9962372da939c154043bedcc3170,2025-08-25T23:07:00+00:00,2025-08-25T22:55:38+00:00,Toronto Blue Jays,Minnesota Twins,1,2025-08-26T01:30:00+00:00,0.561403508772,0.561403508772,,
MLB,hist-oddsapi-c691d78ce224f19f71c6ca29ce98a945,2025-08-25T23:10:00+00:00,2025-08-25T22:55:38+00:00,New York Mets,Philadelphia Phillies,1,2025-08-27T03:00:00+00:00,0.452020202020,0.452020202020,,
MLB,hist-oddsapi-a367d0e4c7854a34323f4b610b2e4ce1,2025-08-25T23:40:00+00:00,2025-08-25T23:25:39+00:00,Milwaukee Brewers,Arizona Diamondbacks,1,2025-08-26T04:15:00+00:00,0.616504854369,0.616504854369,,
MLB,hist-oddsapi-cf8eb2e7a4143d0e547978786fe2fb5c,2025-08-25T23:45:00+00:00,2025-08-25T23:25:39+00:00,St. Louis Cardinals,Pittsburgh Pirates,0,2025-08-27T02:15:00+00:00,0.547979797980,0.547979797980,,
MLB,hist-oddsapi-c0ff6b1dcc4c0f92bebb256fcb60f964,2025-08-26T00:05:00+00:00,2025-08-25T23:55:39+00:00,Texas Rangers,Los Angeles Angels,1,2025-08-27T02:15:00+00:00,0.631828978622,0.631828978622,,
MLB,hist-oddsapi-79483fe24e5229cd0405bb5d8aa77254,2025-08-26T01:41:00+00:00,2025-08-26T01:25:39+00:00,Seattle Mariners,San Diego Padres,1,2025-08-26T05:00:00+00:00,0.535532994924,0.535532994924,,
MLB,hist-oddsapi-9f1e423f5d42c753e64378e46f044c69,2025-08-26T02:05:00+00:00,2025-08-26T01:55:39+00:00,Oakland Athletics,Detroit Tigers,1,2025-08-26T04:30:00+00:00,0.334851936219,0.334851936219,,
MLB,hist-oddsapi-2fd597c43d19ecbe5696bc4185c7dfe1,2025-08-26T02:10:00+00:00,2025-08-26T01:55:39+00:00,Los Angeles Dodgers,Cincinnati Reds,1,2025-08-26T04:15:00+00:00,0.557788944724,0.557788944724,,
MLB,hist-oddsapi-08b7fc564889a1097c653cfa7c061883,2025-08-26T22:41:00+00:00,2025-08-26T22:25:39+00:00,Miami Marlins,Atlanta Braves,0,2025-08-27T19:00:00+00:00,0.467005076142,0.467005076142,,
MLB,hist-oddsapi-2b0b1a940845865c8cded63ca4003d8d,2025-08-26T23:06:00+00:00,2025-08-26T22:55:39+00:00,New York Yankees,Washington Nationals,1,2025-08-27T18:15:00+00:00,0.640845070423,0.640845070423,,
MLB,hist-oddsapi-29d0ae27d8aa9a14d30d73e6bb051f31,2025-08-26T23:11:00+00:00,2025-08-26T22:55:39+00:00,New York Mets,Philadelphia Phillies,1,2025-08-28T03:15:00+00:00,0.507653061224,0.507653061224,,
MLB,hist-oddsapi-587cd44f8e9b158712f51ce05e5bc9c1,2025-08-26T23:41:00+00:00,2025-08-26T23:25:39+00:00,Milwaukee Brewers,Arizona Diamondbacks,0,2025-08-28T02:30:00+00:00,0.616867469880,0.616867469880,,
MLB,hist-oddsapi-cbf15ec88ede633ec670845b62aea539,2025-08-26T23:41:00+00:00,2025-08-26T23:25:39+00:00,Chicago White Sox,Kansas City Royals,0,2025-08-28T01:30:00+00:00,0.473282442748,0.473282442748,,
MLB,hist-oddsapi-c69c021ef167fee70bbcbdecb750e063,2025-08-27T00:06:00+00:00,2025-08-26T23:55:39+00:00,Texas Rangers,Los Angeles Angels,1,2025-08-28T01:45:00+00:00,0.500000000000,0.500000000000,,
MLB,hist-oddsapi-3df0962bc88962e9a06bb6df8475c823,2025-08-27T01:41:00+00:00,2025-08-27T01:25:39+00:00,Seattle Mariners,San Diego Padres,1,2025-08-27T23:15:00+00:00,0.507653061224,0.507653061224,,
MLB,hist-oddsapi-67ea4feee927f75e8a98685796483f38,2025-08-27T01:46:00+00:00,2025-08-27T01:25:39+00:00,San Francisco Giants,Chicago Cubs,1,2025-08-28T03:45:00+00:00,0.431077694236,0.431077694236,,
MLB,hist-oddsapi-1f1ddc39ae5ce0844f6c88a06a5e6a67,2025-08-27T02:06:00+00:00,2025-08-27T01:55:39+00:00,Oakland Athletics,Detroit Tigers,1,2025-08-28T04:15:00+00:00,0.457070707071,0.457070707071,,
MLB,hist-oddsapi-6cde87afed4f17e7ea75e5620b048fd3,2025-08-27T02:11:00+00:00,2025-08-27T01:55:39+00:00,Los Angeles Dodgers,Cincinnati Reds,1,2025-08-28T03:30:00+00:00,0.623501199041,0.623501199041,,
MLB,hist-oddsapi-587db1f4ec7cfac45e22176549dcdd39,2025-08-28T22:46:00+00:00,2025-08-28T22:25:39+00:00,Philadelphia Phillies,Atlanta Braves,1,2025-08-30T02:30:00+00:00,0.609223300971,0.609223300971,,
MLB,hist-oddsapi-b446fa44f591249c098774bb5a5a6563,2025-08-28T23:11:00+00:00,2025-08-28T22:55:39+00:00,New York Mets,Miami Marlins,1,2025-08-30T00:15:00+00:00,0.702355460385,0.702355460385,,
MLB,hist-oddsapi-66da87e2868b13ab47978c1d6b1cc52c,2025-08-28T23:41:00+00:00,2025-08-28T23:25:39+00:00,Chicago White Sox,New York Yankees,0,2025-08-29T02:00:00+00:00,0.384057971014,0.384057971014,,
MLB,hist-oddsapi-4fd0f17d3ae088c76babd513212903e8,2025-08-29T23:08:00+00:00,2025-08-29T22:55:40+00:00,Toronto Blue Jays,Milwaukee Brewers,0,2025-08-30T02:00:00+00:00,0.557788944724,0.557788944724,,
MLB,hist-oddsapi-9c7aabcf3db6e7fcc09028d1f715f4a3,2025-08-29T23:11:00+00:00,2025-08-29T22:55:40+00:00,Boston Red Sox,Pittsburgh Pirates,0,2025-08-30T22:45:00+00:00,0.517857142857,0.517857142857,,
MLB,hist-oddsapi-30edcdb0f5e3ce56cc3731f84f3dad2f,2025-08-30T00:11:00+00:00,2025-08-29T23:55:39+00:00,Kansas City Royals,Detroit Tigers,1,2025-08-31T02:15:00+00:00,0.511450381679,0.511450381679,,
MLB,hist-oddsapi-32c5b7013169806351d16408fe5eee89,2025-08-30T00:11:00+00:00,2025-08-29T23:55:39+00:00,Minnesota Twins,San Diego Padres,0,2025-08-31T01:45:00+00:00,0.464467005076,0.464467005076,,
MLB,hist-oddsapi-4093621de4947b6190013147697beb2f,2025-08-30T00:41:00+00:00,2025-08-30T00:25:39+00:00,Colorado Rockies,Chicago Cubs,0,2025-08-30T02:30:00+00:00,0.344110854503,0.344110854503,,
MLB,hist-oddsapi-b7716877a265b9a44084698ef5a1fbc9,2025-08-30T02:06:00+00:00,2025-08-30T01:55:39+00:00,Oakland Athletics,Texas Rangers,0,2025-08-31T06:00:00+00:00,0.576059850374,0.576059850374,,
MLB,hist-oddsapi-deafdcccc626ebe594d2462a74152829,2025-08-30T02:11:00+00:00,2025-08-30T01:55:39+00:00,Los Angeles Dodgers,Arizona Diamondbacks,0,2025-08-30T04:45:00+00:00,0.667420814480,0.667420814480,,
MLB,hist-oddsapi-184c27bdc4cba67ccc2612cdb76b363f,2025-08-30T02:15:00+00:00,2025-08-30T01:55:39+00:00,San Francisco Giants,Baltimore Orioles,1,2025-08-30T05:00:00+00:00,0.572500000000,0.572500000000,,
MLB,hist-oddsapi-6fc1fd8446176b5bf132c04d0f03e167,2025-08-30T19:08:00+00:00,2025-08-30T18:55:38+00:00,Toronto Blue Jays,Milwaukee Brewers,1,2025-08-31T20:00:00+00:00,0.555555555556,0.555555555556,,
MLB,hist-oddsapi-3f5697d9a88962345c5d5623de413d8d,2025-08-30T20:11:00+00:00,2025-08-30T19:55:38+00:00,New York Mets,Miami Marlins,0,2025-08-31T20:15:00+00:00,0.615942028986,0.615942028986,,
MLB,hist-oddsapi-955ab2dbc6ff10398cdc914135fb6267,2025-08-30T20:11:00+00:00,2025-08-30T19:55:38+00:00,Boston Red Sox,Pittsburgh Pirates,1,2025-08-31T20:00:00+00:00,0.612590799031,0.612590799031,,
MLB,hist-oddsapi-3daafbb7f6c6f6b618c9b6d3323dc9ea,2025-08-30T22:41:00+00:00,2025-08-30T22:25:38+00:00,Cincinnati Reds,St. Louis Cardinals,1,2025-08-31T19:00:00+00:00,0.566416040100,0.566416040100,,
MLB,hist-oddsapi-af4d7584cb5334dd1bc603f432c4d481,2025-08-30T23:11:00+00:00,2025-08-30T22:55:38+00:00,Minnesota Twins,San Diego Padres,1,2025-08-31T19:45:00+00:00,0.421446384040,0.421446384040,,
MLB,hist-oddsapi-11d674134a61019f1d5115baaaddff2b,2025-08-30T23:16:00+00:00,2025-08-30T22:55:38+00:00,Cleveland Guardians,Seattle Mariners,1,2025-08-31T01:45:00+00:00,0.413366336634,0.413366336634,,
MLB,hist-oddsapi-9b9e4eb9f94e491825bf6adc2175ebbf,2025-08-30T23:16:00+00:00,2025-08-30T22:55:38+00:00,San Francisco Giants,Baltimore Orioles,1,2025-08-31T22:30:00+00:00,0.486005089059,0.486005089059,,
MLB,hist-oddsapi-5b6441efbf453b1e27d0eddce6f0e1c8,2025-08-31T00:11:00+00:00,2025-08-30T23:55:38+00:00,Colorado Rockies,Chicago Cubs,1,2025-08-31T22:45:00+00:00,0.351981351981,0.351981351981,,
MLB,hist-oddsapi-c7950f739489150f651db30ba45a6342,2025-08-31T02:06:00+00:00,2025-08-31T01:55:37+00:00,Oakland Athletics,Texas Rangers,0,2025-08-31T22:30:00+00:00,0.448362720403,0.448362720403,,
MLB,hist-oddsapi-5c5248924d11e1dedb9772e6f718ca83,2025-09-01T18:16:00+00:00,2025-09-01T17:55:38+00:00,St. Louis Cardinals,Oakland Athletics,0,2025-09-01T20:30:00+00:00,0.598039215686,0.598039215686,,
MLB,hist-oddsapi-e0c57919177a6d12bf30f9e0dd077ca4,2025-09-01T20:11:00+00:00,2025-09-01T19:55:38+00:00,Colorado Rockies,San Francisco Giants,0,2025-09-01T22:30:00+00:00,0.425000000000,0.425000000000,,
MLB,hist-oddsapi-74863661d794c349584d789db1b4ec31,2025-09-01T23:36:00+00:00,2025-09-01T23:25:38+00:00,Tampa Bay Rays,Seattle Mariners,1,2025-09-02T01:45:00+00:00,0.502551020408,0.502551020408,,
MLB,hist-oddsapi-2bbf43ad7a1fe7067dcd3b3728425e98,2025-09-02T22:40:00+00:00,2025-09-02T22:25:38+00:00,Cincinnati Reds,Toronto Blue Jays,0,2025-09-04T02:00:00+00:00,0.464467005076,0.464467005076,,
MLB,hist-oddsapi-2c767ef594017c47ddb39db9fff6cad1,2025-09-02T22:40:00+00:00,2025-09-02T22:25:38+00:00,Detroit Tigers,New York Mets,0,2025-09-03T00:45:00+00:00,0.464467005076,0.464467005076,,
MLB,hist-oddsapi-7b4b156056b04735fc31ded0725eae59,2025-09-02T22:40:00+00:00,2025-09-02T22:25:38+00:00,Pittsburgh Pirates,Los Angeles Dodgers,1,2025-09-04T01:15:00+00:00,0.384987893462,0.384987893462,,
MLB,hist-oddsapi-d4f6db241bf0695bddeb41b866c9ad44,2025-09-02T22:45:00+00:00,2025-09-02T22:25:38+00:00,Boston Red Sox,Cleveland Guardians,0,2025-09-04T01:15:00+00:00,0.699570815451,0.699570815451,,
MLB,hist-oddsapi-f621fc5f0a4dfac6bd1d512166476077,2025-09-02T22:45:00+00:00,2025-09-02T22:25:38+00:00,Washington Nationals,Miami Marlins,1,2025-09-03T20:00:00+00:00,0.539240506329,0.539240506329,,
MLB,hist-oddsapi-7682db2580d92ca0599b2662034e3d34,2025-09-02T23:35:00+00:00,2025-09-02T23:25:38+00:00,Tampa Bay Rays,Seattle Mariners,1,2025-09-04T01:30:00+00:00,0.482142857143,0.482142857143,,
MLB,hist-oddsapi-8b4a824fec9e3617984b2b0157714c2a,2025-09-02T23:39:00+00:00,2025-09-02T23:25:38+00:00,Chicago Cubs,Atlanta Braves,0,2025-09-04T02:00:00+00:00,0.608272506083,0.608272506083,,
MLB,hist-oddsapi-e45794bab8d98d9673433f6c4e1fa0d2,2025-09-02T23:40:00+00:00,2025-09-02T23:25:38+00:00,Minnesota Twins,Chicago White Sox,0,2025-09-04T02:45:00+00:00,0.559193954660,0.559193954660,,
MLB,hist-oddsapi-ecb405e4833d13c414900c7951338782,2025-09-02T23:40:00+00:00,2025-09-02T23:25:38+00:00,Kansas City Royals,Los Angeles Angels,0,2025-09-04T02:30:00+00:00,0.597051597052,0.597051597052,,
MLB,hist-oddsapi-4b95706262e6c81cc98c15758c5cc894,2025-09-02T23:45:00+00:00,2025-09-02T23:25:38+00:00,St. Louis Cardinals,Oakland Athletics,1,2025-09-04T02:15:00+00:00,0.488549618321,0.488549618321,,
MLB,hist-oddsapi-3cc97b21bc18c733eda6c0e69ea9227a,2025-09-03T00:10:00+00:00,2025-09-02T23:55:38+00:00,Houston Astros,New York Yankees,1,2025-09-04T03:00:00+00:00,0.464467005076,0.464467005076,,
MLB,hist-oddsapi-dc89d3551c9b12cf9d320560865e0743,2025-09-03T00:39:00+00:00,2025-09-03T00:25:38+00:00,Colorado Rockies,San Francisco Giants,0,2025-09-03T03:30:00+00:00,0.328828828829,0.328828828829,,
MLB,hist-oddsapi-1ed42e941f50f08be2d12b0fe6bacb6b,2025-09-03T01:40:00+00:00,2025-09-03T01:25:39+00:00,San Diego Padres,Baltimore Orioles,0,2025-09-03T23:00:00+00:00,0.620192307692,0.620192307692,,
MLB,hist-oddsapi-7b5fd499e9d26f6ace75ed8937afdf67,2025-09-03T01:40:00+00:00,2025-09-03T01:25:39+00:00,Arizona Diamondbacks,Texas Rangers,1,2025-09-03T22:15:00+00:00,0.500000000000,0.500000000000,,
MLB,hist-oddsapi-ba35cb2d6e20aa0ae96626fdeeb7092c,2025-09-03T22:41:00+00:00,2025-09-03T22:25:38+00:00,Pittsburgh Pirates,Los Angeles Dodgers,1,2025-09-05T01:30:00+00:00,0.401960784314,0.401960784314,,
MLB,hist-oddsapi-48b9adf5ff3d16169407722060180af5,2025-09-03T23:41:00+00:00,2025-09-03T23:25:38+00:00,Kansas City Royals,Los Angeles Angels,1,2025-09-05T02:00:00+00:00,0.598039215686,0.598039215686,,
MLB,hist-oddsapi-76a55e11c83dbd803c27da1cd99d30ed,2025-09-03T23:41:00+00:00,2025-09-03T23:25:38+00:00,Milwaukee Brewers,Philadelphia Phillies,1,2025-09-04T02:30:00+00:00,0.486005089059,0.486005089059,,
MLB,hist-oddsapi-a327ec590ce42c9e0c4c87fc3d1bbd96,2025-09-03T23:41:00+00:00,2025-09-03T23:25:38+00:00,Minnesota Twins,Chicago White Sox,0,2025-09-05T04:45:00+00:00,0.601466992665,0.601466992665,,
MLB,hist-oddsapi-353fd597638be1647c0898e771e7f50a,2025-09-04T23:35:00+00:00,2025-09-04T23:25:38+00:00,Tampa Bay Rays,Cleveland Guardians,0,2025-09-06T01:45:00+00:00,0.601466992665,0.601466992665,,
MLB,hist-oddsapi-50a440ce92f8fb35617d7aa1da95a494,2025-09-05T18:21:00+00:00,2025-09-05T17:55:38+00:00,Chicago Cubs,Washington Nationals,0,2025-09-06T20:45:00+00:00,0.655889145497,0.655889145497,,
MLB,hist-oddsapi-bf830cd28753b1fe35a6e25388cd87b3,2025-09-05T22:40:00+00:00,2025-09-05T22:25:39+00:00,Detroit Tigers,Chicago White Sox,1,2025-09-07T00:15:00+00:00,0.635071090047,0.635071090047,,
MLB,hist-oddsapi-208f593698809913e6cd8c81a77f7155,2025-09-05T22:41:00+00:00,2025-09-05T22:25:39+00:00,Pittsburgh Pirates,Milwaukee Brewers,0,2025-09-06T01:30:00+00:00,0.442211055276,0.442211055276,,
MLB,hist-oddsapi-efdeb6c467c25c508babeece1c070a8e,2025-09-05T22:41:00+00:00,2025-09-05T22:25:39+00:00,Cincinnati Reds,New York Mets,1,2025-09-07T01:15:00+00:00,0.491094147583,0.491094147583,,
MLB,hist-oddsapi-02b159c5c54a851299ac91cad5e5ae9b,2025-09-05T23:06:00+00:00,2025-09-05T22:55:38+00:00,Baltimore Orioles,Los Angeles Dodgers,1,2025-09-07T03:15:00+00:00,0.398533007335,0.398533007335,,
MLB,hist-oddsapi-984283d611672c661d9c7741f11670c4,2025-09-05T23:06:00+00:00,2025-09-05T22:55:38+00:00,New York Yankees,Toronto Blue Jays,1,2025-09-06T21:45:00+00:00,0.532994923858,0.532994923858,,
MLB,hist-oddsapi-e14e1d753f417b1825950b7dd1fd3e10,2025-09-05T23:11:00+00:00,2025-09-05T22:55:38+00:00,Miami Marlins,Philadelphia Phillies,0,2025-09-06T22:45:00+00:00,0.332579185520,0.332579185520,,
MLB,hist-oddsapi-25266ed5ebfd8dc13d242290f75be3ea,2025-09-05T23:16:00+00:00,2025-09-05T22:55:38+00:00,Atlanta Braves,Seattle Mariners,1,2025-09-06T01:45:00+00:00,0.541772151899,0.541772151899,,
MLB,hist-oddsapi-a53a3a6f8dacc3cbce0c94211a736aed,2025-09-05T23:36:00+00:00,2025-09-05T23:25:39+00:00,Tampa Bay Rays,Cleveland Guardians,0,2025-09-07T02:00:00+00:00,0.576059850374,0.576059850374,,
MLB,hist-oddsapi-f432720642bc36a821c97f809dc1c89c,2025-09-05T23:41:00+00:00,2025-09-05T23:25:39+00:00,Kansas City Royals,Minnesota Twins,1,2025-09-07T01:15:00+00:00,0.538071065990,0.538071065990,,
MLB,hist-oddsapi-7a99a32649a9e007e05ba8e49bf49dfb,2025-09-06T00:06:00+00:00,2025-09-05T23:55:38+00:00,Texas Rangers,Houston Astros,0,2025-09-07T02:15:00+00:00,0.520408163265,0.520408163265,,
MLB,hist-oddsapi-d20de1c5d3c6eea394379ea7e25d4826,2025-09-06T00:16:00+00:00,2025-09-05T23:55:38+00:00,St. Louis Cardinals,San Francisco Giants,0,2025-09-06T02:15:00+00:00,0.521628498728,0.521628498728,,
MLB,hist-oddsapi-2355c2d24c3f294f8239af359ba73ea7,2025-09-06T00:40:00+00:00,2025-09-06T00:25:39+00:00,Colorado Rockies,San Diego Padres,0,2025-09-07T03:15:00+00:00,0.343317972350,0.343317972350,,
MLB,hist-oddsapi-37676b3847a5a62a9be2b2651f311afa,2025-09-06T01:39:00+00:00,2025-09-06T01:25:38+00:00,Los Angeles Angels,Oakland Athletics,0,2025-09-06T04:15:00+00:00,0.579601990050,0.579601990050,,
MLB,hist-oddsapi-c45ba7bd654a8fc15b5ddd56860c4264,2025-09-06T22:11:00+00:00,2025-09-06T21:55:39+00:00,Detroit Tigers,Chicago White Sox,0,2025-09-07T21:00:00+00:00,0.722222222222,0.722222222222,,
MLB,hist-oddsapi-1ee3e78d3db13e14c7c91452c1f0e483,2025-09-06T22:41:00+00:00,2025-09-06T22:25:38+00:00,Cincinnati Reds,New York Mets,1,2025-09-07T20:15:00+00:00,0.448362720403,0.448362720403,,
MLB,hist-oddsapi-c3fd569a918d1f427b54eda9fd4f67c1,2025-09-06T22:41:00+00:00,2025-09-06T22:25:38+00:00,Pittsburgh Pirates,Milwaukee Brewers,0,2025-09-07T19:30:00+00:00,0.430000000000,0.430000000000,,
MLB,hist-oddsapi-be78e3b6549188f6519815dd4839b581,2025-09-06T23:05:00+00:00,2025-09-06T22:55:38+00:00,Baltimore Orioles,Los Angeles Dodgers,0,2025-09-07T20:30:00+00:00,0.443324937028,0.443324937028,,
MLB,hist-oddsapi-1204565cc0b3687b99727f30f9fa84ff,2025-09-06T23:06:00+00:00,2025-09-06T22:55:38+00:00,Tampa Bay Rays,Cleveland Guardians,0,2025-09-07T19:00:00+00:00,0.562814070352,0.562814070352,,
MLB,hist-oddsapi-16469df52bdd55c393b2b20ffb1062f3,2025-09-06T23:16:00+00:00,2025-09-06T22:55:38+00:00,Atlanta Braves,Seattle Mariners,0,2025-09-07T17:45:00+00:00,0.526717557252,0.526717557252,,
MLB,hist-oddsapi-17a72a192871969caaefc57913007a6a,2025-09-06T23:16:00+00:00,2025-09-06T22:55:38+00:00,St. Louis Cardinals,San Francisco Giants,1,2025-09-07T21:45:00+00:00,0.470737913486,0.470737913486,,
MLB,hist-oddsapi-d2b2f15d32c36984cbc0f3636ad35049,2025-09-06T23:16:00+00:00,2025-09-06T22:55:38+00:00,Texas Rangers,Houston Astros,1,2025-09-07T21:15:00+00:00,0.521628498728,0.521628498728,,
MLB,hist-oddsapi-f3c95899fafb936895f8ff6bd629b0ad,2025-09-06T23:16:00+00:00,2025-09-06T22:55:38+00:00,Kansas City Royals,Minnesota Twins,0,2025-09-07T21:00:00+00:00,0.461928934010,0.461928934010,,
MLB,hist-oddsapi-b661719fdf1dc91eb88eba65c0726a11,2025-09-07T00:11:00+00:00,2025-09-06T23:55:40+00:00,Colorado Rockies,San Diego Padres,0,2025-09-07T22:00:00+00:00,0.375598086124,0.375598086124,,
MLB,hist-oddsapi-898046c3ef0d2367ab6b305e45d5a96e,2025-09-07T17:36:00+00:00,2025-09-07T17:25:38+00:00,New York Yankees,Toronto Blue Jays,1,2025-09-07T20:30:00+00:00,0.620192307692,0.620192307692,,
MLB,hist-oddsapi-2b977e3f981a6f6442b798d3e2e60c5d,2025-09-08T22:41:00+00:00,2025-09-08T22:25:39+00:00,Miami Marlins,Washington Nationals,0,2025-09-10T01:15:00+00:00,0.541772151899,0.541772151899,,
MLB,hist-oddsapi-44d8390358c0479aaf77d6abccafb8bd,2025-09-08T22:41:00+00:00,2025-09-08T22:25:39+00:00,Cleveland Guardians,Kansas City Royals,1,2025-09-09T00:00:00+00:00,0.508905852417,0.508905852417,,
MLB,hist-oddsapi-ab9e017abf3f75fb35214cee78d43b80,2025-09-08T22:46:00+00:00,2025-09-08T22:25:39+00:00,Philadelphia Phillies,New York Mets,1,2025-09-09T01:30:00+00:00,0.467005076142,0.467005076142,,
MLB,hist-oddsapi-5a30b930bc71ef713083c4409063a570,2025-09-08T23:16:00+00:00,2025-09-08T22:55:39+00:00,Atlanta Braves,Chicago Cubs,1,2025-09-09T01:30:00+00:00,0.486005089059,0.486005089059,,
MLB,hist-oddsapi-a21e712014b13949540a0a766dbae200,2025-09-09T01:38:00+00:00,2025-09-09T01:25:38+00:00,Los Angeles Angels,Minnesota Twins,0,2025-09-09T04:15:00+00:00,0.520408163265,0.520408163265,,
MLB,hist-oddsapi-2e99c46dc82d48c6f476e59ff78cab99,2025-09-09T01:45:00+00:00,2025-09-09T01:25:38+00:00,San Francisco Giants,Arizona Diamondbacks,1,2025-09-09T03:45:00+00:00,0.619277108434,0.619277108434,,
MLB,hist-oddsapi-fee6a797670053bddab9999ca6be487c,2025-09-09T02:05:00+00:00,2025-09-09T01:55:39+00:00,Oakland Athletics,Boston Red Sox,0,2025-09-10T04:45:00+00:00,0.413366336634,0.413366336634,,
MLB,hist-oddsapi-0c8b6c4b564ac75720daa673cd044e37,2025-09-09T02:11:00+00:00,2025-09-09T01:55:39+00:00,Los Angeles Dodgers,Colorado Rockies,1,2025-09-10T04:00:00+00:00,0.761638733706,0.761638733706,,
MLB,hist-oddsapi-45f0bcfd70f0277fead0b175ae8e43a2,2025-09-09T22:46:00+00:00,2025-09-09T22:25:39+00:00,Philadelphia Phillies,New York Mets,1,2025-09-11T01:00:00+00:00,0.545454545455,0.545454545455,,
MLB,hist-oddsapi-202d8206759501993be70881827adc2f,2025-09-09T23:06:00+00:00,2025-09-09T22:55:39+00:00,New York Yankees,Detroit Tigers,0,2025-09-10T01:15:00+00:00,0.583126550868,0.583126550868,,
MLB,hist-oddsapi-b007cf11ed53ca64967bd0a001982166,2025-09-09T23:16:00+00:00,2025-09-09T22:55:39+00:00,Atlanta Braves,Chicago Cubs,0,2025-09-11T02:00:00+00:00,0.500000000000,0.500000000000,,
MLB,hist-oddsapi-8dd12a2b7e09a1020c95eb8a7a39364f,2025-09-09T23:41:00+00:00,2025-09-09T23:25:39+00:00,Chicago White Sox,Tampa Bay Rays,1,2025-09-11T02:30:00+00:00,0.464467005076,0.464467005076,,
MLB,hist-oddsapi-a267818dc5718395684e4df9d6ad001d,2025-09-10T01:41:00+00:00,2025-09-10T01:25:39+00:00,San Diego Padres,Cincinnati Reds,0,2025-09-11T03:15:00+00:00,0.627684964200,0.627684964200,,
MLB,hist-oddsapi-4fc9ecc9f90c827e677ca27eb53ce16b,2025-09-10T02:10:00+00:00,2025-09-10T01:55:39+00:00,Los Angeles Dodgers,Colorado Rockies,1,2025-09-11T04:30:00+00:00,0.747104247104,0.747104247104,,
MLB,hist-oddsapi-d63a51f636574f3b7dcae67f4f74a858,2025-09-10T22:36:00+00:00,2025-09-10T22:25:39+00:00,Baltimore Orioles,Pittsburgh Pirates,1,2025-09-11T19:45:00+00:00,0.420398009950,0.420398009950,,
MLB,hist-oddsapi-d53659def4d8375da1f0a1cdea5974ad,2025-09-10T22:41:00+00:00,2025-09-10T22:25:39+00:00,Miami Marlins,Washington Nationals,1,2025-09-12T01:00:00+00:00,0.580645161290,0.580645161290,,
MLB,hist-oddsapi-998c07d7e052de5444aa7480806cd59f,2025-09-10T23:06:00+00:00,2025-09-10T22:55:39+00:00,New York Yankees,Detroit Tigers,1,2025-09-12T01:15:00+00:00,0.604878048780,0.604878048780,,
MLB,hist-oddsapi-96c439753a7e5a5bd30198aaf657fdba,2025-09-10T23:08:00+00:00,2025-09-10T22:55:39+00:00,Toronto Blue Jays,Houston Astros,1,2025-09-11T20:45:00+00:00,0.593596059113,0.593596059113,,
MLB,hist-oddsapi-6fd9eb26007a44e3c83e858e49c9cb67,2025-09-10T23:41:00+00:00,2025-09-10T23:25:39+00:00,Chicago White Sox,Tampa Bay Rays,1,2025-09-11T21:00:00+00:00,0.459390862944,0.459390862944,,
MLB,hist-oddsapi-6f66972795470ef9c06b88896ee20b45,2025-09-11T23:16:00+00:00,2025-09-11T22:55:39+00:00,Philadelphia Phillies,New York Mets,1,2025-09-12T01:30:00+00:00,0.521628498728,0.521628498728,,
MLB,hist-oddsapi-d58f1757e4f839d87504053bac27b03f,2025-09-11T23:16:00+00:00,2025-09-11T22:55:39+00:00,Cleveland Guardians,Kansas City Royals,1,2025-09-12T02:00:00+00:00,0.556675062972,0.556675062972,,
MLB,hist-oddsapi-a52bfecd6664bc989868fed018eda488,2025-09-12T01:40:00+00:00,2025-09-12T01:25:39+00:00,Seattle Mariners,Los Angeles Angels,1,2025-09-12T05:45:00+00:00,0.593596059113,0.593596059113,,
MLB,hist-oddsapi-9aebd0afb1d9ff4c75009968def43dcf,2025-09-12T18:21:00+00:00,2025-09-12T17:55:39+00:00,Chicago Cubs,Tampa Bay Rays,0,2025-09-13T21:00:00+00:00,0.593596059113,0.593596059113,,
MLB,hist-oddsapi-214ed1ec7aad98c3bbe5231e03300fb9,2025-09-12T22:46:00+00:00,2025-09-12T22:25:39+00:00,Philadelphia Phillies,Kansas City Royals,1,2025-09-13T01:15:00+00:00,0.563909774436,0.563909774436,,
MLB,hist-oddsapi-ab655495e6d8f497f7d8f8cb1b6087c7,2025-09-12T23:08:00+00:00,2025-09-12T22:55:39+00:00,Toronto Blue Jays,Baltimore Orioles,1,2025-09-13T01:45:00+00:00,0.551637279597,0.551637279597,,
MLB,hist-oddsapi-7910e70af474a02ea6dc2f5f0628b80a,2025-09-12T23:11:00+00:00,2025-09-12T22:55:39+00:00,New York Mets,Texas Rangers,0,2025-09-13T01:30:00+00:00,0.520408163265,0.520408163265,,
MLB,hist-oddsapi-8dd81d0638e17d4e548bb4fc81bbd025,2025-09-12T23:11:00+00:00,2025-09-12T22:55:39+00:00,Miami Marlins,Detroit Tigers,1,2025-09-13T01:15:00+00:00,0.355971896956,0.355971896956,,
MLB,hist-oddsapi-ebcbbc5b8af70895accb8145eb6b9886,2025-09-12T23:11:00+00:00,2025-09-12T22:55:39+00:00,Boston Red Sox,New York Yankees,0,2025-09-13T02:00:00+00:00,0.488549618321,0.488549618321,,
MLB,hist-oddsapi-f204c0886203f9ab418574e1905dd40d,2025-09-12T23:16:00+00:00,2025-09-12T22:55:39+00:00,Atlanta Braves,Houston Astros,0,2025-09-13T01:00:00+00:00,0.551637279597,0.551637279597,,
MLB,hist-oddsapi-91376dcab1e6280c84c4053a000a0edc,2025-09-13T00:11:00+00:00,2025-09-12T23:55:39+00:00,Minnesota Twins,Arizona Diamondbacks,0,2025-09-14T02:30:00+00:00,0.566416040100,0.566416040100,,
MLB,hist-oddsapi-a119d000b4e44b8a70d25f2d73f472cd,2025-09-13T00:11:00+00:00,2025-09-12T23:55:39+00:00,Milwaukee Brewers,St. Louis Cardinals,1,2025-09-13T02:45:00+00:00,0.628571428571,0.628571428571,,
MLB,hist-oddsapi-42a45dcbc6e4c14214c963d0c381cbd9,2025-09-13T01:40:00+00:00,2025-09-13T01:25:39+00:00,San Diego Padres,Colorado Rockies,1,2025-09-14T02:15:00+00:00,0.707006369427,0.707006369427,,
MLB,hist-oddsapi-a2dfd111b2d97554daa2eca99d79acc1,2025-09-13T02:06:00+00:00,2025-09-13T01:55:40+00:00,Oakland Athletics,Cincinnati Reds,1,2025-09-14T04:45:00+00:00,0.522842639594,0.522842639594,,
MLB,hist-oddsapi-14a550f5d152c897b787ddbc9c29e8eb,2025-09-13T02:16:00+00:00,2025-09-13T01:55:40+00:00,San Francisco Giants,Los Angeles Dodgers,0,2025-09-14T04:15:00+00:00,0.426433915212,0.426433915212,,
MLB,hist-oddsapi-55c758f41d52828a609d3f08f6165656,2025-09-13T19:07:00+00:00,2025-09-13T18:55:39+00:00,Toronto Blue Jays,Baltimore Orioles,1,2025-09-14T19:45:00+00:00,0.616867469880,0.616867469880,,
MLB,hist-oddsapi-61ee80b2cbe2a04b10a89e8ee487faf2,2025-09-13T20:05:00+00:00,2025-09-13T19:55:38+00:00,Washington Nationals,Pittsburgh Pirates,1,2025-09-14T18:15:00+00:00,0.482142857143,0.482142857143,,
MLB,hist-oddsapi-37cb172a938caca88089290f6b12abec,2025-09-13T22:05:00+00:00,2025-09-13T21:55:39+00:00,Philadelphia Phillies,Kansas City Royals,0,2025-09-14T20:00:00+00:00,0.566416040100,0.566416040100,,
MLB,hist-oddsapi-405c276f15cbabbf2469248d40bafd37,2025-09-13T22:10:00+00:00,2025-09-13T21:55:39+00:00,Cleveland Guardians,Chicago White Sox,1,2025-09-14T23:00:00+00:00,0.604878048780,0.604878048780,,
MLB,hist-oddsapi-1dd553c27f2588ba2c4a65f3569b5a6c,2025-09-13T23:15:00+00:00,2025-09-13T22:55:38+00:00,Atlanta Braves,Houston Astros,1,2025-09-14T21:00:00+00:00,0.449494949495,0.449494949495,,
MLB,hist-oddsapi-b9d694160df5ade7b62dbc7f1255644e,2025-09-14T01:05:00+00:00,2025-09-14T00:55:38+00:00,San Francisco Giants,Los Angeles Dodgers,0,2025-09-14T22:15:00+00:00,0.521628498728,0.521628498728,,
MLB,hist-oddsapi-5aa86de0566f6941fa3474e62fa4d65b,2025-09-14T01:40:00+00:00,2025-09-14T01:25:39+00:00,Seattle Mariners,Los Angeles Angels,1,2025-09-14T21:45:00+00:00,0.682926829268,0.682926829268,,
MLB,hist-oddsapi-57684090148fa9ebfa94ae9e9e78e9fb,2025-09-15T22:41:00+00:00,2025-09-15T22:25:39+00:00,Pittsburgh Pirates,Chicago Cubs,0,2025-09-17T01:15:00+00:00,0.484693877551,0.484693877551,,
MLB,hist-oddsapi-56a611f802501a9c729fa77b81c35714,2025-09-15T22:46:00+00:00,2025-09-15T22:25:39+00:00,Washington Nationals,Atlanta Braves,0,2025-09-16T00:45:00+00:00,0.401960784314,0.401960784314,,
MLB,hist-oddsapi-711981b543565f0ba6108f8aaa8ce483,2025-09-15T23:40:00+00:00,2025-09-15T23:25:39+00:00,Minnesota Twins,New York Yankees,0,2025-09-17T02:45:00+00:00,0.361702127660,0.361702127660,,
MLB,hist-oddsapi-fa598067be233a72dd44bdabc98a45b6,2025-09-16T00:11:00+00:00,2025-09-15T23:55:39+00:00,Houston Astros,Texas Rangers,1,2025-09-17T03:15:00+00:00,0.544303797468,0.544303797468,,
MLB,hist-oddsapi-df0cfc3b6b40105cf2824b038cb86326,2025-09-16T01:41:00+00:00,2025-09-16T01:25:39+00:00,Arizona Diamondbacks,San Francisco Giants,1,2025-09-17T04:15:00+00:00,0.546835443038,0.546835443038,,
MLB,hist-oddsapi-6f7ab16e1dfb27fd73d7409146e7d9e0,2025-09-16T22:45:00+00:00,2025-09-16T22:25:39+00:00,Washington Nationals,Atlanta Braves,0,2025-09-17T22:45:00+00:00,0.375903614458,0.375903614458,,
MLB,hist-oddsapi-9f8bdda79d700ba6aad17baadc846a7f,2025-09-16T23:10:48+00:00,2025-09-16T22:55:40+00:00,New York Mets,San Diego Padres,1,2025-09-17T01:15:00+00:00,0.532994923858,0.532994923858,,
MLB,hist-oddsapi-b1b11808c1920ee7b7cd6e1927e1816f,2025-09-16T23:36:00+00:00,2025-09-16T23:25:39+00:00,Tampa Bay Rays,Toronto Blue Jays,1,2025-09-18T02:00:00+00:00,0.507653061224,0.507653061224,,
MLB,hist-oddsapi-5652576758f01915e57ca6ca5509fcff,2025-09-16T23:40:00+00:00,2025-09-16T23:25:39+00:00,Kansas City Royals,Seattle Mariners,0,2025-09-17T01:15:00+00:00,0.450881612091,0.450881612091,,
MLB,hist-oddsapi-d4bb4bef1d7e86a738d27be29b4c8e6e,2025-09-17T02:11:00+00:00,2025-09-17T01:55:39+00:00,Los Angeles Dodgers,Philadelphia Phillies,1,2025-09-18T04:15:00+00:00,0.539240506329,0.539240506329,,
MLB,hist-oddsapi-b8b36ec68d5c444319b1cb6192ce0327,2025-09-17T23:10:00+00:00,2025-09-17T22:55:39+00:00,New York Mets,San Diego Padres,1,2025-09-18T19:30:00+00:00,0.541772151899,0.541772151899,,
MLB,hist-oddsapi-5d3fc120a85dd9213a8caf76cbf2bb12,2025-09-17T23:40:00+00:00,2025-09-17T23:25:39+00:00,Milwaukee Brewers,Los Angeles Angels,1,2025-09-19T02:15:00+00:00,0.685022026432,0.685022026432,,
MLB,hist-oddsapi-11e3fc4800f0bf7dd0565bd09bee69a6,2025-09-18T23:16:00+00:00,2025-09-18T22:55:39+00:00,Cincinnati Reds,Chicago Cubs,1,2025-09-19T02:00:00+00:00,0.566416040100,0.566416040100,,
MLB,hist-oddsapi-ca613dfd4ccde2d160c09e9ba0e1191a,2025-09-18T23:16:00+00:00,2025-09-18T22:55:39+00:00,Baltimore Orioles,New York Yankees,1,2025-09-20T01:45:00+00:00,0.351162790698,0.351162790698,,
MLB,hist-oddsapi-4326b25d2750a5c44179dbd25fc5f584,2025-09-19T22:41:00+00:00,2025-09-19T22:25:39+00:00,Detroit Tigers,Atlanta Braves,0,2025-09-20T00:45:00+00:00,0.519083969466,0.519083969466,,
MLB,hist-oddsapi-6665c8a5d6d742def802449ec52ad56c,2025-09-19T22:41:00+00:00,2025-09-19T22:25:39+00:00,Cincinnati Reds,Chicago Cubs,1,2025-09-21T01:15:00+00:00,0.505102040816,0.505102040816,,
MLB,hist-oddsapi-a54d0e5364154f5ae6ed9f8f2c59016f,2025-09-19T23:06:00+00:00,2025-09-19T22:55:40+00:00,Baltimore Orioles,New York Yankees,0,2025-09-21T01:15:00+00:00,0.488549618321,0.488549618321,,
MLB,hist-oddsapi-a4a9586d01a095849023cc59f58bb143,2025-09-19T23:10:00+00:00,2025-09-19T22:55:40+00:00,New York Mets,Washington Nationals,0,2025-09-20T23:30:00+00:00,0.675615212528,0.675615212528,,
MLB,hist-oddsapi-b72318e2290aae5374fe19d6ffeb76e7,2025-09-19T23:36:00+00:00,2025-09-19T23:25:39+00:00,Tampa Bay Rays,Boston Red Sox,0,2025-09-20T02:15:00+00:00,0.439698492462,0.439698492462,,
MLB,hist-oddsapi-3d2531c7262cbad83d2c8846d530c66a,2025-09-19T23:41:00+00:00,2025-09-19T23:25:39+00:00,Chicago White Sox,San Diego Padres,0,2025-09-21T01:45:00+00:00,0.371428571429,0.371428571429,,
MLB,hist-oddsapi-4989302f55385b52f836e629bc642253,2025-09-19T23:41:00+00:00,2025-09-19T23:25:39+00:00,Kansas City Royals,Toronto Blue Jays,1,2025-09-20T01:15:00+00:00,0.445843828715,0.445843828715,,
MLB,hist-oddsapi-125f0cd1ea0cbd5c9adba86d0dbeebb4,2025-09-20T00:10:00+00:00,2025-09-19T23:55:39+00:00,Houston Astros,Seattle Mariners,0,2025-09-21T02:15:00+00:00,0.502551020408,0.502551020408,,
MLB,hist-oddsapi-bd7c442242b9f2339a4af200dc9eebcd,2025-09-20T00:10:00+00:00,2025-09-19T23:55:39+00:00,Minnesota Twins,Cleveland Guardians,0,2025-09-20T02:45:00+00:00,0.494897959184,0.494897959184,,
MLB,hist-oddsapi-322930bf817775c658b2a7e6c6be9d00,2025-09-20T00:11:00+00:00,2025-09-19T23:55:39+00:00,Colorado Rockies,Los Angeles Angels,1,2025-09-20T02:45:00+00:00,0.478371501272,0.478371501272,,
MLB,hist-oddsapi-08d8bb8e78841634dac5a77771e0f880,2025-09-20T00:16:00+00:00,2025-09-19T23:55:39+00:00,St. Louis Cardinals,Milwaukee Brewers,1,2025-09-20T02:30:00+00:00,0.473282442748,0.473282442748,,
MLB,hist-oddsapi-baaf8e7da7b3413988abe455b2c82419,2025-09-20T01:41:00+00:00,2025-09-20T01:25:39+00:00,Arizona Diamondbacks,Philadelphia Phillies,0,2025-09-20T04:30:00+00:00,0.545454545455,0.545454545455,,
MLB,hist-oddsapi-3643b293f34aaabb36f06fa7c0e0ba8c,2025-09-20T18:11:00+00:00,2025-09-20T17:55:39+00:00,Minnesota Twins,Cleveland Guardians,1,2025-09-21T20:45:00+00:00,0.524173027990,0.524173027990,,
MLB,hist-oddsapi-e6099840ae67e0946127142035013a24,2025-09-20T20:10:00+00:00,2025-09-20T19:55:39+00:00,New York Mets,Washington Nationals,0,2025-09-21T20:30:00+00:00,0.718426501035,0.718426501035,,
MLB,hist-oddsapi-97a7decf55bb8842ceb8cf7f94035d0c,2025-09-20T22:40:00+00:00,2025-09-20T22:25:38+00:00,Pittsburgh Pirates,Oakland Athletics,1,2025-09-21T19:15:00+00:00,0.487244897959,0.487244897959,,
MLB,hist-oddsapi-4ec08f277b16277420b3a50f6d2d34d6,2025-09-20T22:41:00+00:00,2025-09-20T22:25:38+00:00,Cincinnati Reds,Chicago Cubs,1,2025-09-21T21:15:00+00:00,0.513994910941,0.513994910941,,
MLB,hist-oddsapi-b8001dba045d347fc8e837098a8ff651,2025-09-20T23:05:00+00:00,2025-09-20T22:55:38+00:00,Texas Rangers,Miami Marlins,0,2025-09-21T21:30:00+00:00,0.568922305764,0.568922305764,,
MLB,hist-oddsapi-2794e74a9779b76f50324500b61796fb,2025-09-20T23:06:00+00:00,2025-09-20T22:55:38+00:00,Baltimore Orioles,New York Yankees,0,2025-09-21T21:00:00+00:00,0.364066193853,0.364066193853,,
MLB,hist-oddsapi-1bb62ac10f26de5d69374da938715b95,2025-09-20T23:11:00+00:00,2025-09-20T22:55:38+00:00,Houston Astros,Seattle Mariners,0,2025-09-22T01:45:00+00:00,0.494897959184,0.494897959184,,
MLB,hist-oddsapi-802fe4855c6273f1612828c858c17d9d,2025-09-20T23:11:00+00:00,2025-09-20T22:55:38+00:00,Kansas City Royals,Toronto Blue Jays,0,2025-09-21T21:00:00+00:00,0.453164556962,0.453164556962,,
MLB,hist-oddsapi-ea727205544ed758b1c2bf0b77b904a1,2025-09-20T23:11:00+00:00,2025-09-20T22:55:38+00:00,Chicago White Sox,San Diego Padres,0,2025-09-21T21:00:00+00:00,0.387409200969,0.387409200969,,
MLB,hist-oddsapi-517af51714edaccec52f8d5ddd34ff81,2025-09-20T23:16:00+00:00,2025-09-20T22:55:38+00:00,St. Louis Cardinals,Milwaukee Brewers,1,2025-09-21T20:45:00+00:00,0.438596491228,0.438596491228,,
MLB,hist-oddsapi-2f9e256c447bbbfc579c7682a8ecf319,2025-09-21T00:11:00+00:00,2025-09-20T23:55:38+00:00,Arizona Diamondbacks,Philadelphia Phillies,1,2025-09-21T22:15:00+00:00,0.507653061224,0.507653061224,,
MLB,hist-oddsapi-98a066b1e5983e8a97e3b1bd8d54d175,2025-09-21T00:11:00+00:00,2025-09-20T23:55:38+00:00,Colorado Rockies,Los Angeles Angels,1,2025-09-21T21:30:00+00:00,0.463291139241,0.463291139241,,
MLB,hist-oddsapi-a7bd70364b94949fc1e0a5eb6adbb44b,2025-09-21T17:10:41+00:00,2025-09-21T16:55:38+00:00,Detroit Tigers,Atlanta Braves,0,2025-09-21T20:45:00+00:00,0.520408163265,0.520408163265,,
MLB,hist-oddsapi-35d3392c0e3cea0c865f57921119d056,2025-09-22T23:16:00+00:00,2025-09-22T22:55:39+00:00,Atlanta Braves,Washington Nationals,1,2025-09-23T02:00:00+00:00,0.707006369427,0.707006369427,,
MLB,hist-oddsapi-a511104efdc87346c91d6c6c32f0c1b7,2025-09-23T01:41:00+00:00,2025-09-23T01:25:39+00:00,San Diego Padres,Milwaukee Brewers,1,2025-09-23T05:15:00+00:00,0.500000000000,0.500000000000,,
MLB,hist-oddsapi-1f59bc9c3d3f62a71143ab6526d8fd3c,2025-09-23T01:45:00+00:00,2025-09-23T01:25:39+00:00,San Francisco Giants,St. Louis Cardinals,0,2025-09-24T05:00:00+00:00,0.578553615960,0.578553615960,,
MLB,hist-oddsapi-e29ef687bd09e6d544825884bb6c47e6,2025-09-23T22:35:00+00:00,2025-09-23T22:25:39+00:00,Baltimore Orioles,Tampa Bay Rays,1,2025-09-24T02:00:00+00:00,0.502551020408,0.502551020408,,
MLB,hist-oddsapi-a9fac611f8f813245b4356d5c4010615,2025-09-23T22:41:00+00:00,2025-09-23T22:25:39+00:00,Cincinnati Reds,Pittsburgh Pirates,0,2025-09-25T02:15:00+00:00,0.607317073171,0.607317073171,,
MLB,hist-oddsapi-e5542b4765a927d7d389830e2819b86f,2025-09-23T22:46:00+00:00,2025-09-23T22:25:39+00:00,Philadelphia Phillies,Miami Marlins,1,2025-09-25T00:30:00+00:00,0.651972157773,0.651972157773,,
MLB,hist-oddsapi-6fb2ea698ec2852f9dde7c0894bfb51e,2025-09-23T23:06:00+00:00,2025-09-23T22:55:40+00:00,New York Yankees,Chicago White Sox,1,2025-09-25T01:30:00+00:00,0.677060133630,0.677060133630,,
MLB,hist-oddsapi-e4ba7e2a787fece64d7b97487b390349,2025-09-23T23:08:00+00:00,2025-09-23T22:55:40+00:00,Toronto Blue Jays,Boston Red Sox,0,2025-09-25T01:15:00+00:00,0.587654320988,0.587654320988,,
MLB,hist-oddsapi-a1c7b9d63b4472a7d0c46668cb14eeae,2025-09-23T23:16:00+00:00,2025-09-23T22:55:40+00:00,Atlanta Braves,Washington Nationals,0,2025-09-24T18:45:00+00:00,0.635933806147,0.635933806147,,
MLB,hist-oddsapi-40e3f3f898cf233edb2bf7aa5ff01994,2025-09-23T23:41:00+00:00,2025-09-23T23:25:39+00:00,Chicago Cubs,New York Mets,0,2025-09-24T02:45:00+00:00,0.508905852417,0.508905852417,,
MLB,hist-oddsapi-c38b5a8fed92009138c3abbfecdb2bb8,2025-09-24T01:39:00+00:00,2025-09-24T01:25:39+00:00,Los Angeles Angels,Kansas City Royals,0,2025-09-24T04:00:00+00:00,0.398533007335,0.398533007335,,
MLB,hist-oddsapi-e17d1f883d3dba9c09ac23cc0e1499cc,2025-09-24T01:41:00+00:00,2025-09-24T01:25:39+00:00,Seattle Mariners,Colorado Rockies,1,2025-09-25T03:00:00+00:00,0.724489795918,0.724489795918,,
MLB,hist-oddsapi-a9e0a6325468e03f70f29ed52560b925,2025-09-24T01:46:00+00:00,2025-09-24T01:25:39+00:00,San Francisco Giants,St. Louis Cardinals,1,2025-09-25T04:15:00+00:00,0.648837209302,0.648837209302,,
MLB,hist-oddsapi-9c7ad00ede9a9d8830abc2638ac7ddcd,2025-09-24T02:06:00+00:00,2025-09-24T01:55:39+00:00,Oakland Athletics,Houston Astros,1,2025-09-25T04:00:00+00:00,0.505102040816,0.505102040816,,
MLB,hist-oddsapi-87c8b8eb458dd38c4201321bb1018625,2025-09-24T22:36:00+00:00,2025-09-24T22:25:40+00:00,Baltimore Orioles,Tampa Bay Rays,1,2025-09-25T22:00:00+00:00,0.535532994924,0.535532994924,,
MLB,hist-oddsapi-984b45a2823211053bf0accf217b84b4,2025-09-24T22:41:00+00:00,2025-09-24T22:25:40+00:00,Cleveland Guardians,Detroit Tigers,0,2025-09-26T01:45:00+00:00,0.563909774436,0.563909774436,,
MLB,hist-oddsapi-a8b06905c0c377ad04c552359c16bbd6,2025-09-24T22:41:00+00:00,2025-09-24T22:25:40+00:00,Cincinnati Reds,Pittsburgh Pirates,1,2025-09-25T22:00:00+00:00,0.541772151899,0.541772151899,,
MLB,hist-oddsapi-7246b859580d73637509a14068b83d4c,2025-09-24T23:06:00+00:00,2025-09-24T22:55:40+00:00,New York Yankees,Chicago White Sox,1,2025-09-26T02:00:00+00:00,0.766972477064,0.766972477064,,
MLB,hist-oddsapi-c1bf30e40067c73e178ab3b8c87b551b,2025-09-24T23:08:00+00:00,2025-09-24T22:55:40+00:00,Toronto Blue Jays,Boston Red Sox,1,2025-09-26T01:30:00+00:00,0.467005076142,0.467005076142,,
MLB,hist-oddsapi-a5b58d10f77c3c3b568fcda09f391035,2025-09-25T00:06:00+00:00,2025-09-24T23:55:40+00:00,Chicago Cubs,New York Mets,1,2025-09-25T02:15:00+00:00,0.513994910941,0.513994910941,,
MLB,hist-oddsapi-632a94a3f97316a573dedec0a5d511ac,2025-09-25T01:41:00+00:00,2025-09-25T01:25:39+00:00,Seattle Mariners,Colorado Rockies,1,2025-09-26T03:30:00+00:00,0.728194726166,0.728194726166,,
MLB,hist-oddsapi-8ff0e1d9252217ced1ecda867481c3cc,2025-09-25T01:41:00+00:00,2025-09-25T01:25:39+00:00,Arizona Diamondbacks,Los Angeles Dodgers,0,2025-09-25T21:15:00+00:00,0.442211055276,0.442211055276,,
MLB,hist-oddsapi-9d5d7cd14bc33edd83a365fd7991fcc9,2025-09-25T02:06:00+00:00,2025-09-25T01:55:40+00:00,Oakland Athletics,Houston Astros,0,2025-09-25T21:15:00+00:00,0.458227848101,0.458227848101,,
MLB,hist-oddsapi-77cc2a050ae4f75ad49000eadcdf1f17,2025-09-26T18:21:00+00:00,2025-09-26T17:55:40+00:00,Chicago Cubs,St. Louis Cardinals,1,2025-09-26T20:30:00+00:00,0.623501199041,0.623501199041,,
MLB,hist-oddsapi-a1aa149d2e25c0cc58a2d37128817d1c,2025-09-26T22:46:00+00:00,2025-09-26T22:25:39+00:00,Washington Nationals,Chicago White Sox,0,2025-09-27T01:45:00+00:00,0.546835443038,0.546835443038,,
MLB,hist-oddsapi-b0ae0994d78123c853cac080578df804,2025-09-26T23:06:00+00:00,2025-09-26T22:55:40+00:00,New York Yankees,Baltimore Orioles,1,2025-09-27T19:00:00+00:00,0.562814070352,0.562814070352,,
MLB,hist-oddsapi-db541687ba715543cb93be46f2352925,2025-09-26T23:08:00+00:00,2025-09-26T22:55:40+00:00,Toronto Blue Jays,Tampa Bay Rays,1,2025-09-27T02:15:00+00:00,0.627684964200,0.627684964200,,
MLB,hist-oddsapi-0afc4c90a2a4a5fe1d180d53b8aae1dd,2025-09-26T23:11:00+00:00,2025-09-26T22:55:40+00:00,Cleveland Guardians,Texas Rangers,0,2025-09-27T01:30:00+00:00,0.583126550868,0.583126550868,,
MLB,hist-oddsapi-90d5b0d966576b96d0cf231255a9617a,2025-09-26T23:11:00+00:00,2025-09-26T22:55:40+00:00,Miami Marlins,New York Mets,1,2025-09-27T01:45:00+00:00,0.455696202532,0.455696202532,,
MLB,hist-oddsapi-b642a70bfd95b675ced25b9364265afa,2025-09-27T01:38:00+00:00,2025-09-27T01:25:40+00:00,Los Angeles Angels,Houston Astros,0,2025-09-28T04:00:00+00:00,0.452020202020,0.452020202020,,
MLB,hist-oddsapi-0ed75eceea197d424f412c91ab873f3d,2025-09-27T01:41:00+00:00,2025-09-27T01:25:40+00:00,San Diego Padres,Arizona Diamondbacks,1,2025-09-28T03:00:00+00:00,0.563909774436,0.563909774436,,
MLB,hist-oddsapi-3abdb8f659088379508f3f6cc8b13b39,2025-09-27T02:06:00+00:00,2025-09-27T01:55:40+00:00,Oakland Athletics,Kansas City Royals,1,2025-09-27T04:45:00+00:00,0.467005076142,0.467005076142,,
MLB,hist-oddsapi-203c7943a552a812c414f6d1e38cf9b6,2025-09-27T19:09:00+00:00,2025-09-27T18:55:38+00:00,Toronto Blue Jays,Tampa Bay Rays,1,2025-09-28T21:30:00+00:00,0.601466992665,0.601466992665,,
MLB,hist-oddsapi-2e0876dea87f9251e072974ecee2baca,2025-09-27T20:05:00+00:00,2025-09-27T19:55:39+00:00,Washington Nationals,Chicago White Sox,0,2025-09-28T21:00:00+00:00,0.508905852417,0.508905852417,,
MLB,hist-oddsapi-5c8e60295ec673a19ad4e02690eda710,2025-09-27T20:11:00+00:00,2025-09-27T19:55:39+00:00,Miami Marlins,New York Mets,1,2025-09-28T22:00:00+00:00,0.442211055276,0.442211055276,,
MLB,hist-oddsapi-64825eb12ff1ba6b82c3db347f584e6d,2025-09-27T23:15:00+00:00,2025-09-27T22:55:39+00:00,Atlanta Braves,Pittsburgh Pirates,1,2025-09-28T21:45:00+00:00,0.609223300971,0.609223300971,,
MLB,hist-oddsapi-09e9d76701e505dfadfe5268eb6e7c71,2025-09-27T23:16:00+00:00,2025-09-27T21:55:39+00:00,Cleveland Guardians,Texas Rangers,1,2025-09-28T22:30:00+00:00,0.570000000000,0.570000000000,,
MLB,hist-oddsapi-ed0e2eb239697f9c1072e55d552f7601,2025-09-28T00:40:00+00:00,2025-09-28T00:25:39+00:00,San Diego Padres,Arizona Diamondbacks,1,2025-09-28T21:30:00+00:00,0.593596059113,0.593596059113,,
MLB,hist-oddsapi-d64e70dff9988f123a7caac6c5c26c0b,2025-09-28T01:41:00+00:00,2025-09-28T01:25:39+00:00,Seattle Mariners,Los Angeles Dodgers,0,2025-09-28T21:45:00+00:00,0.547979797980,0.547979797980,,
MLB,hist-oddsapi-79c1bbd35cf654d7ee666f9c224a6665,2025-09-28T02:05:00+00:00,2025-09-28T01:55:38+00:00,Oakland Athletics,Kansas City Royals,0,2025-09-28T21:00:00+00:00,0.535532994924,0.535532994924,,
MLB,hist-oddsapi-9be4ecca07522cac2c5a97c3c789ff31,2025-09-30T17:08:00+00:00,2025-09-30T16:55:40+00:00,Cleveland Guardians,Detroit Tigers,0,2025-09-30T19:45:00+00:00,0.387409200969,0.387409200969,,
MLB,hist-oddsapi-fb3e1bfdca2c88e5288624dfd95aa76a,2025-09-30T18:30:00+00:00,2025-09-30T18:25:39+00:00,Chicago Cubs,San Diego Padres,1,2025-09-30T21:30:00+00:00,0.540609137056,0.540609137056,,
MLB,hist-oddsapi-7a45cd9f14ad94c5e8092da129eb641f,2025-09-30T22:09:00+00:00,2025-09-30T21:55:39+00:00,New York Yankees,Boston Red Sox,0,2025-10-01T01:15:00+00:00,0.554156171285,0.554156171285,,
MLB,hist-oddsapi-c39a10188098658e3f02a8bdec57655a,2025-10-01T01:08:00+00:00,2025-10-01T00:55:39+00:00,Los Angeles Dodgers,Cincinnati Reds,1,2025-10-02T03:15:00+00:00,0.639150943396,0.639150943396,,
MLB,hist-oddsapi-282b502a80ec331d4abf9711741e8371,2025-10-02T17:08:00+00:00,2025-10-02T16:55:39+00:00,Cleveland Guardians,Detroit Tigers,0,2025-10-02T22:00:00+00:00,0.544303797468,0.544303797468,,
MLB,hist-oddsapi-799a0921db1677124a027babc182f512,2025-10-04T18:09:00+00:00,2025-10-04T17:55:38+00:00,Milwaukee Brewers,Chicago Cubs,1,2025-10-04T20:00:00+00:00,0.557788944724,0.557788944724,,
MLB,hist-oddsapi-81f54c7a45c4ee3a8d5bb8db3728d0ce,2025-10-04T20:09:00+00:00,2025-10-04T19:55:38+00:00,Toronto Blue Jays,New York Yankees,1,2025-10-04T22:45:00+00:00,0.507653061224,0.507653061224,,
MLB,hist-oddsapi-e2ebd7dd2b1e6f37f43b67e2bfdf6033,2025-10-07T20:08:00+00:00,2025-10-07T19:55:39+00:00,Detroit Tigers,Seattle Mariners,0,2025-10-08T02:00:00+00:00,0.438596491228,0.438596491228,,
MLB,hist-oddsapi-4a065a96d68a609905b5d83c9f69e4d7,2025-10-08T00:08:00+00:00,2025-10-07T23:55:38+00:00,New York Yankees,Toronto Blue Jays,1,2025-10-08T05:00:00+00:00,0.604878048780,0.604878048780,,
MLB,hist-oddsapi-305424d42f72ab3f0bdc618a8c955577,2025-10-09T01:08:00+00:00,2025-10-09T00:55:38+00:00,Los Angeles Dodgers,Philadelphia Phillies,0,2025-10-09T03:45:00+00:00,0.626794258373,0.626794258373,,
MLB,hist-oddsapi-c59e3df5b73b1a8381ef74d79d200598,2025-10-10T01:08:00+00:00,2025-10-10T00:55:39+00:00,Chicago Cubs,Milwaukee Brewers,1,2025-10-10T04:00:00+00:00,0.478371501272,0.478371501272,,
MLB,hist-oddsapi-6a05c8008db65b4e40aca2b6a61d264d,2025-10-10T20:40:00+00:00,2025-10-09T09:25:38+00:00,Seattle Mariners,Detroit Tigers,1,2025-10-11T05:45:00+00:00,0.446700507614,0.446700507614,,
MLB,hist-oddsapi-824337e086b993bfbe8472cfd1973627,2025-10-12T00:08:00+00:00,2025-10-11T23:55:39+00:00,Milwaukee Brewers,Chicago Cubs,1,2025-10-12T02:45:00+00:00,0.557788944724,0.557788944724,,
MLB,hist-oddsapi-17226152bd2a54f70cad6e780016bbcd,2025-10-13T00:03:00+00:00,2025-10-12T23:55:39+00:00,Toronto Blue Jays,Seattle Mariners,0,2025-10-13T23:45:00+00:00,0.600490196078,0.600490196078,,
MLB,hist-oddsapi-94ca295fd7d55ef58d64855d88c227a8,2025-10-14T00:08:00+00:00,2025-10-13T23:55:39+00:00,Milwaukee Brewers,Los Angeles Dodgers,0,2025-10-14T04:45:00+00:00,0.413366336634,0.413366336634,,
MLB,hist-oddsapi-921408f7ea013804629475862c6250e9,2025-10-16T00:08:00+00:00,2025-10-15T23:55:40+00:00,Seattle Mariners,Toronto Blue Jays,0,2025-10-16T02:00:00+00:00,0.547979797980,0.547979797980,,
MLB,hist-oddsapi-4056d9fcc3a12b74d0d15280409d741d,2025-10-17T00:34:00+00:00,2025-10-17T00:25:40+00:00,Seattle Mariners,Toronto Blue Jays,0,2025-10-17T03:15:00+00:00,0.542929292929,0.542929292929,,
MLB,hist-oddsapi-9bfe7bf361c817422a06045e87f088e1,2025-10-18T00:38:00+00:00,2025-10-18T00:25:40+00:00,Los Angeles Dodgers,Milwaukee Brewers,1,2025-10-18T03:15:00+00:00,0.639150943396,0.639150943396,,
MLB,hist-oddsapi-fe3e6f0dda231adec4a5147d3b16bb3a,2025-10-19T22:04:00+00:00,2025-10-19T21:55:39+00:00,Toronto Blue Jays,Seattle Mariners,1,2025-10-20T02:30:00+00:00,0.524173027990,0.524173027990,,
MLB,hist-oddsapi-300c85a611ce4ff67542ea7e17b0ac5f,2025-10-21T00:08:00+00:00,2025-10-20T23:55:39+00:00,Toronto Blue Jays,Seattle Mariners,1,2025-10-21T03:15:00+00:00,0.541772151899,0.541772151899,,
MLB,hist-oddsapi-e7749bcb6843c58fa07b665901cb4000,2025-10-25T00:00:00+00:00,2025-10-24T23:55:39+00:00,Toronto Blue Jays,Los Angeles Dodgers,1,2025-10-25T03:00:00+00:00,0.427500000000,0.427500000000,,
MLB,hist-oddsapi-537a54714d14f61ab628f75f7d8b69dd,2025-10-29T00:08:00+00:00,2025-10-28T23:55:39+00:00,Los Angeles Dodgers,Toronto Blue Jays,0,2025-10-30T03:15:00+00:00,0.644859813084,0.644859813084,,
MLB,hist-oddsapi-1d16dfb783074b9d78131586fca7741c,2025-11-01T00:01:00+00:00,2025-10-31T23:55:39+00:00,Toronto Blue Jays,Los Angeles Dodgers,0,2025-11-01T03:15:00+00:00,0.439698492462,0.439698492462,,
