sport,event_id,event_time,as_of,home_team,away_team,target_home_win,label_available_at,market_home_probability,consensus_de_vig_home_probability,home_spread,consensus_total
NBA,hist-oddsapi-bbde7751a144b98ed150d7a5f7dc8f87,2025-10-21T23:30:00+00:00,2025-10-21T23:25:39+00:00,Oklahoma City Thunder,Houston Rockets,1,2025-10-22T03:30:00+00:00,0.698481561822,0.698481561822,,
NBA,hist-oddsapi-df4b9f35b66ef20724b6b3e81081ddfd,2025-10-22T02:00:00+00:00,2025-10-22T01:55:39+00:00,Los Angeles Lakers,Golden State Warriors,0,2025-10-22T04:45:00+00:00,0.445569620253,0.445569620253,,
NBA,hist-oddsapi-cf5a3b9aeb20f4bc8fc824f2e84ce67f,2025-10-22T23:40:00+00:00,2025-10-22T23:25:39+00:00,Atlanta Hawks,Toronto Raptors,0,2025-10-23T01:45:00+00:00,0.649532710280,0.649532710280,,
NBA,hist-oddsapi-61f18a914904dd9e20703519f00edf24,2025-10-23T00:10:00+00:00,2025-10-22T23:55:39+00:00,Milwaukee Bucks,Washington Wizards,1,2025-10-23T02:15:00+00:00,0.788659793814,0.788659793814,,
NBA,hist-oddsapi-a8db154fca88077a84df28acdd7d2f5a,2025-10-23T00:10:00+00:00,2025-10-22T23:55:39+00:00,Memphis Grizzlies,New Orleans Pelicans,1,2025-10-23T02:45:00+00:00,0.610705596107,0.610705596107,,
NBA,hist-oddsapi-dfa56bede06bbf73e18d8c019c3e5626,2025-10-23T01:10:00+00:00,2025-10-23T00:55:39+00:00,Utah Jazz,Los Angeles Clippers,1,2025-10-23T03:00:00+00:00,0.226039783002,0.226039783002,,
NBA,hist-oddsapi-e9b75400f975f37c5d4c03414110530d,2025-10-23T01:40:00+00:00,2025-10-23T01:25:39+00:00,Dallas Mavericks,San Antonio Spurs,0,2025-10-23T04:00:00+00:00,0.588089330025,0.588089330025,,
NBA,hist-oddsapi-18a8312266521477423664257e995981,2025-10-23T02:10:00+00:00,2025-10-23T01:55:40+00:00,Portland Trail Blazers,Minnesota Timberwolves,0,2025-10-23T04:45:00+00:00,0.362559241706,0.362559241706,,
NBA,hist-oddsapi-94f35a6d58c57801c32a564d04e32270,2025-10-24T02:10:00+00:00,2025-10-24T01:55:40+00:00,Golden State Warriors,Denver Nuggets,1,2025-10-24T04:45:00+00:00,0.524296675192,0.524296675192,,
NBA,hist-oddsapi-2115811d6d5915d1d9ab317396776cf7,2025-10-24T23:00:00+00:00,2025-10-24T22:55:39+00:00,Orlando Magic,Atlanta Hawks,0,2025-10-25T01:45:00+00:00,0.662068965517,0.662068965517,,
NBA,hist-oddsapi-af723c8d13c83ededaa33a065f24a5be,2025-10-24T23:30:00+00:00,2025-10-24T23:25:39+00:00,Brooklyn Nets,Cleveland Cavaliers,0,2025-10-25T02:00:00+00:00,0.162921348315,0.162921348315,,
NBA,hist-oddsapi-6509e75f3d3674a5cdd2cf12d4031b7c,2025-10-25T00:00:00+00:00,2025-10-24T23:55:39+00:00,New Orleans Pelicans,San Antonio Spurs,0,2025-10-25T03:00:00+00:00,0.394607843137,0.394607843137,,
NBA,hist-oddsapi-934882eaef004213b7cf42357bfbb44f,2025-10-25T00:00:00+00:00,2025-10-24T23:55:39+00:00,Memphis Grizzlies,Miami Heat,0,2025-10-25T01:15:00+00:00,0.572864321608,0.572864321608,,
NBA,hist-oddsapi-baa2506d4f166945e10f4f6995fb78ae,2025-10-25T00:30:00+00:00,2025-10-25T00:25:39+00:00,Dallas Mavericks,Washington Wizards,0,2025-10-25T03:00:00+00:00,0.788296041308,0.788296041308,,
NBA,hist-oddsapi-00eb7e982d3c341cdc68795c73d901e1,2025-10-25T02:00:00+00:00,2025-10-25T01:55:39+00:00,Los Angeles Lakers,Minnesota Timberwolves,1,2025-10-25T04:30:00+00:00,0.473145780051,0.473145780051,,
NBA,hist-oddsapi-3b370cb6a9f1c935bc68cbe2e1866d21,2025-10-25T02:00:00+00:00,2025-10-25T01:55:39+00:00,Sacramento Kings,Utah Jazz,1,2025-10-25T04:30:00+00:00,0.655092592593,0.655092592593,,
NBA,hist-oddsapi-f0f386295d750ba657ca31c569493eb1,2025-10-25T02:00:00+00:00,2025-10-25T01:55:39+00:00,Portland Trail Blazers,Golden State Warriors,1,2025-10-25T04:30:00+00:00,0.423558897243,0.423558897243,,
NBA,hist-oddsapi-5672262c6a3f8d7950dfe370f1146822,2025-10-25T02:30:00+00:00,2025-10-25T02:25:39+00:00,Los Angeles Clippers,Phoenix Suns,1,2025-10-25T04:30:00+00:00,0.783595113438,0.783595113438,,
NBA,hist-oddsapi-16b697ea8401211dcb40a35f12b52b21,2025-10-25T23:30:00+00:00,2025-10-25T23:25:38+00:00,Atlanta Hawks,Oklahoma City Thunder,0,2025-10-26T01:30:00+00:00,0.259332023576,0.259332023576,,
NBA,hist-oddsapi-5d36d3c7974e1c7b367055baace056bb,2025-10-26T22:00:00+00:00,2025-10-26T21:55:39+00:00,Cleveland Cavaliers,Milwaukee Bucks,1,2025-10-27T01:15:00+00:00,0.688596491228,0.688596491228,,
NBA,hist-oddsapi-a66ea4e726536901dfbed1d594c17f48,2025-10-26T23:40:00+00:00,2025-10-26T23:25:39+00:00,Dallas Mavericks,Toronto Raptors,1,2025-10-27T02:00:00+00:00,0.488491048593,0.488491048593,,
NBA,hist-oddsapi-314bcd3de3454494ecb012ef351bcb41,2025-10-27T01:00:00+00:00,2025-10-27T00:55:38+00:00,Los Angeles Clippers,Portland Trail Blazers,1,2025-10-27T03:30:00+00:00,0.734000000000,0.734000000000,,
NBA,hist-oddsapi-5c3141a83aab2381b9837f56079156fd,2025-10-27T23:00:00+00:00,2025-10-27T22:55:39+00:00,Detroit Pistons,Cleveland Cavaliers,0,2025-10-28T01:15:00+00:00,0.466836734694,0.466836734694,,
NBA,hist-oddsapi-1e70cdfd00bfa5e08be3e030eebc8d39,2025-10-28T00:00:00+00:00,2025-10-27T23:55:39+00:00,Chicago Bulls,Atlanta Hawks,1,2025-10-28T02:30:00+00:00,0.435768261965,0.435768261965,,
NBA,hist-oddsapi-3bb045e8e56483e4687e2aad7fc77870,2025-10-28T00:00:00+00:00,2025-10-27T23:55:39+00:00,Houston Rockets,Brooklyn Nets,1,2025-10-28T01:45:00+00:00,0.890000000000,0.890000000000,,
NBA,hist-oddsapi-fea9b1300b0006641e6f50a613e58f88,2025-10-28T00:00:00+00:00,2025-10-27T23:55:39+00:00,San Antonio Spurs,Toronto Raptors,1,2025-10-28T02:30:00+00:00,0.611650485437,0.611650485437,,
NBA,hist-oddsapi-5a01ca5161a08c4d7865032145759b36,2025-10-28T00:40:00+00:00,2025-10-28T00:25:38+00:00,Dallas Mavericks,Oklahoma City Thunder,0,2025-10-28T03:15:00+00:00,0.238805970149,0.238805970149,,
NBA,hist-oddsapi-f645a1acc849e1c50a8ed5f4b164fe76,2025-10-28T01:00:00+00:00,2025-10-28T00:55:39+00:00,Utah Jazz,Phoenix Suns,1,2025-10-28T05:15:00+00:00,0.525510204082,0.525510204082,,
NBA,hist-oddsapi-a3c68330f0966b1febd54c6e5a7fb538,2025-10-28T02:00:00+00:00,2025-10-28T01:55:39+00:00,Golden State Warriors,Memphis Grizzlies,1,2025-10-28T04:15:00+00:00,0.738613861386,0.738613861386,,
NBA,hist-oddsapi-34d6f71a0551df167b69000fb92694bf,2025-10-29T03:00:00+00:00,2025-10-29T02:55:39+00:00,Golden State Warriors,Los Angeles Clippers,1,2025-10-29T05:15:00+00:00,0.469387755102,0.469387755102,,
NBA,hist-oddsapi-57e3377b13023bef975593b02eb5081b,2025-10-29T22:40:00+00:00,2025-10-29T22:25:39+00:00,Toronto Raptors,Houston Rockets,0,2025-10-30T01:15:00+00:00,0.334096109840,0.334096109840,,
NBA,hist-oddsapi-4be505ae223e96b80b5740f1b63d5fb1,2025-10-29T23:10:00+00:00,2025-10-29T22:55:39+00:00,Detroit Pistons,Orlando Magic,1,2025-10-30T01:30:00+00:00,0.454314720812,0.454314720812,,
NBA,hist-oddsapi-757e322d4beb7cad125cdcb50af7e897,2025-10-29T23:10:00+00:00,2025-10-29T22:55:39+00:00,Boston Celtics,Cleveland Cavaliers,1,2025-10-30T02:15:00+00:00,0.400990099010,0.400990099010,,
NBA,hist-oddsapi-e66b88ac0b2ccfeadea1f527c8e4be19,2025-10-30T00:10:00+00:00,2025-10-29T23:55:39+00:00,Chicago Bulls,Sacramento Kings,1,2025-10-30T02:15:00+00:00,0.631578947368,0.631578947368,,
NBA,hist-oddsapi-be8fdc23284b02198349091c5ca89f27,2025-10-30T00:30:00+00:00,2025-10-30T00:25:40+00:00,Dallas Mavericks,Indiana Pacers,1,2025-10-30T03:15:00+00:00,0.671945701357,0.671945701357,,
NBA,hist-oddsapi-61a914d31cb3515795c38dfb8eea0c6f,2025-10-30T01:00:00+00:00,2025-10-30T00:55:39+00:00,Denver Nuggets,New Orleans Pelicans,1,2025-10-30T02:45:00+00:00,0.840499306519,0.840499306519,,
NBA,hist-oddsapi-0150cdf67f18ee09b2207c17bd502b3d,2025-10-30T02:10:00+00:00,2025-10-30T01:55:39+00:00,Phoenix Suns,Memphis Grizzlies,0,2025-10-30T04:30:00+00:00,0.457800511509,0.457800511509,,
NBA,hist-oddsapi-2166a42183ae3ca4c38f7ff9d12e4e9d,2025-10-31T00:10:00+00:00,2025-10-30T23:55:39+00:00,Milwaukee Bucks,Golden State Warriors,1,2025-10-31T02:30:00+00:00,0.278350515464,0.278350515464,,
NBA,hist-oddsapi-e129914bd4795981a6640a32e0db5f0f,2025-10-31T00:10:00+00:00,2025-10-30T23:55:39+00:00,Oklahoma City Thunder,Washington Wizards,1,2025-10-31T02:00:00+00:00,0.891108891109,0.891108891109,,
NBA,hist-oddsapi-3784e9747b97bec1c1aab8f693656f18,2025-10-31T23:00:00+00:00,2025-10-31T22:55:39+00:00,Philadelphia 76ers,Boston Celtics,0,2025-11-01T03:00:00+00:00,0.482051282051,0.482051282051,,
NBA,hist-oddsapi-7a51e863b793a95f2c4359790aea2172,2025-10-31T23:30:00+00:00,2025-10-31T23:25:39+00:00,Cleveland Cavaliers,Toronto Raptors,0,2025-11-01T02:30:00+00:00,0.629186602871,0.629186602871,,
NBA,hist-oddsapi-dda8c805aac91a7a454acbfdf2ee3ed1,2025-11-01T00:00:00+00:00,2025-10-31T23:55:39+00:00,Chicago Bulls,New York Knicks,1,2025-11-01T02:30:00+00:00,0.370813397129,0.370813397129,,
NBA,hist-oddsapi-8cf5f0182f14070fbb4decdff17134ed,2025-11-01T01:30:00+00:00,2025-11-01T01:25:39+00:00,Memphis Grizzlies,Los Angeles Lakers,0,2025-11-01T04:00:00+00:00,0.463104325700,0.463104325700,,
NBA,hist-oddsapi-17245e545f4c4aa961de57270f16b2c7,2025-11-01T02:00:00+00:00,2025-11-01T01:55:39+00:00,Portland Trail Blazers,Denver Nuggets,1,2025-11-01T05:00:00+00:00,0.346511627907,0.346511627907,,
NBA,hist-oddsapi-1eb306bc928cde16b480fbf6493b53a6,2025-11-01T21:10:00+00:00,2025-11-01T20:55:38+00:00,Milwaukee Bucks,Sacramento Kings,0,2025-11-02T00:30:00+00:00,0.685144124169,0.685144124169,,
NBA,hist-oddsapi-30d2f5a8d2c0848e608e6d9904f7242b,2025-11-01T23:10:00+00:00,2025-11-01T22:55:38+00:00,Washington Wizards,Orlando Magic,0,2025-11-02T00:45:00+00:00,0.235185185185,0.235185185185,,
NBA,hist-oddsapi-93b396908512d5c442233a73915097d7,2025-11-01T23:10:00+00:00,2025-11-01T22:55:38+00:00,Indiana Pacers,Golden State Warriors,1,2025-11-02T02:00:00+00:00,0.205042016807,0.205042016807,,
NBA,hist-oddsapi-b406e64442d9cccd0d36a3ff6ba0aa86,2025-11-02T00:10:00+00:00,2025-11-01T23:55:38+00:00,Boston Celtics,Houston Rockets,0,2025-11-02T02:00:00+00:00,0.366666666667,0.366666666667,,
NBA,hist-oddsapi-6f6b9b2f30e3b0c1289b6df52d1f5b1e,2025-11-02T02:10:00+00:00,2025-11-02T01:55:38+00:00,Detroit Pistons,Dallas Mavericks,1,2025-11-02T05:30:00+00:00,0.723140495868,0.723140495868,,
NBA,hist-oddsapi-1abf482ad374aafd4543807af43cb242,2025-11-02T20:30:00+00:00,2025-11-02T20:25:38+00:00,Oklahoma City Thunder,New Orleans Pelicans,1,2025-11-02T22:15:00+00:00,0.844804318489,0.844804318489,,
NBA,hist-oddsapi-32340eec3e6f948859da513d81047c24,2025-11-02T23:00:00+00:00,2025-11-02T22:55:38+00:00,Brooklyn Nets,Philadelphia 76ers,0,2025-11-03T01:15:00+00:00,0.363420427553,0.363420427553,,
NBA,hist-oddsapi-e565d1f4523d2d6e344e329b3f279863,2025-11-03T00:00:00+00:00,2025-11-02T23:55:38+00:00,New York Knicks,Chicago Bulls,1,2025-11-03T02:15:00+00:00,0.715481171548,0.715481171548,,
NBA,hist-oddsapi-c6d2116d84581cd75fb1360aef5efb6e,2025-11-03T01:00:00+00:00,2025-11-03T00:55:38+00:00,Phoenix Suns,San Antonio Spurs,1,2025-11-03T03:15:00+00:00,0.349650349650,0.349650349650,,
NBA,hist-oddsapi-37d2920127740f016f71516a1abe38b8,2025-11-03T02:30:00+00:00,2025-11-03T02:25:38+00:00,Los Angeles Lakers,Miami Heat,1,2025-11-03T05:00:00+00:00,0.641509433962,0.641509433962,,
NBA,hist-oddsapi-f84bf7f4a229f53b5140f09f12cf7d13,2025-11-04T00:00:00+00:00,2025-11-03T23:55:38+00:00,Indiana Pacers,Milwaukee Bucks,0,2025-11-04T02:45:00+00:00,0.327313769752,0.327313769752,,
NBA,hist-oddsapi-8af5977057054cf39d99326e1e0b9d01,2025-11-04T00:10:00+00:00,2025-11-03T23:55:38+00:00,Brooklyn Nets,Minnesota Timberwolves,0,2025-11-04T02:30:00+00:00,0.216783216783,0.216783216783,,
NBA,hist-oddsapi-04e46146b9e692941069c7034c368d60,2025-11-04T00:40:00+00:00,2025-11-04T00:25:38+00:00,New York Knicks,Washington Wizards,1,2025-11-04T02:30:00+00:00,0.836389280677,0.836389280677,,
NBA,hist-oddsapi-08e29200254c376c5f4af4a9b18b9d24,2025-11-04T00:40:00+00:00,2025-11-04T00:25:38+00:00,Boston Celtics,Utah Jazz,0,2025-11-04T03:15:00+00:00,0.793570219966,0.793570219966,,
NBA,hist-oddsapi-f5198a287da6bdb1b0e3c0947fdc4a79,2025-11-04T01:10:00+00:00,2025-11-04T00:55:38+00:00,Memphis Grizzlies,Detroit Pistons,0,2025-11-04T03:30:00+00:00,0.379227053140,0.379227053140,,
NBA,hist-oddsapi-34f945e9809f0f47a9ea3af857fd899b,2025-11-04T02:00:00+00:00,2025-11-04T01:55:38+00:00,Denver Nuggets,Sacramento Kings,1,2025-11-04T04:15:00+00:00,0.816923076923,0.816923076923,,
NBA,hist-oddsapi-bfbd3577751f23e0d9d5d859e16a8da7,2025-11-04T03:10:00+00:00,2025-11-04T02:55:38+00:00,Portland Trail Blazers,Los Angeles Lakers,0,2025-11-04T05:30:00+00:00,0.751923076923,0.751923076923,,
NBA,hist-oddsapi-77cde06ef453172f95ed97439a2540fd,2025-11-05T00:40:00+00:00,2025-11-05T00:25:38+00:00,Toronto Raptors,Milwaukee Bucks,1,2025-11-05T02:30:00+00:00,0.545685279188,0.545685279188,,
NBA,hist-oddsapi-aee7fe0a5478dbb097d14d02e3f563a6,2025-11-05T01:10:00+00:00,2025-11-05T00:55:38+00:00,Atlanta Hawks,Orlando Magic,1,2025-11-05T03:15:00+00:00,0.402469135802,0.402469135802,,
NBA,hist-oddsapi-c13de17fcb4b3e9c45de21f479151ed5,2025-11-05T03:10:00+00:00,2025-11-05T02:55:37+00:00,Golden State Warriors,Phoenix Suns,1,2025-11-05T06:30:00+00:00,0.792869269949,0.792869269949,,
NBA,hist-oddsapi-56ee01cdacc4914d19da5cf5f54e28e7,2025-11-05T04:10:00+00:00,2025-11-05T03:55:37+00:00,Los Angeles Clippers,Oklahoma City Thunder,0,2025-11-05T06:15:00+00:00,0.270325203252,0.270325203252,,
NBA,hist-oddsapi-96b78e7dd26755609d08949297bfb101,2025-11-06T00:00:00+00:00,2025-11-05T23:55:38+00:00,Indiana Pacers,Brooklyn Nets,0,2025-11-06T04:45:00+00:00,0.686534216336,0.686534216336,,
NBA,hist-oddsapi-82a6ef30859cca886863981ccbe7deb5,2025-11-06T00:10:00+00:00,2025-11-05T23:55:38+00:00,Cleveland Cavaliers,Philadelphia 76ers,1,2025-11-06T02:00:00+00:00,0.802931596091,0.802931596091,,
NBA,hist-oddsapi-27c8840c8c45f792ac973275c9edfb49,2025-11-06T00:30:00+00:00,2025-11-06T00:25:38+00:00,Boston Celtics,Washington Wizards,1,2025-11-06T02:30:00+00:00,0.836158192090,0.836158192090,,
NBA,hist-oddsapi-29b861ac757bdd61a335f2c275cdc839,2025-11-06T00:30:00+00:00,2025-11-06T00:25:38+00:00,New York Knicks,Minnesota Timberwolves,1,2025-11-06T03:00:00+00:00,0.584577114428,0.584577114428,,
NBA,hist-oddsapi-b2f369150cdc1c8775f1be9897e53060,2025-11-06T01:40:00+00:00,2025-11-06T01:25:38+00:00,Dallas Mavericks,New Orleans Pelicans,0,2025-11-06T04:30:00+00:00,0.723711340206,0.723711340206,,
NBA,hist-oddsapi-365cc68ed4c6432e32493aad00ff96ff,2025-11-06T03:00:00+00:00,2025-11-06T02:55:37+00:00,Sacramento Kings,Golden State Warriors,1,2025-11-06T05:30:00+00:00,0.564231738035,0.564231738035,,
NBA,hist-oddsapi-4805147770e2d0ce87d72688405a6594,2025-11-06T03:00:00+00:00,2025-11-06T02:55:37+00:00,Los Angeles Lakers,San Antonio Spurs,1,2025-11-06T08:00:00+00:00,0.483375959079,0.483375959079,,
NBA,hist-oddsapi-f339c535ada11624c8dcb320f9f12987,2025-11-07T02:00:00+00:00,2025-11-07T01:55:38+00:00,Phoenix Suns,Los Angeles Clippers,1,2025-11-07T04:15:00+00:00,0.573934837093,0.573934837093,,
NBA,hist-oddsapi-09e34bcf1234210ced1646210034cedb,2025-11-08T00:10:00+00:00,2025-11-07T23:55:37+00:00,Washington Wizards,Cleveland Cavaliers,0,2025-11-08T01:30:00+00:00,0.140198511166,0.140198511166,,
NBA,hist-oddsapi-1269706534827fc185ca0d61405ecd99,2025-11-08T00:40:00+00:00,2025-11-08T00:25:38+00:00,San Antonio Spurs,Houston Rockets,1,2025-11-08T03:15:00+00:00,0.383495145631,0.383495145631,,
NBA,hist-oddsapi-a3537572cc6b1309a5cabd761612a54d,2025-11-08T00:40:00+00:00,2025-11-08T00:25:38+00:00,Brooklyn Nets,Detroit Pistons,0,2025-11-08T02:45:00+00:00,0.199341021417,0.199341021417,,
NBA,hist-oddsapi-bddd57220ab1df8f5a59a5d5373b3f65,2025-11-08T00:40:00+00:00,2025-11-08T00:25:38+00:00,Atlanta Hawks,Toronto Raptors,0,2025-11-08T03:15:00+00:00,0.554430379747,0.554430379747,,
NBA,hist-oddsapi-7cb8b0fe1f3893802f09e60f34194847,2025-11-08T01:10:00+00:00,2025-11-08T00:55:38+00:00,Minnesota Timberwolves,Utah Jazz,1,2025-11-08T02:15:00+00:00,0.835460992908,0.835460992908,,
NBA,hist-oddsapi-86515e2c1d74b8a8233244948e07630c,2025-11-08T01:10:00+00:00,2025-11-08T00:55:38+00:00,Milwaukee Bucks,Chicago Bulls,1,2025-11-08T03:15:00+00:00,0.610705596107,0.610705596107,,
NBA,hist-oddsapi-e54fb75396b2fb3c215897eee85b62b4,2025-11-08T01:10:00+00:00,2025-11-08T00:55:38+00:00,Memphis Grizzlies,Dallas Mavericks,1,2025-11-08T03:00:00+00:00,0.621686746988,0.621686746988,,
NBA,hist-oddsapi-11866bc183bdd5a8a7f11a6686e4007a,2025-11-08T03:10:00+00:00,2025-11-08T02:55:37+00:00,Sacramento Kings,Oklahoma City Thunder,0,2025-11-08T05:00:00+00:00,0.178247734139,0.178247734139,,
NBA,hist-oddsapi-930e0687ebe1ad6186e1db0d88fe7f4a,2025-11-08T03:10:00+00:00,2025-11-08T02:55:37+00:00,Denver Nuggets,Golden State Warriors,1,2025-11-08T04:45:00+00:00,0.777580071174,0.777580071174,,
NBA,hist-oddsapi-9741d920f01ab1f8dfa3433b26083a13,2025-11-09T00:10:00+00:00,2025-11-08T23:55:37+00:00,Washington Wizards,Dallas Mavericks,0,2025-11-09T03:30:00+00:00,0.375903614458,0.375903614458,,
NBA,hist-oddsapi-0075d6ec419f23c1e6e3a7cc279ec2e2,2025-11-09T01:00:00+00:00,2025-11-09T00:55:37+00:00,San Antonio Spurs,New Orleans Pelicans,1,2025-11-09T04:15:00+00:00,0.816640986133,0.816640986133,,
NBA,hist-oddsapi-bfe6efdadc57b4bdb01fdd6f1123d564,2025-11-09T01:00:00+00:00,2025-11-09T00:55:37+00:00,Atlanta Hawks,Los Angeles Lakers,1,2025-11-09T03:00:00+00:00,0.341801385681,0.341801385681,,
NBA,hist-oddsapi-3794a894ae3da0a51df7ce06f5696197,2025-11-09T01:10:00+00:00,2025-11-09T00:55:37+00:00,Cleveland Cavaliers,Chicago Bulls,1,2025-11-09T03:45:00+00:00,0.745596868885,0.745596868885,,
NBA,hist-oddsapi-d1fbcc713503883345fd07dbbefc0238,2025-11-09T02:10:00+00:00,2025-11-09T01:55:37+00:00,Denver Nuggets,Indiana Pacers,1,2025-11-09T04:15:00+00:00,0.784965034965,0.784965034965,,
NBA,hist-oddsapi-4a51c193617f1f42b668152595a3a6f5,2025-11-09T03:30:00+00:00,2025-11-09T03:25:37+00:00,Los Angeles Clippers,Phoenix Suns,0,2025-11-09T06:00:00+00:00,0.618004866180,0.618004866180,,
NBA,hist-oddsapi-e1126435bd892fdc20b81dc1a286a11d,2025-11-09T20:30:00+00:00,2025-11-09T20:25:37+00:00,Milwaukee Bucks,Houston Rockets,0,2025-11-10T00:45:00+00:00,0.389294403893,0.389294403893,,
NBA,hist-oddsapi-60e92f0ebd0d4d4dd4e206c259b1198c,2025-11-09T23:00:00+00:00,2025-11-09T22:55:37+00:00,New York Knicks,Brooklyn Nets,1,2025-11-10T00:45:00+00:00,0.891326021934,0.891326021934,,
NBA,hist-oddsapi-563e1ce28fbf2a9fdd4cda9c12861ea6,2025-11-09T23:10:00+00:00,2025-11-09T22:55:37+00:00,Memphis Grizzlies,Oklahoma City Thunder,0,2025-11-10T01:15:00+00:00,0.200663349917,0.200663349917,,
NBA,hist-oddsapi-ecdb0c72077ab263b31b45332b731195,2025-11-09T23:10:00+00:00,2025-11-09T22:55:37+00:00,Orlando Magic,Boston Celtics,0,2025-11-10T03:45:00+00:00,0.582089552239,0.582089552239,,
NBA,hist-oddsapi-f2720b00d74d6e545c3dbbccee08d0f0,2025-11-10T00:30:00+00:00,2025-11-10T00:25:37+00:00,Philadelphia 76ers,Detroit Pistons,0,2025-11-10T03:45:00+00:00,0.375000000000,0.375000000000,,
NBA,hist-oddsapi-897d0135a47621fb920d0e9b7131026e,2025-11-10T01:40:00+00:00,2025-11-10T01:25:37+00:00,Golden State Warriors,Indiana Pacers,1,2025-11-10T03:45:00+00:00,0.832853025937,0.832853025937,,
NBA,hist-oddsapi-02ea5bff59e1d511ffeefcb8593d74a0,2025-11-10T02:10:00+00:00,2025-11-10T01:55:37+00:00,Sacramento Kings,Minnesota Timberwolves,0,2025-11-10T03:45:00+00:00,0.357647058824,0.357647058824,,
NBA,hist-oddsapi-6fb85302d766cc4bfcd431455d308748,2025-11-11T00:10:00+00:00,2025-11-10T23:55:37+00:00,Orlando Magic,Portland Trail Blazers,1,2025-11-11T02:45:00+00:00,0.536895674300,0.536895674300,,
NBA,hist-oddsapi-4f07ee458d197bc2ccdcfcd9934ffc03,2025-11-11T01:30:00+00:00,2025-11-11T01:25:37+00:00,Dallas Mavericks,Milwaukee Bucks,0,2025-11-11T06:00:00+00:00,0.407407407407,0.407407407407,,
NBA,hist-oddsapi-eea6f48cf04bc26e631209e50a4a3af1,2025-11-11T02:00:00+00:00,2025-11-11T01:55:37+00:00,Utah Jazz,Minnesota Timberwolves,0,2025-11-11T06:00:00+00:00,0.276288659794,0.276288659794,,
NBA,hist-oddsapi-ed82190bf1c73a6310c46ee399696436,2025-11-11T02:10:00+00:00,2025-11-11T01:55:37+00:00,Phoenix Suns,New Orleans Pelicans,1,2025-11-11T03:30:00+00:00,0.758490566038,0.758490566038,,
NBA,hist-oddsapi-1712f1f48109a3c9ef509a77914aaa06,2025-11-11T03:30:00+00:00,2025-11-11T03:25:37+00:00,Los Angeles Clippers,Atlanta Hawks,0,2025-11-11T06:00:00+00:00,0.624096385542,0.624096385542,,
NBA,hist-oddsapi-24de1e032f1519e144f30fc6f43079b4,2025-11-12T00:30:00+00:00,2025-11-12T00:25:37+00:00,Brooklyn Nets,Toronto Raptors,0,2025-11-12T03:00:00+00:00,0.221631205674,0.221631205674,,
NBA,hist-oddsapi-67f8d60e11df6ab3af7c3c43c15ad6bb,2025-11-12T00:30:00+00:00,2025-11-12T00:25:37+00:00,New York Knicks,Memphis Grizzlies,1,2025-11-12T02:15:00+00:00,0.778368794326,0.778368794326,,
NBA,hist-oddsapi-27dd6a6f0a3c64d4bf137c426f93c530,2025-11-12T01:00:00+00:00,2025-11-12T00:55:37+00:00,Philadelphia 76ers,Boston Celtics,1,2025-11-12T03:45:00+00:00,0.466836734694,0.466836734694,,
NBA,hist-oddsapi-531fd3384c3ec81f9734480d6a0b755a,2025-11-12T01:00:00+00:00,2025-11-12T00:55:37+00:00,Oklahoma City Thunder,Golden State Warriors,1,2025-11-12T02:45:00+00:00,0.734939759036,0.734939759036,,
NBA,hist-oddsapi-3e9ff8cc7c27a9e791ef15809ccd4721,2025-11-12T02:00:00+00:00,2025-11-12T01:55:37+00:00,Utah Jazz,Indiana Pacers,1,2025-11-12T04:15:00+00:00,0.448101265823,0.448101265823,,
NBA,hist-oddsapi-f19ce23e75993dd4dcc0df28615fafd1,2025-11-12T04:00:00+00:00,2025-11-12T03:55:37+00:00,Sacramento Kings,Denver Nuggets,0,2025-11-12T06:30:00+00:00,0.252918287938,0.252918287938,,
NBA,hist-oddsapi-8b5034a318296da7b71c659bc444df9e,2025-11-13T00:10:00+00:00,2025-11-12T23:55:37+00:00,New York Knicks,Orlando Magic,0,2025-11-13T02:30:00+00:00,0.613138686131,0.613138686131,,
NBA,hist-oddsapi-059c428bc060a5272ce5a7b6771a3ceb,2025-11-13T00:40:00+00:00,2025-11-13T00:25:39+00:00,Boston Celtics,Memphis Grizzlies,1,2025-11-13T02:30:00+00:00,0.731854838710,0.731854838710,,
NBA,hist-oddsapi-599d6d0dfc057f6a643eca118d8a87a4,2025-11-13T00:40:00+00:00,2025-11-13T00:25:39+00:00,Miami Heat,Cleveland Cavaliers,0,2025-11-13T04:00:00+00:00,0.636579572447,0.636579572447,,
NBA,hist-oddsapi-32773ff9ab98d08e5e876d281599d696,2025-11-13T01:10:00+00:00,2025-11-13T00:55:37+00:00,San Antonio Spurs,Golden State Warriors,0,2025-11-13T03:30:00+00:00,0.595061728395,0.595061728395,,
NBA,hist-oddsapi-cd62575c8246f92d081feba8f01addcf,2025-11-13T01:10:00+00:00,2025-11-13T00:55:37+00:00,Houston Rockets,Washington Wizards,1,2025-11-13T02:15:00+00:00,0.908154506438,0.908154506438,,
NBA,hist-oddsapi-1486b350f051e9869429f2985a7ef2d0,2025-11-13T02:40:00+00:00,2025-11-13T02:25:38+00:00,Oklahoma City Thunder,Los Angeles Lakers,1,2025-11-13T04:15:00+00:00,0.735470941884,0.735470941884,,
NBA,hist-oddsapi-f8a89fe8b901db77b42bf0af6534e52d,2025-11-13T03:10:00+00:00,2025-11-13T02:55:37+00:00,Sacramento Kings,Atlanta Hawks,0,2025-11-13T04:30:00+00:00,0.386861313869,0.386861313869,,
NBA,hist-oddsapi-0f7d4c705cff031299459d2240144e76,2025-11-13T03:40:00+00:00,2025-11-13T03:25:37+00:00,Los Angeles Clippers,Denver Nuggets,0,2025-11-13T05:45:00+00:00,0.371702637890,0.371702637890,,
NBA,hist-oddsapi-79db13d01456b1f6d86ba8c25c83c765,2025-11-14T00:10:00+00:00,2025-11-13T23:55:37+00:00,Cleveland Cavaliers,Toronto Raptors,0,2025-11-14T02:30:00+00:00,0.707889125800,0.707889125800,,
NBA,hist-oddsapi-71660f977b7bf30f2a30794e936a3f61,2025-11-14T02:10:00+00:00,2025-11-14T01:55:37+00:00,Utah Jazz,Atlanta Hawks,0,2025-11-14T04:30:00+00:00,0.478260869565,0.478260869565,,
NBA,hist-oddsapi-e11cbb23685bc3bd5b4336ec7e390531,2025-11-14T02:10:00+00:00,2025-11-14T01:55:37+00:00,Phoenix Suns,Indiana Pacers,1,2025-11-14T04:15:00+00:00,0.598522167488,0.598522167488,,
NBA,hist-oddsapi-63016986bd7402f9433def9ec4be4fe1,2025-11-15T00:10:00+00:00,2025-11-14T23:55:38+00:00,New York Knicks,Miami Heat,1,2025-11-15T02:45:00+00:00,0.685840707965,0.685840707965,,
NBA,hist-oddsapi-2a534db0689c24c8b50c65bd9e0d2c82,2025-11-15T01:10:00+00:00,2025-11-15T00:55:38+00:00,Minnesota Timberwolves,Sacramento Kings,1,2025-11-15T03:30:00+00:00,0.828696925329,0.828696925329,,
NBA,hist-oddsapi-5d2bab71b12e005da1a9491834c945dc,2025-11-15T01:10:00+00:00,2025-11-15T00:55:38+00:00,New Orleans Pelicans,Los Angeles Lakers,0,2025-11-15T02:45:00+00:00,0.204355108878,0.204355108878,,
NBA,hist-oddsapi-e8dd245278646c0b7835609c0d04c4a5,2025-11-15T01:10:00+00:00,2025-11-15T00:55:38+00:00,Houston Rockets,Portland Trail Blazers,1,2025-11-15T03:00:00+00:00,0.724845995893,0.724845995893,,
NBA,hist-oddsapi-b7f9aeee1ae7391cf1271b7589f779aa,2025-11-15T01:40:00+00:00,2025-11-15T01:25:37+00:00,Dallas Mavericks,Los Angeles Clippers,0,2025-11-15T05:00:00+00:00,0.411910669975,0.411910669975,,
NBA,hist-oddsapi-46fc9b98835561f7bfa81c7275b3ed37,2025-11-15T02:40:00+00:00,2025-11-15T02:25:37+00:00,San Antonio Spurs,Golden State Warriors,0,2025-11-15T05:15:00+00:00,0.577500000000,0.577500000000,,
NBA,hist-oddsapi-6cfe378a18675db378f3fcfa4861fa4c,2025-11-15T22:10:00+00:00,2025-11-15T21:55:38+00:00,Cleveland Cavaliers,Memphis Grizzlies,1,2025-11-16T01:00:00+00:00,0.806451612903,0.806451612903,,
NBA,hist-oddsapi-e9059827f4e5f8d7061aea311c337ab8,2025-11-16T00:10:00+00:00,2025-11-15T23:55:38+00:00,Indiana Pacers,Toronto Raptors,0,2025-11-16T02:15:00+00:00,0.294243070362,0.294243070362,,
NBA,hist-oddsapi-d65dc4b4f3707a93b34f070c80080cce,2025-11-16T01:10:00+00:00,2025-11-16T00:55:37+00:00,Milwaukee Bucks,Los Angeles Lakers,0,2025-11-16T03:15:00+00:00,0.521739130435,0.521739130435,,
NBA,hist-oddsapi-efa26569df24b5c1c85598654ba51dd7,2025-11-16T21:00:00+00:00,2025-11-16T20:55:37+00:00,San Antonio Spurs,Sacramento Kings,1,2025-11-16T23:15:00+00:00,0.679372197309,0.679372197309,,
NBA,hist-oddsapi-90a88a365e93cdd921d3c24d79d8a376,2025-11-16T23:00:00+00:00,2025-11-16T22:55:37+00:00,Washington Wizards,Brooklyn Nets,0,2025-11-17T01:15:00+00:00,0.556962025316,0.556962025316,,
NBA,hist-oddsapi-2cc4aa6d732a30d94489658e4db6496a,2025-11-17T00:00:00+00:00,2025-11-16T23:55:37+00:00,New Orleans Pelicans,Golden State Warriors,0,2025-11-17T02:00:00+00:00,0.191693290735,0.191693290735,,
NBA,hist-oddsapi-ab3bf7c82f0c725d1ae7e15c953091f8,2025-11-17T00:30:00+00:00,2025-11-17T00:25:37+00:00,Dallas Mavericks,Portland Trail Blazers,1,2025-11-17T08:30:00+00:00,0.417910447761,0.417910447761,,
NBA,hist-oddsapi-00c81b9ad5b845e2a14e7f01e6a28777,2025-11-17T01:00:00+00:00,2025-11-17T00:55:38+00:00,Phoenix Suns,Atlanta Hawks,0,2025-11-17T03:45:00+00:00,0.510256410256,0.510256410256,,
NBA,hist-oddsapi-3fc01d671e3d50fdc6b651512d8b931a,2025-11-17T01:00:00+00:00,2025-11-17T00:55:38+00:00,Utah Jazz,Chicago Bulls,1,2025-11-17T05:15:00+00:00,0.370813397129,0.370813397129,,
NBA,hist-oddsapi-8a3a6ccbc11731675de956d61bd4f95d,2025-11-18T00:00:00+00:00,2025-11-17T23:55:37+00:00,Cleveland Cavaliers,Milwaukee Bucks,1,2025-11-18T02:30:00+00:00,0.680803571429,0.680803571429,,
NBA,hist-oddsapi-a6422c3a56ec257e30b91638ef36a48e,2025-11-18T00:00:00+00:00,2025-11-17T23:55:37+00:00,Detroit Pistons,Indiana Pacers,1,2025-11-18T02:30:00+00:00,0.752417794971,0.752417794971,,
NBA,hist-oddsapi-ffb9ef562c0313b3eb5c27e80822ae3f,2025-11-18T00:10:00+00:00,2025-11-17T23:55:37+00:00,Philadelphia 76ers,Los Angeles Clippers,1,2025-11-18T02:45:00+00:00,0.640661938534,0.640661938534,,
NBA,hist-oddsapi-b1e7571e112833a08a46072bdf44a478,2025-11-18T00:30:00+00:00,2025-11-18T00:25:38+00:00,Miami Heat,New York Knicks,1,2025-11-18T03:00:00+00:00,0.508951406650,0.508951406650,,
NBA,hist-oddsapi-471ffaffeffd40b0387b1a398fb2f8d9,2025-11-18T01:00:00+00:00,2025-11-18T00:55:37+00:00,Minnesota Timberwolves,Dallas Mavericks,1,2025-11-18T02:45:00+00:00,0.862068965517,0.862068965517,,
NBA,hist-oddsapi-bc86ba3d19479aea6af13b12f3c29f68,2025-11-18T01:10:00+00:00,2025-11-18T00:55:37+00:00,New Orleans Pelicans,Oklahoma City Thunder,0,2025-11-18T01:30:00+00:00,0.071819425445,0.071819425445,,
NBA,hist-oddsapi-0a353943755e93979775f392eb64d80a,2025-11-18T02:10:00+00:00,2025-11-18T01:55:37+00:00,Denver Nuggets,Chicago Bulls,0,2025-11-18T04:30:00+00:00,0.855128205128,0.855128205128,,
NBA,hist-oddsapi-12aebc1081f4713b9ad2705d5364df58,2025-11-19T00:10:00+00:00,2025-11-18T23:55:37+00:00,Orlando Magic,Golden State Warriors,1,2025-11-19T02:30:00+00:00,0.435768261965,0.435768261965,,
NBA,hist-oddsapi-0e5d47b1a4c507af55eafadbd01f0e9d,2025-11-19T00:41:00+00:00,2025-11-19T00:25:38+00:00,Atlanta Hawks,Detroit Pistons,0,2025-11-19T03:00:00+00:00,0.460559796438,0.460559796438,,
NBA,hist-oddsapi-9c3c19beca914238f77162f180beba5b,2025-11-19T03:40:00+00:00,2025-11-19T03:25:37+00:00,Los Angeles Lakers,Utah Jazz,1,2025-11-19T05:45:00+00:00,0.840720221607,0.840720221607,,
NBA,hist-oddsapi-e2ca3fc2c1c2fe0fac1d9fe069fe0779,2025-11-19T04:10:00+00:00,2025-11-19T03:55:37+00:00,Portland Trail Blazers,Phoenix Suns,0,2025-11-19T06:15:00+00:00,0.533163265306,0.533163265306,,
NBA,hist-oddsapi-1c9e418efd98eb8040dc783345e4bc24,2025-11-20T00:00:00+00:00,2025-11-19T23:55:37+00:00,Cleveland Cavaliers,Houston Rockets,0,2025-11-20T03:45:00+00:00,0.458015267176,0.458015267176,,
NBA,hist-oddsapi-ee79094a98d3645115a3e9c083f01a74,2025-11-20T00:00:00+00:00,2025-11-19T23:55:37+00:00,Philadelphia 76ers,Toronto Raptors,0,2025-11-20T03:00:00+00:00,0.430730478589,0.430730478589,,
NBA,hist-oddsapi-301506911df04b3ac148721fae1aceae,2025-11-20T00:10:00+00:00,2025-11-19T23:55:37+00:00,Miami Heat,Golden State Warriors,1,2025-11-20T03:15:00+00:00,0.772151898734,0.772151898734,,
NBA,hist-oddsapi-6a4ab9a1ce6d4f90b0dafd6d6461c5eb,2025-11-20T01:00:00+00:00,2025-11-20T00:55:37+00:00,Oklahoma City Thunder,Sacramento Kings,1,2025-11-20T03:00:00+00:00,0.924785100287,0.924785100287,,
NBA,hist-oddsapi-f43516e89095a0b6edbe793745a2e6ca,2025-11-20T01:00:00+00:00,2025-11-20T00:55:37+00:00,Minnesota Timberwolves,Washington Wizards,1,2025-11-20T02:00:00+00:00,0.897044804576,0.897044804576,,
NBA,hist-oddsapi-ffc5a7963fb53f25e210c1acc25e2fd2,2025-11-20T01:00:00+00:00,2025-11-20T00:55:37+00:00,New Orleans Pelicans,Denver Nuggets,0,2025-11-20T03:15:00+00:00,0.174366616990,0.174366616990,,
NBA,hist-oddsapi-0bba63ebea7fd06ccc1a76376361195c,2025-11-20T02:30:00+00:00,2025-11-20T02:25:37+00:00,Dallas Mavericks,New York Knicks,0,2025-11-20T05:30:00+00:00,0.257874015748,0.257874015748,,
NBA,hist-oddsapi-27a47dd17db5b4e2788c58cb75b827df,2025-11-20T03:10:00+00:00,2025-11-20T02:55:37+00:00,Portland Trail Blazers,Chicago Bulls,0,2025-11-20T06:00:00+00:00,0.408415841584,0.408415841584,,
NBA,hist-oddsapi-ff24293a6e10588cf0464c3b15faec80,2025-11-21T00:10:00+00:00,2025-11-20T23:55:38+00:00,Orlando Magic,Los Angeles Clippers,1,2025-11-21T02:00:00+00:00,0.666666666667,0.666666666667,,
NBA,hist-oddsapi-088f5bc93c60e40ff3b46827e155d74a,2025-11-21T01:10:00+00:00,2025-11-21T00:55:38+00:00,Memphis Grizzlies,Sacramento Kings,1,2025-11-21T02:30:00+00:00,0.581047381546,0.581047381546,,
NBA,hist-oddsapi-79339c63d557efe85f89187c10bd15c4,2025-11-21T01:10:00+00:00,2025-11-21T00:55:38+00:00,San Antonio Spurs,Atlanta Hawks,1,2025-11-21T03:15:00+00:00,0.500000000000,0.500000000000,,
NBA,hist-oddsapi-58c5d4f9449efc54b2a2ceb71ca6878b,2025-11-22T00:00:00+00:00,2025-11-21T23:55:38+00:00,Cleveland Cavaliers,Indiana Pacers,1,2025-11-22T02:45:00+00:00,0.860321384425,0.860321384425,,
NBA,hist-oddsapi-731fa66351071a1e5cd387fd7087aa8f,2025-11-22T00:40:00+00:00,2025-11-22T00:25:38+00:00,Toronto Raptors,Washington Wizards,1,2025-11-22T02:15:00+00:00,0.875280898876,0.875280898876,,
NBA,hist-oddsapi-76c06946a763643d09655bdcad0ccd33,2025-11-22T01:10:00+00:00,2025-11-22T00:55:38+00:00,Chicago Bulls,Miami Heat,0,2025-11-22T03:00:00+00:00,0.548223350254,0.548223350254,,
NBA,hist-oddsapi-f383ac51e8102cfb59ce70f5e1a308ff,2025-11-22T01:40:00+00:00,2025-11-22T01:25:39+00:00,Dallas Mavericks,New Orleans Pelicans,1,2025-11-22T04:15:00+00:00,0.587064676617,0.587064676617,,
NBA,hist-oddsapi-460ca5da65548d349cb007bdceb84163,2025-11-22T03:10:00+00:00,2025-11-22T02:55:38+00:00,Golden State Warriors,Portland Trail Blazers,0,2025-11-22T06:00:00+00:00,0.775583482944,0.775583482944,,
NBA,hist-oddsapi-ac0e9728d14d0db6b110a0e7eb050929,2025-11-22T03:10:00+00:00,2025-11-22T02:55:38+00:00,Utah Jazz,Oklahoma City Thunder,0,2025-11-22T05:00:00+00:00,0.101694915254,0.101694915254,,
NBA,hist-oddsapi-99eadf1bba6ca10f585edb7d3c4a3e6c,2025-11-22T22:10:00+00:00,2025-11-22T21:55:38+00:00,Orlando Magic,New York Knicks,1,2025-11-23T00:45:00+00:00,0.544529262087,0.544529262087,,
NBA,hist-oddsapi-0fdd095e3e0689aede516def5ccb891f,2025-11-23T00:10:00+00:00,2025-11-22T23:55:37+00:00,New Orleans Pelicans,Atlanta Hawks,0,2025-11-23T02:00:00+00:00,0.210616438356,0.210616438356,,
NBA,hist-oddsapi-46118acd6bad6d91e3a202453d0f8f50,2025-11-23T01:10:00+00:00,2025-11-23T00:55:37+00:00,Milwaukee Bucks,Detroit Pistons,0,2025-11-23T02:30:00+00:00,0.254403131115,0.254403131115,,
NBA,hist-oddsapi-38c536954f1b21020fbae78711a00d28,2025-11-23T01:40:00+00:00,2025-11-23T01:25:37+00:00,Dallas Mavericks,Memphis Grizzlies,0,2025-11-23T04:00:00+00:00,0.494871794872,0.494871794872,,
NBA,hist-oddsapi-9e0e2a7be4f8871e4a4d2ae25ed7d6f1,2025-11-23T03:10:00+00:00,2025-11-23T02:55:37+00:00,Denver Nuggets,Sacramento Kings,0,2025-11-23T05:45:00+00:00,0.812302839117,0.812302839117,,
NBA,hist-oddsapi-afc47a0aae772c23a3c9b8a75f743291,2025-11-23T18:10:00+00:00,2025-11-23T17:55:37+00:00,Philadelphia 76ers,Miami Heat,0,2025-11-23T20:15:00+00:00,0.480818414322,0.480818414322,,
NBA,hist-oddsapi-5c7ba711cc75765ee4a291d1ac6642d0,2025-11-24T00:10:00+00:00,2025-11-23T23:55:37+00:00,Oklahoma City Thunder,Portland Trail Blazers,1,2025-11-24T01:45:00+00:00,0.892292490119,0.892292490119,,
NBA,hist-oddsapi-209008bee381b4efba5ff2c8de03bc60,2025-11-24T01:10:00+00:00,2025-11-24T00:55:37+00:00,Phoenix Suns,San Antonio Spurs,1,2025-11-24T03:15:00+00:00,0.538265306122,0.538265306122,,
NBA,hist-oddsapi-31f8f03b475171fb3f3e77385f1e7699,2025-11-24T01:10:00+00:00,2025-11-24T00:55:37+00:00,Utah Jazz,Los Angeles Lakers,0,2025-11-24T03:45:00+00:00,0.223214285714,0.223214285714,,
NBA,hist-oddsapi-4509c58fbf9b92ed59ba8f130267673a,2025-11-25T00:10:00+00:00,2025-11-24T23:55:37+00:00,Indiana Pacers,Detroit Pistons,0,2025-11-25T02:45:00+00:00,0.227436823105,0.227436823105,,
NBA,hist-oddsapi-c5f91d856d647cb5a6c1d0899b8e330f,2025-11-25T00:40:00+00:00,2025-11-25T00:25:37+00:00,Brooklyn Nets,New York Knicks,0,2025-11-25T02:45:00+00:00,0.151394422311,0.151394422311,,
NBA,hist-oddsapi-6a1207eb38c703385ba9624905fab3ba,2025-11-25T01:10:00+00:00,2025-11-25T00:55:37+00:00,New Orleans Pelicans,Chicago Bulls,1,2025-11-25T03:30:00+00:00,0.358490566038,0.358490566038,,
NBA,hist-oddsapi-f6c28ca116d0a8731714246ea506b242,2025-11-25T01:10:00+00:00,2025-11-25T00:55:37+00:00,Milwaukee Bucks,Portland Trail Blazers,0,2025-11-25T03:00:00+00:00,0.502564102564,0.502564102564,,
NBA,hist-oddsapi-3640b757990601e61f5ca4fb241d99a8,2025-11-25T03:10:00+00:00,2025-11-25T02:55:37+00:00,Sacramento Kings,Minnesota Timberwolves,1,2025-11-25T06:00:00+00:00,0.200000000000,0.200000000000,,
NBA,hist-oddsapi-c59eff6b208318c28ec7d189749e568d,2025-11-25T03:10:00+00:00,2025-11-25T02:55:37+00:00,Golden State Warriors,Utah Jazz,1,2025-11-25T04:45:00+00:00,0.857861635220,0.857861635220,,
NBA,hist-oddsapi-9ad9826a5e6c2de97a7596b87f1e3c76,2025-11-26T00:10:00+00:00,2025-11-25T23:55:38+00:00,Washington Wizards,Atlanta Hawks,1,2025-11-26T01:45:00+00:00,0.184496124031,0.184496124031,,
NBA,hist-oddsapi-a43d5e85ccdf728d56f44bfda12b9d06,2025-11-26T01:10:00+00:00,2025-11-26T00:55:37+00:00,Philadelphia 76ers,Orlando Magic,0,2025-11-26T02:45:00+00:00,0.370813397129,0.370813397129,,
NBA,hist-oddsapi-b7209d3aae71bb2dc1ca8f9412a95a4a,2025-11-26T04:10:00+00:00,2025-11-26T03:55:38+00:00,Los Angeles Lakers,Los Angeles Clippers,1,2025-11-26T08:45:00+00:00,0.693654266958,0.693654266958,,
NBA,hist-oddsapi-54ab67c4d54079c2044f6de8397ad072,2025-11-27T00:40:00+00:00,2025-11-27T00:25:38+00:00,Toronto Raptors,Indiana Pacers,1,2025-11-27T03:00:00+00:00,0.787197231834,0.787197231834,,
NBA,hist-oddsapi-640a3b0d618c26bd0e462da74aad454f,2025-11-27T03:10:00+00:00,2025-11-27T02:55:37+00:00,Sacramento Kings,Phoenix Suns,0,2025-11-27T05:45:00+00:00,0.375000000000,0.375000000000,,
NBA,hist-oddsapi-9d56baa432e13e1879c5a7e08ac23e79,2025-11-27T03:10:00+00:00,2025-11-27T02:55:37+00:00,Portland Trail Blazers,San Antonio Spurs,0,2025-11-27T05:30:00+00:00,0.505128205128,0.505128205128,,
NBA,hist-oddsapi-1af096075324c24f402566517cb35f91,2025-11-29T00:40:00+00:00,2025-11-29T00:25:38+00:00,Atlanta Hawks,Cleveland Cavaliers,1,2025-11-29T03:00:00+00:00,0.314159292035,0.314159292035,,
NBA,hist-oddsapi-3681b95ecf2caed53d8d976c17ad4464,2025-11-29T00:40:00+00:00,2025-11-29T00:25:38+00:00,Detroit Pistons,Orlando Magic,0,2025-11-29T04:15:00+00:00,0.591584158416,0.591584158416,,
NBA,hist-oddsapi-40e1962291b5902145ba33c2b8918fbf,2025-11-29T00:40:00+00:00,2025-11-29T00:25:38+00:00,Brooklyn Nets,Philadelphia 76ers,0,2025-11-29T03:15:00+00:00,0.305010893246,0.305010893246,,
NBA,hist-oddsapi-72d83440ea3e88d46514dd3eed0deddb,2025-11-29T00:40:00+00:00,2025-11-29T00:25:38+00:00,Indiana Pacers,Washington Wizards,1,2025-11-29T02:15:00+00:00,0.692982456140,0.692982456140,,
NBA,hist-oddsapi-05b9527e25f5994ecbf5a9323a489a33,2025-11-29T02:40:00+00:00,2025-11-29T02:25:37+00:00,Utah Jazz,Sacramento Kings,1,2025-11-29T05:00:00+00:00,0.554430379747,0.554430379747,,
NBA,hist-oddsapi-a06a55ea3f9818bd67a44c118b03bb31,2025-11-29T02:40:00+00:00,2025-11-29T02:25:37+00:00,Oklahoma City Thunder,Phoenix Suns,1,2025-11-29T05:15:00+00:00,0.878318584071,0.878318584071,,
NBA,hist-oddsapi-e18835b33478d76175aa301ace433fd3,2025-11-29T02:40:00+00:00,2025-11-29T02:25:37+00:00,Denver Nuggets,San Antonio Spurs,0,2025-11-29T05:00:00+00:00,0.716075156576,0.716075156576,,
NBA,hist-oddsapi-78aabf080c02d6b74d6d5a15ae2d2a81,2025-11-29T03:10:00+00:00,2025-11-29T02:55:37+00:00,Los Angeles Lakers,Dallas Mavericks,1,2025-11-29T05:45:00+00:00,0.777580071174,0.777580071174,,
NBA,hist-oddsapi-835535f997beb1f330c480429f5fd48b,2025-11-29T03:10:00+00:00,2025-11-29T02:55:37+00:00,Los Angeles Clippers,Memphis Grizzlies,0,2025-11-29T05:30:00+00:00,0.698481561822,0.698481561822,,
NBA,hist-oddsapi-39e465c2052d07aab9762ed395f51fa5,2025-11-29T22:10:00+00:00,2025-11-29T21:55:37+00:00,Minnesota Timberwolves,Boston Celtics,1,2025-11-30T02:00:00+00:00,0.685840707965,0.685840707965,,
NBA,hist-oddsapi-784f94820715274309e16d3de4928361,2025-11-30T01:10:00+00:00,2025-11-30T00:55:37+00:00,Milwaukee Bucks,Brooklyn Nets,1,2025-11-30T02:30:00+00:00,0.823088455772,0.823088455772,,
NBA,hist-oddsapi-f374f371daee659611ed1afec06ab85a,2025-11-30T01:10:00+00:00,2025-11-30T00:55:37+00:00,Miami Heat,Detroit Pistons,0,2025-11-30T03:45:00+00:00,0.595061728395,0.595061728395,,
NBA,hist-oddsapi-98a8aa8f24faf2bb72c27a045952a513,2025-11-30T01:40:00+00:00,2025-11-30T01:25:37+00:00,Golden State Warriors,New Orleans Pelicans,1,2025-11-30T04:00:00+00:00,0.769652650823,0.769652650823,,
NBA,hist-oddsapi-1f7454c298835aeb669542fd07b8fcfc,2025-11-30T02:10:00+00:00,2025-11-30T01:55:37+00:00,Phoenix Suns,Denver Nuggets,0,2025-11-30T04:15:00+00:00,0.386861313869,0.386861313869,,
NBA,hist-oddsapi-11f2a566bc03b792ab15ec12469e4e92,2025-11-30T20:10:00+00:00,2025-11-30T19:55:37+00:00,Utah Jazz,Houston Rockets,0,2025-11-30T21:45:00+00:00,0.174107142857,0.174107142857,,
NBA,hist-oddsapi-960545896b814924ffb72a9aa942cb73,2025-11-30T23:10:00+00:00,2025-11-30T22:55:37+00:00,Cleveland Cavaliers,Boston Celtics,0,2025-12-01T02:45:00+00:00,0.713684210526,0.713684210526,,
NBA,hist-oddsapi-9777fc2821608e3c758fdaf7cae6f6f5,2025-11-30T23:10:00+00:00,2025-11-30T22:55:37+00:00,Portland Trail Blazers,Oklahoma City Thunder,0,2025-12-01T01:30:00+00:00,0.169319826339,0.169319826339,,
NBA,hist-oddsapi-e4bc5abec9d682f3bf0d64f2a354f211,2025-11-30T23:10:00+00:00,2025-11-30T22:55:37+00:00,New York Knicks,Toronto Raptors,1,2025-12-01T01:15:00+00:00,0.742125984252,0.742125984252,,
NBA,hist-oddsapi-836e9666d5f6430cd502c1ad6dfc6bcd,2025-12-01T00:10:00+00:00,2025-11-30T23:55:37+00:00,Minnesota Timberwolves,San Antonio Spurs,1,2025-12-01T02:15:00+00:00,0.631578947368,0.631578947368,,
NBA,hist-oddsapi-7a41d0fddaf36ced2b5dae81f717d9c9,2025-12-01T02:10:00+00:00,2025-12-01T01:55:37+00:00,Sacramento Kings,Memphis Grizzlies,0,2025-12-01T04:30:00+00:00,0.427135678392,0.427135678392,,
NBA,hist-oddsapi-ff4a951f59cc072e579d5c907b1d8872,2025-12-01T02:40:00+00:00,2025-12-01T02:25:37+00:00,Los Angeles Lakers,New Orleans Pelicans,1,2025-12-01T03:30:00+00:00,0.899065420561,0.899065420561,,
NBA,hist-oddsapi-a2fb7d9b25c10290c0ddfe4ed08d9911,2025-12-02T00:00:00+00:00,2025-12-01T23:55:37+00:00,Washington Wizards,Milwaukee Bucks,1,2025-12-02T03:30:00+00:00,0.209183673469,0.209183673469,,
NBA,hist-oddsapi-3cc5570a4f110817f256cde8b347c425,2025-12-02T00:10:00+00:00,2025-12-01T23:55:37+00:00,Detroit Pistons,Atlanta Hawks,1,2025-12-02T03:30:00+00:00,0.775985663082,0.775985663082,,
NBA,hist-oddsapi-969003b40369abe44b5c2f79f8a491b7,2025-12-02T00:10:00+00:00,2025-12-01T23:55:37+00:00,Indiana Pacers,Cleveland Cavaliers,0,2025-12-02T02:15:00+00:00,0.374100719424,0.374100719424,,
NBA,hist-oddsapi-59b66cf57192dae1adc997adf46ee380,2025-12-02T00:30:00+00:00,2025-12-02T00:25:38+00:00,Miami Heat,Los Angeles Clippers,1,2025-12-02T02:15:00+00:00,0.688741721854,0.688741721854,,
NBA,hist-oddsapi-1eb6fa928977c91a8de9a270964c7503,2025-12-02T02:10:00+00:00,2025-12-02T01:55:37+00:00,Utah Jazz,Houston Rockets,1,2025-12-02T04:45:00+00:00,0.178787878788,0.178787878788,,
NBA,hist-oddsapi-7a8ec1de3f6698cb4266f8acbc124561,2025-12-02T02:10:00+00:00,2025-12-02T01:55:37+00:00,Denver Nuggets,Dallas Mavericks,0,2025-12-02T04:15:00+00:00,0.816358024691,0.816358024691,,
NBA,hist-oddsapi-5cc0919657cd7dabe2c7b24c5ecf0373,2025-12-02T03:10:00+00:00,2025-12-02T02:55:37+00:00,Los Angeles Lakers,Phoenix Suns,0,2025-12-02T05:15:00+00:00,0.662844036697,0.662844036697,,
NBA,hist-oddsapi-82945fcefbdab5eff92ea10d50b8b9ed,2025-12-03T00:10:00+00:00,2025-12-02T23:55:38+00:00,Philadelphia 76ers,Washington Wizards,1,2025-12-03T01:45:00+00:00,0.858395989975,0.858395989975,,
NBA,hist-oddsapi-c8fb3e3641461ee52981c6d8c8ee12f8,2025-12-03T01:10:00+00:00,2025-12-03T00:55:37+00:00,San Antonio Spurs,Memphis Grizzlies,1,2025-12-03T04:15:00+00:00,0.637440758294,0.637440758294,,
NBA,hist-oddsapi-936b0e45efe15e5fd011019517643b4f,2025-12-04T00:10:00+00:00,2025-12-03T23:55:37+00:00,Orlando Magic,San Antonio Spurs,0,2025-12-04T02:30:00+00:00,0.740079365079,0.740079365079,,
NBA,hist-oddsapi-ab009f7f2a7d899ac245a0c7d959c172,2025-12-04T00:10:00+00:00,2025-12-03T23:55:37+00:00,Indiana Pacers,Denver Nuggets,0,2025-12-04T01:30:00+00:00,0.269230769231,0.269230769231,,
NBA,hist-oddsapi-9e2229439904067904831257668485a4,2025-12-04T00:40:00+00:00,2025-12-04T00:25:37+00:00,Atlanta Hawks,Los Angeles Clippers,0,2025-12-04T02:30:00+00:00,0.539440203562,0.539440203562,,
NBA,hist-oddsapi-f1911824d4907eed6e6f89a9be9a84ed,2025-12-04T01:10:00+00:00,2025-12-04T00:55:37+00:00,Houston Rockets,Sacramento Kings,1,2025-12-04T03:00:00+00:00,0.898400752587,0.898400752587,,
NBA,hist-oddsapi-156b51c1cdfdee88329898e7923855ee,2025-12-04T01:11:00+00:00,2025-12-04T00:55:37+00:00,Milwaukee Bucks,Detroit Pistons,1,2025-12-04T03:30:00+00:00,0.359338061466,0.359338061466,,
NBA,hist-oddsapi-598be080fed3a6c477b581ad0744d1a0,2025-12-04T01:30:00+00:00,2025-12-04T01:25:37+00:00,Dallas Mavericks,Miami Heat,1,2025-12-04T03:45:00+00:00,0.381067961165,0.381067961165,,
NBA,hist-oddsapi-0ef228d015b4f211bab07a3c269105ab,2025-12-05T00:10:00+00:00,2025-12-04T23:55:37+00:00,Philadelphia 76ers,Golden State Warriors,1,2025-12-05T03:15:00+00:00,0.613138686131,0.613138686131,,
NBA,hist-oddsapi-3bb98aa07fabd4fae0e83a62c2d5fb1a,2025-12-05T00:10:00+00:00,2025-12-04T23:55:37+00:00,Washington Wizards,Boston Celtics,0,2025-12-05T01:45:00+00:00,0.198360655738,0.198360655738,,
NBA,hist-oddsapi-d7046816eb6615d7ec83c6356451c7cd,2025-12-05T00:40:00+00:00,2025-12-05T00:25:37+00:00,Brooklyn Nets,Utah Jazz,0,2025-12-05T04:30:00+00:00,0.364285714286,0.364285714286,,
NBA,hist-oddsapi-0a31295e0a94885f10acc879f6198a10,2025-12-05T01:10:00+00:00,2025-12-05T00:55:37+00:00,New Orleans Pelicans,Minnesota Timberwolves,0,2025-12-05T04:45:00+00:00,0.181259600614,0.181259600614,,
NBA,hist-oddsapi-61feabe0b59a9dba9be076c59ecd125d,2025-12-06T00:10:00+00:00,2025-12-05T23:55:37+00:00,Boston Celtics,Los Angeles Lakers,1,2025-12-06T02:00:00+00:00,0.745596868885,0.745596868885,,
NBA,hist-oddsapi-aeb6990f23d3e646900b2ec784699724,2025-12-06T00:10:00+00:00,2025-12-05T23:55:37+00:00,Orlando Magic,Miami Heat,1,2025-12-06T02:30:00+00:00,0.680089485459,0.680089485459,,
NBA,hist-oddsapi-7356d0e5e6178ea403706b3d0d668731,2025-12-06T00:40:00+00:00,2025-12-06T00:25:39+00:00,New York Knicks,Utah Jazz,1,2025-12-06T02:15:00+00:00,0.889564336373,0.889564336373,,
NBA,hist-oddsapi-ffa09b2ad58a00b66f7d0aa16322155c,2025-12-06T00:40:00+00:00,2025-12-06T00:25:39+00:00,Atlanta Hawks,Denver Nuggets,0,2025-12-06T03:00:00+00:00,0.408415841584,0.408415841584,,
NBA,hist-oddsapi-091237ab322a19a025b7954a6b5fb248,2025-12-06T01:10:00+00:00,2025-12-06T00:55:37+00:00,Chicago Bulls,Indiana Pacers,0,2025-12-06T03:15:00+00:00,0.632458233890,0.632458233890,,
NBA,hist-oddsapi-7b907d2230835c551697af3a8e160d99,2025-12-06T01:10:00+00:00,2025-12-06T00:55:37+00:00,Houston Rockets,Phoenix Suns,1,2025-12-06T03:00:00+00:00,0.774368231047,0.774368231047,,
NBA,hist-oddsapi-eb592fd992868ca6969361169aa7f107,2025-12-06T01:10:00+00:00,2025-12-06T00:55:37+00:00,Memphis Grizzlies,Los Angeles Clippers,1,2025-12-06T03:15:00+00:00,0.455470737913,0.455470737913,,
NBA,hist-oddsapi-8d3418eef90a481a997f274ad5b93c8e,2025-12-06T02:40:00+00:00,2025-12-06T02:25:38+00:00,Oklahoma City Thunder,Dallas Mavericks,1,2025-12-06T04:15:00+00:00,0.886812045691,0.886812045691,,
NBA,hist-oddsapi-223ec223d9ac0172d28afb1c26f4b8ae,2025-12-06T22:10:00+00:00,2025-12-06T21:55:37+00:00,Brooklyn Nets,New Orleans Pelicans,1,2025-12-07T00:00:00+00:00,0.608801955990,0.608801955990,,
NBA,hist-oddsapi-50bba5f55019436fa6145be51c60a174,2025-12-07T00:10:00+00:00,2025-12-06T23:55:37+00:00,Washington Wizards,Atlanta Hawks,0,2025-12-07T02:15:00+00:00,0.221631205674,0.221631205674,,
NBA,hist-oddsapi-77f737d32c12f24c9aa802751b7164cf,2025-12-07T00:40:00+00:00,2025-12-07T00:25:37+00:00,Detroit Pistons,Milwaukee Bucks,1,2025-12-07T02:45:00+00:00,0.835926449788,0.835926449788,,
NBA,hist-oddsapi-ddfe1830cd36ca5a0d614297cef168de,2025-12-07T00:40:00+00:00,2025-12-07T00:25:37+00:00,Cleveland Cavaliers,Golden State Warriors,0,2025-12-07T03:15:00+00:00,0.750965250965,0.750965250965,,
NBA,hist-oddsapi-a49179ca5fedd30b13d93c7566b23670,2025-12-07T01:10:00+00:00,2025-12-07T00:55:37+00:00,Miami Heat,Sacramento Kings,0,2025-12-07T03:00:00+00:00,0.752873563218,0.752873563218,,
NBA,hist-oddsapi-345cc966e0c9b40273032b7989040a5d,2025-12-07T01:40:00+00:00,2025-12-07T01:25:37+00:00,Dallas Mavericks,Houston Rockets,1,2025-12-07T03:45:00+00:00,0.299568965517,0.299568965517,,
NBA,hist-oddsapi-ae4bc3a7ccbb03047bf9c84a2da60b5a,2025-12-07T17:00:00+00:00,2025-12-07T16:55:37+00:00,New York Knicks,Orlando Magic,1,2025-12-07T19:30:00+00:00,0.534351145038,0.534351145038,,
NBA,hist-oddsapi-5560bba61529678079a7fd51051dfd5d,2025-12-07T23:00:00+00:00,2025-12-07T22:55:37+00:00,Memphis Grizzlies,Portland Trail Blazers,1,2025-12-08T01:30:00+00:00,0.554430379747,0.554430379747,,
NBA,hist-oddsapi-0a1129b3f805dc5b4e436c961ef10818,2025-12-08T00:00:00+00:00,2025-12-07T23:55:37+00:00,Chicago Bulls,Golden State Warriors,0,2025-12-08T02:00:00+00:00,0.484615384615,0.484615384615,,
NBA,hist-oddsapi-6a9bd086351afd60d1912cbfccbe56b4,2025-12-08T00:30:00+00:00,2025-12-08T00:25:37+00:00,Philadelphia 76ers,Los Angeles Lakers,0,2025-12-08T03:00:00+00:00,0.429648241206,0.429648241206,,
NBA,hist-oddsapi-9b86f7c0e0b3d344ad303693c923f3b3,2025-12-08T01:00:00+00:00,2025-12-08T00:55:37+00:00,Utah Jazz,Oklahoma City Thunder,0,2025-12-08T02:15:00+00:00,0.192556634304,0.192556634304,,
NBA,hist-oddsapi-fa9c13de1b6188669ed5766355bc2d17,2025-12-09T00:40:00+00:00,2025-12-09T00:25:37+00:00,Minnesota Timberwolves,Phoenix Suns,0,2025-12-09T03:45:00+00:00,0.764814814815,0.764814814815,,
NBA,hist-oddsapi-67f638076c2d1263eaa0b9b5689ac18e,2025-12-09T01:10:00+00:00,2025-12-09T00:55:37+00:00,New Orleans Pelicans,San Antonio Spurs,0,2025-12-09T03:45:00+00:00,0.217543859649,0.217543859649,,
NBA,hist-oddsapi-099fbdb7f4738db6e1f5b7889ab3d707,2025-12-09T23:10:00+00:00,2025-12-09T22:55:37+00:00,Orlando Magic,Miami Heat,1,2025-12-10T01:45:00+00:00,0.524296675192,0.524296675192,,
NBA,hist-oddsapi-582a77bcdc5401a29e263ffed5d26609,2025-12-10T01:30:00+00:00,2025-12-10T01:25:38+00:00,Toronto Raptors,New York Knicks,0,2025-12-10T04:00:00+00:00,0.310572687225,0.310572687225,,
NBA,hist-oddsapi-9373b84d11358f66f18562222dbf5f42,2025-12-11T00:30:00+00:00,2025-12-11T00:25:38+00:00,Oklahoma City Thunder,Phoenix Suns,1,2025-12-11T01:45:00+00:00,0.881593110872,0.881593110872,,
NBA,hist-oddsapi-3c6fdfc4cdc52040e342f68bae9a58ae,2025-12-12T01:10:00+00:00,2025-12-12T00:55:37+00:00,New Orleans Pelicans,Portland Trail Blazers,1,2025-12-12T03:15:00+00:00,0.394088669951,0.394088669951,,
NBA,hist-oddsapi-bdf65fa4c7fe0494ecb1de606a22a96c,2025-12-12T01:10:00+00:00,2025-12-12T00:55:37+00:00,Milwaukee Bucks,Boston Celtics,1,2025-12-12T03:15:00+00:00,0.222024866785,0.222024866785,,
NBA,hist-oddsapi-7d1a8b194b41e9acf8acb167ada36745,2025-12-12T03:10:00+00:00,2025-12-12T02:55:38+00:00,Sacramento Kings,Denver Nuggets,0,2025-12-12T04:30:00+00:00,0.199341021417,0.199341021417,,
NBA,hist-oddsapi-3b851b37fe204032efa750f6e6cde66e,2025-12-13T00:10:00+00:00,2025-12-12T23:55:37+00:00,Philadelphia 76ers,Indiana Pacers,1,2025-12-13T02:30:00+00:00,0.671945701357,0.671945701357,,
NBA,hist-oddsapi-a365ef6ee881da6cbcbb41b19a203942,2025-12-13T00:10:00+00:00,2025-12-12T23:55:37+00:00,Washington Wizards,Cleveland Cavaliers,0,2025-12-13T02:45:00+00:00,0.101790763431,0.101790763431,,
NBA,hist-oddsapi-0bc4679b4f3eed7ea44f40f68984214c,2025-12-13T01:10:00+00:00,2025-12-13T00:55:37+00:00,Memphis Grizzlies,Utah Jazz,0,2025-12-13T03:30:00+00:00,0.709129511677,0.709129511677,,
NBA,hist-oddsapi-f43f63c4089813a0e3aa0ec0c9ccdd1e,2025-12-13T01:40:00+00:00,2025-12-13T01:25:37+00:00,Dallas Mavericks,Brooklyn Nets,1,2025-12-13T05:15:00+00:00,0.721074380165,0.721074380165,,
NBA,hist-oddsapi-3d88af9ad2aeef52ba326706e3044c2c,2025-12-13T03:10:00+00:00,2025-12-13T02:55:37+00:00,Golden State Warriors,Minnesota Timberwolves,0,2025-12-13T05:45:00+00:00,0.625000000000,0.625000000000,,
NBA,hist-oddsapi-a5415e46c5fcbe0d07e9354d57ac89f5,2025-12-13T22:30:00+00:00,2025-12-13T22:25:37+00:00,Orlando Magic,New York Knicks,0,2025-12-14T01:00:00+00:00,0.379227053140,0.379227053140,,
NBA,hist-oddsapi-2bb4fb503eee5d6ccee6f70bb183ba0f,2025-12-14T02:00:00+00:00,2025-12-14T01:55:37+00:00,Oklahoma City Thunder,San Antonio Spurs,0,2025-12-14T06:45:00+00:00,0.815503875969,0.815503875969,,
NBA,hist-oddsapi-c4e08dc18ebcb540203efc3b261b0f12,2025-12-14T20:10:00+00:00,2025-12-14T19:55:37+00:00,Indiana Pacers,Washington Wizards,0,2025-12-14T22:30:00+00:00,0.783972125436,0.783972125436,,
NBA,hist-oddsapi-9d716f72748acc7e1841a6526baebf20,2025-12-14T23:10:00+00:00,2025-12-14T22:55:37+00:00,Brooklyn Nets,Milwaukee Bucks,1,2025-12-15T00:45:00+00:00,0.482051282051,0.482051282051,,
NBA,hist-oddsapi-248d1ebfe78ef5cfe690e8d95677bac1,2025-12-15T01:10:00+00:00,2025-12-15T00:55:37+00:00,Phoenix Suns,Los Angeles Lakers,0,2025-12-15T04:00:00+00:00,0.522959183673,0.522959183673,,
NBA,hist-oddsapi-5c6a0c60d6f983cf2b5e02ae26ce5b40,2025-12-15T02:10:00+00:00,2025-12-15T01:55:37+00:00,Portland Trail Blazers,Golden State Warriors,1,2025-12-15T05:45:00+00:00,0.358490566038,0.358490566038,,
NBA,hist-oddsapi-122e4dc2b42cc3f47263cb1589333b79,2025-12-16T00:10:00+00:00,2025-12-15T23:55:37+00:00,Boston Celtics,Detroit Pistons,0,2025-12-16T02:45:00+00:00,0.524296675192,0.524296675192,,
NBA,hist-oddsapi-21aa1ed8a0bb40eb9edb2d5f94ff5457,2025-12-16T02:10:00+00:00,2025-12-16T01:55:37+00:00,Utah Jazz,Dallas Mavericks,1,2025-12-16T05:00:00+00:00,0.483375959079,0.483375959079,,
NBA,hist-oddsapi-28162f3e97b5e5cf014e7ea0f6958f63,2025-12-16T02:40:00+00:00,2025-12-16T02:25:37+00:00,Denver Nuggets,Houston Rockets,1,2025-12-16T05:30:00+00:00,0.484615384615,0.484615384615,,
NBA,hist-oddsapi-258fbfcfd104d515372cebe0a5e42234,2025-12-16T03:40:00+00:00,2025-12-16T03:25:37+00:00,Los Angeles Clippers,Memphis Grizzlies,0,2025-12-16T05:45:00+00:00,0.645539906103,0.645539906103,,
NBA,hist-oddsapi-42db7e7ed193f516e561773b04b56eca,2025-12-17T01:40:00+00:00,2025-12-17T01:25:37+00:00,New York Knicks,San Antonio Spurs,1,2025-12-17T04:15:00+00:00,0.566750629723,0.566750629723,,
NBA,hist-oddsapi-3dfcf87c4c788368e199e9d23b2c1831,2025-12-18T01:10:00+00:00,2025-12-18T00:55:37+00:00,Minnesota Timberwolves,Memphis Grizzlies,0,2025-12-18T03:30:00+00:00,0.699784017279,0.699784017279,,
NBA,hist-oddsapi-a9cbe798da439bd9d012976f7738591b,2025-12-18T01:10:00+00:00,2025-12-18T00:55:37+00:00,Chicago Bulls,Cleveland Cavaliers,1,2025-12-18T03:15:00+00:00,0.345707656613,0.345707656613,,
NBA,hist-oddsapi-ec6d61cb03f048a8ced4fa2bb3bb7b03,2025-12-19T00:40:00+00:00,2025-12-19T00:25:37+00:00,Brooklyn Nets,Miami Heat,0,2025-12-19T02:45:00+00:00,0.280082987552,0.280082987552,,
NBA,hist-oddsapi-4cece5fd2474ad97c387333029d56ccf,2025-12-19T01:10:00+00:00,2025-12-19T00:55:37+00:00,New Orleans Pelicans,Houston Rockets,1,2025-12-19T06:00:00+00:00,0.229508196721,0.229508196721,,
NBA,hist-oddsapi-4ea922e941f71ff0b977d5cb44ede892,2025-12-19T01:10:00+00:00,2025-12-19T00:55:37+00:00,Oklahoma City Thunder,Los Angeles Clippers,1,2025-12-19T03:00:00+00:00,0.902350813743,0.902350813743,,
NBA,hist-oddsapi-6fd5c149ef554d9a2a30108f9937927c,2025-12-19T01:10:00+00:00,2025-12-19T00:55:37+00:00,San Antonio Spurs,Washington Wizards,1,2025-12-19T02:45:00+00:00,0.890010090817,0.890010090817,,
NBA,hist-oddsapi-ef7b2498e8f96dce4acb89d95f814d37,2025-12-19T01:40:00+00:00,2025-12-19T01:25:37+00:00,Dallas Mavericks,Detroit Pistons,1,2025-12-19T06:00:00+00:00,0.337155963303,0.337155963303,,
NBA,hist-oddsapi-37b74473b276a5a724ac4c141c04ce23,2025-12-19T02:10:00+00:00,2025-12-19T01:55:37+00:00,Denver Nuggets,Orlando Magic,1,2025-12-19T05:15:00+00:00,0.705756929638,0.705756929638,,
NBA,hist-oddsapi-e910fe9181a947bc12d92330014fa0b8,2025-12-19T02:10:00+00:00,2025-12-19T01:55:37+00:00,Utah Jazz,Los Angeles Lakers,0,2025-12-19T04:45:00+00:00,0.232044198895,0.232044198895,,
NBA,hist-oddsapi-a63b0286fa16c7c257217fe694835392,2025-12-19T03:10:00+00:00,2025-12-19T02:55:37+00:00,Portland Trail Blazers,Sacramento Kings,1,2025-12-19T05:15:00+00:00,0.745596868885,0.745596868885,,
NBA,hist-oddsapi-5a2571e0e849552421fe262e0d7a1525,2025-12-20T00:10:00+00:00,2025-12-19T23:55:37+00:00,Boston Celtics,Miami Heat,1,2025-12-20T03:30:00+00:00,0.729674796748,0.729674796748,,
NBA,hist-oddsapi-6461c2ab1b0d98ae1c7308e6423279fa,2025-12-20T00:10:00+00:00,2025-12-19T23:55:37+00:00,New York Knicks,Philadelphia 76ers,0,2025-12-20T04:15:00+00:00,0.681514476615,0.681514476615,,
NBA,hist-oddsapi-5a11d709921a7ea69f44ff8926649124,2025-12-20T00:40:00+00:00,2025-12-20T00:25:37+00:00,Cleveland Cavaliers,Chicago Bulls,0,2025-12-20T04:15:00+00:00,0.608801955990,0.608801955990,,
NBA,hist-oddsapi-9dc4b5098ecd66f37fb8120b8d7b658d,2025-12-20T00:40:00+00:00,2025-12-20T00:25:37+00:00,Atlanta Hawks,San Antonio Spurs,0,2025-12-20T02:15:00+00:00,0.402469135802,0.402469135802,,
NBA,hist-oddsapi-0debd2b337fd9efac1d39123e66f74d0,2025-12-20T02:40:00+00:00,2025-12-20T02:25:37+00:00,Minnesota Timberwolves,Oklahoma City Thunder,1,2025-12-20T05:45:00+00:00,0.313465783664,0.313465783664,,
NBA,hist-oddsapi-1facc6e030396d99f68b42ceacf86ada,2025-12-20T22:10:00+00:00,2025-12-20T21:55:37+00:00,Denver Nuggets,Houston Rockets,0,2025-12-21T00:15:00+00:00,0.479591836735,0.479591836735,,
NBA,hist-oddsapi-666b9bc21f9a5d645dea85f16cfbc5b0,2025-12-21T00:10:00+00:00,2025-12-20T23:55:37+00:00,New Orleans Pelicans,Indiana Pacers,1,2025-12-21T02:30:00+00:00,0.567839195980,0.567839195980,,
NBA,hist-oddsapi-42fcbf2cfe144c3ee52a77bfe42747cd,2025-12-21T02:40:00+00:00,2025-12-21T02:25:37+00:00,Utah Jazz,Orlando Magic,0,2025-12-21T07:30:00+00:00,0.274590163934,0.274590163934,,
NBA,hist-oddsapi-d664cfe15b420c801c03e6c1186a12a0,2025-12-21T03:10:00+00:00,2025-12-21T02:55:37+00:00,Sacramento Kings,Portland Trail Blazers,0,2025-12-21T07:30:00+00:00,0.391198044010,0.391198044010,,
NBA,hist-oddsapi-4aac5cca01b9e0b4804f8754a57ff080,2025-12-21T03:40:00+00:00,2025-12-21T03:25:37+00:00,Los Angeles Clippers,Los Angeles Lakers,1,2025-12-21T06:15:00+00:00,0.466836734694,0.466836734694,,
NBA,hist-oddsapi-9fa62a430b5fc2df2af99523c36c201c,2025-12-21T20:40:00+00:00,2025-12-21T20:25:37+00:00,Atlanta Hawks,Chicago Bulls,0,2025-12-21T23:15:00+00:00,0.600985221675,0.600985221675,,
NBA,hist-oddsapi-3e52c319a576ac5e8f500c83994ab307,2025-12-21T23:10:00+00:00,2025-12-21T22:55:37+00:00,New York Knicks,Miami Heat,1,2025-12-22T01:30:00+00:00,0.716075156576,0.716075156576,,
NBA,hist-oddsapi-ff7964f4c86f473756171eade6735f5c,2025-12-21T23:10:00+00:00,2025-12-21T22:55:37+00:00,Brooklyn Nets,Toronto Raptors,1,2025-12-22T01:45:00+00:00,0.402469135802,0.402469135802,,
NBA,hist-oddsapi-1f2a0a04a8757ee59990da7c3f455231,2025-12-22T00:10:00+00:00,2025-12-21T23:55:37+00:00,Minnesota Timberwolves,Milwaukee Bucks,1,2025-12-22T04:00:00+00:00,0.829446064140,0.829446064140,,
NBA,hist-oddsapi-aef0c26b3670edaf7fb230056fb4adc7,2025-12-22T00:10:00+00:00,2025-12-21T23:55:37+00:00,Washington Wizards,San Antonio Spurs,0,2025-12-22T02:30:00+00:00,0.101218369260,0.101218369260,,
NBA,hist-oddsapi-8719cad3aae5d2048ba5cfe820fbf698,2025-12-22T03:10:00+00:00,2025-12-22T02:55:37+00:00,Sacramento Kings,Houston Rockets,1,2025-12-22T06:15:00+00:00,0.158620689655,0.158620689655,,
NBA,hist-oddsapi-810ac6d569078de0087ad1d714771a6a,2025-12-23T00:30:00+00:00,2025-12-23T00:25:38+00:00,Boston Celtics,Indiana Pacers,1,2025-12-23T03:45:00+00:00,0.821212121212,0.821212121212,,
NBA,hist-oddsapi-1c1113912a8210cba841d63b5df059fe,2025-12-23T01:00:00+00:00,2025-12-23T00:55:37+00:00,New Orleans Pelicans,Dallas Mavericks,1,2025-12-23T03:30:00+00:00,0.480818414322,0.480818414322,,
NBA,hist-oddsapi-2d23d2b9708959b7c5860abd491ebf81,2025-12-23T02:00:00+00:00,2025-12-23T01:55:37+00:00,Denver Nuggets,Utah Jazz,1,2025-12-23T03:30:00+00:00,0.853626943005,0.853626943005,,
NBA,hist-oddsapi-0b90d514df504b11dc74b7e961b9e277,2025-12-23T02:30:00+00:00,2025-12-23T02:25:37+00:00,Oklahoma City Thunder,Memphis Grizzlies,1,2025-12-23T06:30:00+00:00,0.889002036660,0.889002036660,,
NBA,hist-oddsapi-3681cef1ff8c7de872f8f52134b3d101,2025-12-23T03:00:00+00:00,2025-12-23T02:55:37+00:00,Golden State Warriors,Orlando Magic,1,2025-12-23T05:15:00+00:00,0.666666666667,0.666666666667,,
NBA,hist-oddsapi-51fa4ffc93b967c919ecd4700bb36ba1,2025-12-23T03:00:00+00:00,2025-12-23T02:55:37+00:00,Portland Trail Blazers,Detroit Pistons,0,2025-12-23T06:00:00+00:00,0.324324324324,0.324324324324,,
NBA,hist-oddsapi-6d9aa23880ce3e5bdf540bda52e89fdc,2025-12-24T00:40:00+00:00,2025-12-24T00:25:37+00:00,Miami Heat,Toronto Raptors,0,2025-12-24T02:45:00+00:00,0.657407407407,0.657407407407,,
NBA,hist-oddsapi-c6fd86b688bb64f5b7bdd108ac071a48,2025-12-24T00:40:00+00:00,2025-12-24T00:25:37+00:00,Cleveland Cavaliers,New Orleans Pelicans,1,2025-12-24T02:30:00+00:00,0.771324863884,0.771324863884,,
NBA,hist-oddsapi-fb3afec527051a7bd35ebc862bca8467,2025-12-24T00:40:00+00:00,2025-12-24T00:25:37+00:00,Indiana Pacers,Milwaukee Bucks,0,2025-12-24T03:45:00+00:00,0.471938775510,0.471938775510,,
NBA,hist-oddsapi-e62dfd044e3b8f8719ab7bca8b7b389c,2025-12-24T01:10:00+00:00,2025-12-24T00:55:37+00:00,Dallas Mavericks,Denver Nuggets,1,2025-12-24T03:30:00+00:00,0.320627802691,0.320627802691,,
NBA,hist-oddsapi-e71e83a0ab574fe87af5567ae09c0fdb,2025-12-24T01:10:00+00:00,2025-12-24T00:55:37+00:00,Minnesota Timberwolves,New York Knicks,1,2025-12-24T03:30:00+00:00,0.698481561822,0.698481561822,,
NBA,hist-oddsapi-0ef5c86038bdf564d65c6c1acd964641,2025-12-24T01:40:00+00:00,2025-12-24T01:25:37+00:00,San Antonio Spurs,Oklahoma City Thunder,1,2025-12-24T03:45:00+00:00,0.321348314607,0.321348314607,,
NBA,hist-oddsapi-dbc7af91324284c433f0152b91bd9abb,2025-12-24T02:10:00+00:00,2025-12-24T01:55:37+00:00,Phoenix Suns,Los Angeles Lakers,1,2025-12-24T03:45:00+00:00,0.581047381546,0.581047381546,,
NBA,hist-oddsapi-01c88e9888ab9344ed32a62b225d1599,2025-12-24T03:10:00+00:00,2025-12-24T02:55:37+00:00,Sacramento Kings,Detroit Pistons,0,2025-12-24T05:45:00+00:00,0.212802768166,0.212802768166,,
NBA,hist-oddsapi-aedd66eec65402eb926bb64dbbdb4634,2025-12-24T03:40:00+00:00,2025-12-24T03:25:37+00:00,Los Angeles Clippers,Houston Rockets,1,2025-12-24T05:45:00+00:00,0.294243070362,0.294243070362,,
NBA,hist-oddsapi-f557c9173a46a3c7c87afb4bd68f6644,2025-12-25T17:00:00+00:00,2025-12-25T16:55:37+00:00,New York Knicks,Cleveland Cavaliers,1,2025-12-25T20:00:00+00:00,0.620772946860,0.620772946860,,
NBA,hist-oddsapi-4ca0a40cec306fd9a3c9b36b1e76500e,2025-12-25T19:30:00+00:00,2025-12-25T19:25:37+00:00,Oklahoma City Thunder,San Antonio Spurs,0,2025-12-25T22:00:00+00:00,0.762616822430,0.762616822430,,
NBA,hist-oddsapi-d54afb5b752a199f93e39afc2b39d091,2025-12-26T01:00:00+00:00,2025-12-26T00:55:37+00:00,Los Angeles Lakers,Houston Rockets,0,2025-12-26T03:15:00+00:00,0.460559796438,0.460559796438,,
NBA,hist-oddsapi-2452dd9a484d893bca40a2059218e2e3,2025-12-27T00:10:00+00:00,2025-12-26T23:55:37+00:00,Washington Wizards,Toronto Raptors,1,2025-12-27T02:15:00+00:00,0.263052208835,0.263052208835,,
NBA,hist-oddsapi-5e1430770a9b7fe84382e690d0a936c3,2025-12-27T00:10:00+00:00,2025-12-26T23:55:37+00:00,New Orleans Pelicans,Phoenix Suns,0,2025-12-27T05:15:00+00:00,0.364285714286,0.364285714286,,
NBA,hist-oddsapi-9cafdf413bd8f5b8971a72a3e7452df6,2025-12-27T00:10:00+00:00,2025-12-26T23:55:37+00:00,Indiana Pacers,Boston Celtics,0,2025-12-27T02:15:00+00:00,0.265593561368,0.265593561368,,
NBA,hist-oddsapi-c8523141aaa4ff1f5221721713a92dca,2025-12-27T00:10:00+00:00,2025-12-26T23:55:37+00:00,Atlanta Hawks,Miami Heat,0,2025-12-27T02:30:00+00:00,0.583541147132,0.583541147132,,
NBA,hist-oddsapi-42968c17840b14e2b40f2f6274d22367,2025-12-27T00:40:00+00:00,2025-12-27T00:25:37+00:00,Chicago Bulls,Philadelphia 76ers,1,2025-12-27T04:45:00+00:00,0.458015267176,0.458015267176,,
NBA,hist-oddsapi-5b9deb3a7a25c3efea6e5baf9123366f,2025-12-27T01:10:00+00:00,2025-12-27T00:55:37+00:00,Memphis Grizzlies,Milwaukee Bucks,1,2025-12-27T05:15:00+00:00,0.632458233890,0.632458233890,,
NBA,hist-oddsapi-19d20865216afacaaeba1cc609103741,2025-12-27T02:40:00+00:00,2025-12-27T02:25:37+00:00,Utah Jazz,Detroit Pistons,1,2025-12-27T05:15:00+00:00,0.231617647059,0.231617647059,,
NBA,hist-oddsapi-d634cf294ef9b80b7fabb5ab9f52173d,2025-12-27T03:10:00+00:00,2025-12-27T02:55:37+00:00,Portland Trail Blazers,Los Angeles Clippers,0,2025-12-27T05:30:00+00:00,0.433249370277,0.433249370277,,
NBA,hist-oddsapi-610fd00419ecae5d7b13dd903de25cbe,2025-12-27T22:10:00+00:00,2025-12-27T21:55:37+00:00,Sacramento Kings,Dallas Mavericks,1,2025-12-28T00:15:00+00:00,0.426065162907,0.426065162907,,
NBA,hist-oddsapi-c24173f63b65a07191959a05eef00aad,2025-12-28T00:10:00+00:00,2025-12-27T23:55:37+00:00,Orlando Magic,Denver Nuggets,1,2025-12-28T03:00:00+00:00,0.387804878049,0.387804878049,,
NBA,hist-oddsapi-18b40fafdb66c2d3d1b5ae5bd910a1a3,2025-12-28T01:10:00+00:00,2025-12-28T00:55:37+00:00,Chicago Bulls,Milwaukee Bucks,0,2025-12-28T03:30:00+00:00,0.545685279188,0.545685279188,,
NBA,hist-oddsapi-4060c9a5793867b41fa1d9376502cbd5,2025-12-28T01:10:00+00:00,2025-12-28T00:55:37+00:00,Miami Heat,Indiana Pacers,1,2025-12-28T03:15:00+00:00,0.705128205128,0.705128205128,,
NBA,hist-oddsapi-6dad04e30835da7a486dc973ef4ea667,2025-12-28T01:10:00+00:00,2025-12-28T00:55:37+00:00,Houston Rockets,Cleveland Cavaliers,1,2025-12-28T03:00:00+00:00,0.573934837093,0.573934837093,,
NBA,hist-oddsapi-6e8faa07f534f883f8220102afedc201,2025-12-28T01:10:00+00:00,2025-12-28T00:55:37+00:00,Minnesota Timberwolves,Brooklyn Nets,0,2025-12-28T04:00:00+00:00,0.828445747801,0.828445747801,,
NBA,hist-oddsapi-781a4b595d7dce2589c2d20ad3f93222,2025-12-28T01:10:00+00:00,2025-12-28T00:55:37+00:00,Atlanta Hawks,New York Knicks,0,2025-12-28T03:45:00+00:00,0.329545454545,0.329545454545,,
NBA,hist-oddsapi-85acdbb2f540114ab00c144da019d360,2025-12-28T20:40:00+00:00,2025-12-28T20:25:37+00:00,Oklahoma City Thunder,Philadelphia 76ers,1,2025-12-28T22:30:00+00:00,0.856962025316,0.856962025316,,
NBA,hist-oddsapi-d8f2315d3e872709e62642ca705a0f0d,2025-12-28T20:40:00+00:00,2025-12-28T20:25:37+00:00,Toronto Raptors,Golden State Warriors,1,2025-12-28T23:15:00+00:00,0.375903614458,0.375903614458,,
NBA,hist-oddsapi-8dc9891348a0160cc12730e8cc27102e,2025-12-28T23:10:00+00:00,2025-12-28T22:55:37+00:00,Portland Trail Blazers,Boston Celtics,1,2025-12-29T01:30:00+00:00,0.296137339056,0.296137339056,,
NBA,hist-oddsapi-81f37d4274076247e0a49787f852af4d,2025-12-29T02:10:00+00:00,2025-12-29T01:55:37+00:00,Los Angeles Clippers,Detroit Pistons,1,2025-12-29T06:45:00+00:00,0.404938271605,0.404938271605,,
NBA,hist-oddsapi-acc8dfaa22df3823017412f5b8f16239,2025-12-29T02:40:00+00:00,2025-12-29T02:25:37+00:00,Los Angeles Lakers,Sacramento Kings,1,2025-12-29T04:30:00+00:00,0.808917197452,0.808917197452,,
NBA,hist-oddsapi-c606732d25fd3757fc55676f8b53d74a,2025-12-30T00:10:00+00:00,2025-12-29T23:55:37+00:00,Washington Wizards,Phoenix Suns,0,2025-12-30T02:15:00+00:00,0.217162872154,0.217162872154,,
NBA,hist-oddsapi-415c0edd2d29e3c45faea27f50e436b7,2025-12-30T00:40:00+00:00,2025-12-30T00:25:37+00:00,Brooklyn Nets,Golden State Warriors,0,2025-12-30T03:00:00+00:00,0.337155963303,0.337155963303,,
NBA,hist-oddsapi-4f2c935be086ffa25fd64dd8c312f5e8,2025-12-30T00:40:00+00:00,2025-12-30T00:25:37+00:00,Toronto Raptors,Orlando Magic,1,2025-12-30T03:00:00+00:00,0.488491048593,0.488491048593,,
NBA,hist-oddsapi-708739c71140505bb47e54e7cce52061,2025-12-30T00:40:00+00:00,2025-12-30T00:25:37+00:00,Miami Heat,Denver Nuggets,1,2025-12-30T02:30:00+00:00,0.458015267176,0.458015267176,,
NBA,hist-oddsapi-0a3548cd90d249d4fb24e57af400071e,2025-12-30T01:10:00+00:00,2025-12-30T00:55:37+00:00,Chicago Bulls,Minnesota Timberwolves,0,2025-12-30T03:00:00+00:00,0.344907407407,0.344907407407,,
NBA,hist-oddsapi-372dd5178459c9a88ce52d7f1ea3ff18,2025-12-30T01:10:00+00:00,2025-12-30T00:55:37+00:00,Oklahoma City Thunder,Atlanta Hawks,1,2025-12-30T03:30:00+00:00,0.888661899898,0.888661899898,,
NBA,hist-oddsapi-70a4be80a3d808e9d070d82b2de22d3c,2025-12-30T01:10:00+00:00,2025-12-30T00:55:37+00:00,San Antonio Spurs,Cleveland Cavaliers,0,2025-12-30T03:30:00+00:00,0.577500000000,0.577500000000,,
NBA,hist-oddsapi-b6e86789878da0c91f0278a29896ab8a,2025-12-30T01:10:00+00:00,2025-12-30T00:55:37+00:00,Houston Rockets,Indiana Pacers,1,2025-12-30T03:00:00+00:00,0.843962008141,0.843962008141,,
NBA,hist-oddsapi-c4edff321b6dea385dfa13f14074bf27,2025-12-30T01:10:00+00:00,2025-12-30T00:55:37+00:00,New Orleans Pelicans,New York Knicks,0,2025-12-30T04:30:00+00:00,0.258382642998,0.258382642998,,
NBA,hist-oddsapi-afc40574e2fee874a032127e20c2dd0e,2025-12-30T03:40:00+00:00,2025-12-30T03:25:37+00:00,Portland Trail Blazers,Dallas Mavericks,1,2025-12-30T07:00:00+00:00,0.560606060606,0.560606060606,,
NBA,hist-oddsapi-2645cf99b94b2d0cc4ecbfed1cf56bdf,2025-12-31T01:10:00+00:00,2025-12-31T00:55:37+00:00,Memphis Grizzlies,Philadelphia 76ers,0,2025-12-31T05:00:00+00:00,0.466666666667,0.466666666667,,
NBA,hist-oddsapi-5748aa8ead4679a8d9afe966bc5e844b,2025-12-31T02:10:00+00:00,2025-12-31T01:55:37+00:00,Utah Jazz,Boston Celtics,0,2025-12-31T04:15:00+00:00,0.291489361702,0.291489361702,,
NBA,hist-oddsapi-12a69f98068c9e1b277528c3f7dfed72,2025-12-31T03:40:00+00:00,2025-12-31T03:25:37+00:00,Los Angeles Lakers,Detroit Pistons,0,2025-12-31T07:15:00+00:00,0.438287153652,0.438287153652,,
NBA,hist-oddsapi-80726b18a644735592fda8cea0575612,2025-12-31T04:10:00+00:00,2025-12-31T03:55:37+00:00,Los Angeles Clippers,Sacramento Kings,1,2025-12-31T05:15:00+00:00,0.768382352941,0.768382352941,,
NBA,hist-oddsapi-2c79a786a51636721f6f09b683b6e428,2025-12-31T20:10:00+00:00,2025-12-31T19:55:37+00:00,Indiana Pacers,Orlando Magic,0,2025-12-31T22:45:00+00:00,0.375903614458,0.375903614458,,
NBA,hist-oddsapi-a8689888bf88aea46eb8e5e4816e0a8b,2025-12-31T20:10:00+00:00,2025-12-31T19:55:37+00:00,Atlanta Hawks,Minnesota Timberwolves,1,2025-12-31T22:00:00+00:00,0.351288056206,0.351288056206,,
NBA,hist-oddsapi-aef966e3de9dde21d6030e301e8e59b3,2025-12-31T20:40:00+00:00,2025-12-31T20:25:37+00:00,Cleveland Cavaliers,Phoenix Suns,1,2025-12-31T22:45:00+00:00,0.692982456140,0.692982456140,,
NBA,hist-oddsapi-b0362ad1064234a482e1672ab3d1c4eb,2026-01-01T00:10:00+00:00,2025-12-31T23:55:37+00:00,Chicago Bulls,New Orleans Pelicans,1,2026-01-01T02:15:00+00:00,0.528061224490,0.528061224490,,
NBA,hist-oddsapi-95fe64ebf512b70546be9938007b1a8c,2026-01-01T00:40:00+00:00,2026-01-01T00:25:37+00:00,Toronto Raptors,Denver Nuggets,0,2026-01-01T03:15:00+00:00,0.694989106754,0.694989106754,,
NBA,hist-oddsapi-08d7e57dd2b795455b1abb447f608705,2026-01-01T01:10:00+00:00,2026-01-01T00:55:37+00:00,Oklahoma City Thunder,Portland Trail Blazers,1,2026-01-01T02:30:00+00:00,0.866983372922,0.866983372922,,
NBA,hist-oddsapi-3267add7bc04a110d6596463f7c8a495,2026-01-01T01:10:00+00:00,2026-01-01T00:55:37+00:00,Milwaukee Bucks,Washington Wizards,0,2026-01-01T05:00:00+00:00,0.802610114192,0.802610114192,,
NBA,hist-oddsapi-d30db337fe79fed0afb7b30e709a55bc,2026-01-01T23:10:00+00:00,2026-01-01T22:55:38+00:00,Brooklyn Nets,Houston Rockets,0,2026-01-02T00:45:00+00:00,0.183925811437,0.183925811437,,
NBA,hist-oddsapi-d35ca44a9ab1db02766f685498c50cf1,2026-01-02T01:40:00+00:00,2026-01-02T01:25:37+00:00,Dallas Mavericks,Philadelphia 76ers,0,2026-01-02T03:45:00+00:00,0.432160804020,0.432160804020,,
NBA,hist-oddsapi-d6129daee74ac8e6bf618ae2d0a63c3b,2026-01-02T03:10:00+00:00,2026-01-02T02:55:37+00:00,Sacramento Kings,Boston Celtics,0,2026-01-02T05:15:00+00:00,0.216404886562,0.216404886562,,
NBA,hist-oddsapi-260d8a4037ed37bae3a5ad3725c11906,2026-01-03T00:10:00+00:00,2026-01-02T23:55:37+00:00,Indiana Pacers,San Antonio Spurs,0,2026-01-03T02:30:00+00:00,0.355294117647,0.355294117647,,
NBA,hist-oddsapi-8169427a266bd81487b2136378509cac,2026-01-03T00:35:00+00:00,2026-01-03T00:25:37+00:00,New York Knicks,Atlanta Hawks,0,2026-01-03T02:45:00+00:00,0.671232876712,0.671232876712,,
NBA,hist-oddsapi-5df215c154156e2a4bd2cc8d916bc4cc,2026-01-03T01:10:00+00:00,2026-01-03T00:55:37+00:00,New Orleans Pelicans,Portland Trail Blazers,0,2026-01-03T03:15:00+00:00,0.408415841584,0.408415841584,,
NBA,hist-oddsapi-2b41febb0964133c93ca8f77bce7ed72,2026-01-03T02:10:00+00:00,2026-01-03T01:55:37+00:00,Phoenix Suns,Sacramento Kings,1,2026-01-03T04:00:00+00:00,0.847593582888,0.847593582888,,
NBA,hist-oddsapi-4337f25e5b76b9a54cc35833374a8213,2026-01-03T03:10:00+00:00,2026-01-03T02:55:37+00:00,Golden State Warriors,Oklahoma City Thunder,0,2026-01-03T04:45:00+00:00,0.165007112376,0.165007112376,,
NBA,hist-oddsapi-b9704c30e60eabed676cce7dcc882497,2026-01-03T03:40:00+00:00,2026-01-03T03:25:37+00:00,Los Angeles Lakers,Memphis Grizzlies,1,2026-01-03T06:00:00+00:00,0.640661938534,0.640661938534,,
NBA,hist-oddsapi-bf731d1bdca3b4b13794fb2cf636054d,2026-01-03T22:10:00+00:00,2026-01-03T21:55:37+00:00,Miami Heat,Minnesota Timberwolves,0,2026-01-04T00:30:00+00:00,0.432160804020,0.432160804020,,
NBA,hist-oddsapi-37cc8f43c363f1d128d628902c096c2e,2026-01-04T00:40:00+00:00,2026-01-04T00:25:37+00:00,Toronto Raptors,Atlanta Hawks,1,2026-01-04T02:45:00+00:00,0.631578947368,0.631578947368,,
NBA,hist-oddsapi-4e5f1567c38f897e5cb4a4fa445d0f3c,2026-01-04T01:10:00+00:00,2026-01-04T00:55:37+00:00,San Antonio Spurs,Portland Trail Blazers,0,2026-01-04T03:30:00+00:00,0.731313131313,0.731313131313,,
NBA,hist-oddsapi-d35c2f55df0ee7e2b6ea6b57f58d50bf,2026-01-04T01:40:00+00:00,2026-01-04T01:25:38+00:00,Dallas Mavericks,Houston Rockets,1,2026-01-04T04:00:00+00:00,0.270875763747,0.270875763747,,
NBA,hist-oddsapi-014f7ba8cfa9a886677dda52ff776544,2026-01-04T03:10:00+00:00,2026-01-04T02:55:37+00:00,Golden State Warriors,Utah Jazz,1,2026-01-04T05:30:00+00:00,0.813880126183,0.813880126183,,
NBA,hist-oddsapi-951987d285edeebef57679583da56cba,2026-01-04T03:40:00+00:00,2026-01-04T03:25:37+00:00,Los Angeles Clippers,Boston Celtics,0,2026-01-04T06:15:00+00:00,0.538265306122,0.538265306122,,
NBA,hist-oddsapi-a76401e257d96726afaa18aeaccf0751,2026-01-04T19:10:00+00:00,2026-01-04T18:55:37+00:00,Cleveland Cavaliers,Detroit Pistons,0,2026-01-04T21:30:00+00:00,0.596059113300,0.596059113300,,
NBA,hist-oddsapi-8d6b4abe3aab876f8c65565e13ba3e88,2026-01-04T20:40:00+00:00,2026-01-04T20:25:37+00:00,Brooklyn Nets,Denver Nuggets,1,2026-01-04T22:45:00+00:00,0.433249370277,0.433249370277,,
NBA,hist-oddsapi-202bec44cb17b3fe31e1d47a35bb4311,2026-01-04T23:10:00+00:00,2026-01-04T22:55:37+00:00,Washington Wizards,Minnesota Timberwolves,0,2026-01-05T00:45:00+00:00,0.228260869565,0.228260869565,,
NBA,hist-oddsapi-e565e947367f2a97276b2b942efec009,2026-01-04T23:10:00+00:00,2026-01-04T22:55:37+00:00,Miami Heat,New Orleans Pelicans,1,2026-01-05T01:00:00+00:00,0.721991701245,0.721991701245,,
NBA,hist-oddsapi-608ad59d278d1266aefcb70a1e1bcfea,2026-01-05T01:10:00+00:00,2026-01-05T00:55:38+00:00,Phoenix Suns,Oklahoma City Thunder,1,2026-01-05T04:15:00+00:00,0.241965973535,0.241965973535,,
NBA,hist-oddsapi-649a52d549fd66b3f04c0eb6a5bceea0,2026-01-05T02:10:00+00:00,2026-01-05T01:55:37+00:00,Sacramento Kings,Milwaukee Bucks,0,2026-01-05T05:00:00+00:00,0.333333333333,0.333333333333,,
NBA,hist-oddsapi-07c210d30cdf1a467ae466394c9c7d2c,2026-01-06T00:10:00+00:00,2026-01-05T23:55:37+00:00,Detroit Pistons,New York Knicks,1,2026-01-06T02:15:00+00:00,0.475703324808,0.475703324808,,
NBA,hist-oddsapi-f464229b0fe5abe7e94b312d75639617,2026-01-06T00:40:00+00:00,2026-01-06T00:25:37+00:00,Boston Celtics,Chicago Bulls,1,2026-01-06T02:15:00+00:00,0.793918918919,0.793918918919,,
NBA,hist-oddsapi-8e0209fcea74087227f0a490e9277381,2026-01-06T01:30:00+00:00,2026-01-06T01:25:37+00:00,Philadelphia 76ers,Denver Nuggets,0,2026-01-06T04:15:00+00:00,0.862745098039,0.862745098039,,
NBA,hist-oddsapi-078a4d38068bc82683be486a54fc6995,2026-01-06T03:10:00+00:00,2026-01-06T02:55:37+00:00,Los Angeles Clippers,Golden State Warriors,1,2026-01-06T05:45:00+00:00,0.404938271605,0.404938271605,,
NBA,hist-oddsapi-45d0b580462adaf7e3969a7c2b566771,2026-01-06T03:10:00+00:00,2026-01-06T02:55:37+00:00,Portland Trail Blazers,Utah Jazz,1,2026-01-06T04:30:00+00:00,0.667425968109,0.667425968109,,
NBA,hist-oddsapi-9da408ed494fc627f41cf7879dad7b28,2026-01-07T00:10:00+00:00,2026-01-06T23:55:37+00:00,Indiana Pacers,Cleveland Cavaliers,0,2026-01-07T02:30:00+00:00,0.325791855204,0.325791855204,,
NBA,hist-oddsapi-a9f11838181d24890b76e4bdb90e6ccb,2026-01-07T00:10:00+00:00,2026-01-06T23:55:37+00:00,Washington Wizards,Orlando Magic,1,2026-01-07T03:00:00+00:00,0.285714285714,0.285714285714,,
NBA,hist-oddsapi-4b318916815b4f4d69521c5170424a11,2026-01-07T01:10:00+00:00,2026-01-07T00:55:37+00:00,Minnesota Timberwolves,Miami Heat,1,2026-01-07T03:15:00+00:00,0.647058823529,0.647058823529,,
NBA,hist-oddsapi-5c919391903d2ab585c76df3e74cfa7a,2026-01-07T01:10:00+00:00,2026-01-07T00:55:37+00:00,Memphis Grizzlies,San Antonio Spurs,1,2026-01-07T03:45:00+00:00,0.329545454545,0.329545454545,,
NBA,hist-oddsapi-7b063c79884ac212df7bc7e9bcae2021,2026-01-07T04:10:00+00:00,2026-01-07T03:55:37+00:00,Sacramento Kings,Dallas Mavericks,0,2026-01-07T06:45:00+00:00,0.366666666667,0.366666666667,,
NBA,hist-oddsapi-36b52127c8a50addc14237a1102c9dcc,2026-01-08T00:10:00+00:00,2026-01-07T23:55:37+00:00,Boston Celtics,Denver Nuggets,0,2026-01-08T02:45:00+00:00,0.745596868885,0.745596868885,,
NBA,hist-oddsapi-cfe3e784c32267b363c8ff9d65739250,2026-01-08T00:10:00+00:00,2026-01-07T23:55:37+00:00,Detroit Pistons,Chicago Bulls,1,2026-01-08T02:15:00+00:00,0.742632612967,0.742632612967,,
NBA,hist-oddsapi-f119a48d422224c874e14f937ce65114,2026-01-08T00:10:00+00:00,2026-01-07T23:55:37+00:00,Philadelphia 76ers,Washington Wizards,1,2026-01-08T02:00:00+00:00,0.853092783505,0.853092783505,,
NBA,hist-oddsapi-504a0d60cffd98a57eaf50c86cf45afa,2026-01-08T00:40:00+00:00,2026-01-08T00:25:39+00:00,Atlanta Hawks,New Orleans Pelicans,1,2026-01-08T02:15:00+00:00,0.782073813708,0.782073813708,,
NBA,hist-oddsapi-af584a2fac77f667170eb5a980df2077,2026-01-08T00:40:00+00:00,2026-01-08T00:25:39+00:00,New York Knicks,Los Angeles Clippers,1,2026-01-08T02:45:00+00:00,0.633333333333,0.633333333333,,
NBA,hist-oddsapi-a9ce9825514e918f225ca7272862c15f,2026-01-08T01:10:00+00:00,2026-01-08T00:55:38+00:00,Oklahoma City Thunder,Utah Jazz,1,2026-01-08T03:45:00+00:00,0.879253567508,0.879253567508,,
NBA,hist-oddsapi-28d5994c5329be5051cacad97e14561b,2026-01-08T02:40:00+00:00,2026-01-08T02:25:37+00:00,San Antonio Spurs,Los Angeles Lakers,1,2026-01-08T05:00:00+00:00,0.729674796748,0.729674796748,,
NBA,hist-oddsapi-e3da2300e35d7546636c3f472586de79,2026-01-08T03:10:00+00:00,2026-01-08T02:55:37+00:00,Portland Trail Blazers,Houston Rockets,1,2026-01-08T05:45:00+00:00,0.301518438178,0.301518438178,,
NBA,hist-oddsapi-fce1843288309a53e0631830360df7de,2026-01-08T03:10:00+00:00,2026-01-08T02:55:37+00:00,Golden State Warriors,Milwaukee Bucks,1,2026-01-08T05:30:00+00:00,0.690789473684,0.690789473684,,
NBA,hist-oddsapi-fdd3ebdae1beac4dfc09061dcb7ce0e9,2026-01-09T01:10:00+00:00,2026-01-09T00:55:38+00:00,Minnesota Timberwolves,Cleveland Cavaliers,1,2026-01-09T03:30:00+00:00,0.576826196474,0.576826196474,,
NBA,hist-oddsapi-93750e3dac26e8d8a90b95acd35b7cc1,2026-01-09T02:10:00+00:00,2026-01-09T01:55:37+00:00,Utah Jazz,Dallas Mavericks,1,2026-01-09T04:15:00+00:00,0.362559241706,0.362559241706,,
NBA,hist-oddsapi-9d66f595028bcd5407209c1aebd94b47,2026-01-10T00:10:00+00:00,2026-01-09T23:55:38+00:00,Orlando Magic,Philadelphia 76ers,0,2026-01-10T02:15:00+00:00,0.415422885572,0.415422885572,,
NBA,hist-oddsapi-a3c377edabf29f3f3c05c1cd03c2701c,2026-01-10T00:10:00+00:00,2026-01-09T23:55:38+00:00,Boston Celtics,Toronto Raptors,1,2026-01-10T02:15:00+00:00,0.760828625235,0.760828625235,,
NBA,hist-oddsapi-fd952e8cdfea032fd925806405cfaec3,2026-01-10T00:10:00+00:00,2026-01-09T23:55:38+00:00,Washington Wizards,New Orleans Pelicans,0,2026-01-10T02:15:00+00:00,0.428571428571,0.428571428571,,
NBA,hist-oddsapi-05bfb1a6d7e7db4c0e42dbbc1dc676c1,2026-01-10T00:40:00+00:00,2026-01-10T00:25:53+00:00,Brooklyn Nets,Los Angeles Clippers,0,2026-01-10T02:30:00+00:00,0.338709677419,0.338709677419,,
NBA,hist-oddsapi-7d75d96495d567163d01fdfe8e63cd04,2026-01-10T02:10:00+00:00,2026-01-10T01:55:37+00:00,Denver Nuggets,Atlanta Hawks,0,2026-01-10T04:15:00+00:00,0.440806045340,0.440806045340,,
NBA,hist-oddsapi-f07172e17d482fc11918839f228a1b32,2026-01-10T02:10:00+00:00,2026-01-10T01:55:37+00:00,Phoenix Suns,New York Knicks,1,2026-01-10T04:45:00+00:00,0.484615384615,0.484615384615,,
NBA,hist-oddsapi-8a5088f34ae01a11b3711cbdc527e1b2,2026-01-10T03:10:00+00:00,2026-01-10T02:55:39+00:00,Portland Trail Blazers,Houston Rockets,1,2026-01-10T05:30:00+00:00,0.313465783664,0.313465783664,,
NBA,hist-oddsapi-c61c079ee29eb667d4e178455338ea6f,2026-01-10T03:10:00+00:00,2026-01-10T02:55:39+00:00,Golden State Warriors,Sacramento Kings,1,2026-01-10T05:00:00+00:00,0.845013477089,0.845013477089,,
NBA,hist-oddsapi-5c1f4cbd4744f39236ce846ba75eaa57,2026-01-10T18:10:00+00:00,2026-01-10T17:55:38+00:00,Cleveland Cavaliers,Minnesota Timberwolves,1,2026-01-10T20:15:00+00:00,0.560606060606,0.560606060606,,
NBA,hist-oddsapi-d78a7f53cae6e1e90ac824798a731dc0,2026-01-11T00:10:00+00:00,2026-01-10T23:55:37+00:00,Indiana Pacers,Miami Heat,1,2026-01-11T02:00:00+00:00,0.315555555556,0.315555555556,,
NBA,hist-oddsapi-dcf995525932e342bb6e393a4a14d3bc,2026-01-11T00:40:00+00:00,2026-01-11T00:25:37+00:00,Detroit Pistons,Los Angeles Clippers,0,2026-01-11T03:15:00+00:00,0.516624040921,0.516624040921,,
NBA,hist-oddsapi-740d5ef3c31a3948f4a431b936f33533,2026-01-11T01:10:00+00:00,2026-01-11T00:55:37+00:00,Boston Celtics,San Antonio Spurs,0,2026-01-11T03:30:00+00:00,0.493606138107,0.493606138107,,
NBA,hist-oddsapi-abe4989954febfba84fb2bdcdd545df7,2026-01-11T01:10:00+00:00,2026-01-11T00:55:37+00:00,Chicago Bulls,Dallas Mavericks,1,2026-01-11T03:00:00+00:00,0.590570719603,0.590570719603,,
NBA,hist-oddsapi-e3c70531715a7b1b9ce284c384c8bd0d,2026-01-11T20:10:00+00:00,2026-01-11T19:55:37+00:00,Orlando Magic,New Orleans Pelicans,1,2026-01-11T22:30:00+00:00,0.685840707965,0.685840707965,,
NBA,hist-oddsapi-c392141a8f0eb03db56a0f0dca86dd14,2026-01-11T23:10:00+00:00,2026-01-11T22:55:37+00:00,Toronto Raptors,Philadelphia 76ers,1,2026-01-12T02:15:00+00:00,0.455470737913,0.455470737913,,
NBA,hist-oddsapi-ee0ac8f02833830683b95a6d680bf8f5,2026-01-11T23:10:00+00:00,2026-01-11T22:55:37+00:00,Portland Trail Blazers,New York Knicks,0,2026-01-12T01:30:00+00:00,0.338709677419,0.338709677419,,
NBA,hist-oddsapi-1b53cc188b7e6da183c7ee206c966a12,2026-01-12T00:10:00+00:00,2026-01-11T23:55:38+00:00,Oklahoma City Thunder,Miami Heat,1,2026-01-12T02:15:00+00:00,0.841815680880,0.841815680880,,
NBA,hist-oddsapi-5b2d4eaa5c0cd6a8c34752502a77927e,2026-01-12T00:10:00+00:00,2026-01-11T23:55:38+00:00,Minnesota Timberwolves,San Antonio Spurs,1,2026-01-12T03:00:00+00:00,0.559193954660,0.559193954660,,
NBA,hist-oddsapi-230cc244629492f81d1e9b5b482ea05a,2026-01-12T01:10:00+00:00,2026-01-12T00:55:37+00:00,Denver Nuggets,Milwaukee Bucks,1,2026-01-12T03:30:00+00:00,0.356132075472,0.356132075472,,
NBA,hist-oddsapi-da88ede61ab04b8f3bb31d18bb33b03e,2026-01-12T01:10:00+00:00,2026-01-12T00:55:37+00:00,Phoenix Suns,Washington Wizards,1,2026-01-12T03:00:00+00:00,0.864734299517,0.864734299517,,
NBA,hist-oddsapi-36fcfef1bd63f4ffa34b87ba9251e130,2026-01-12T02:10:00+00:00,2026-01-12T01:55:37+00:00,Sacramento Kings,Houston Rockets,1,2026-01-12T04:30:00+00:00,0.164772727273,0.164772727273,,
NBA,hist-oddsapi-da3e1c4e31d6ac7036e05f00a60ad5f2,2026-01-13T00:40:00+00:00,2026-01-13T00:25:38+00:00,Toronto Raptors,Philadelphia 76ers,0,2026-01-13T02:45:00+00:00,0.420000000000,0.420000000000,,
NBA,hist-oddsapi-dbad91dbabd7e090fe6d6ad58912cd58,2026-01-13T00:40:00+00:00,2026-01-13T00:25:38+00:00,Indiana Pacers,Boston Celtics,1,2026-01-13T03:00:00+00:00,0.354460093897,0.354460093897,,
NBA,hist-oddsapi-f0e102ee7c0722665cde7d3a4a4dfe1c,2026-01-13T01:40:00+00:00,2026-01-13T01:25:38+00:00,Dallas Mavericks,Brooklyn Nets,1,2026-01-13T03:45:00+00:00,0.583541147132,0.583541147132,,
NBA,hist-oddsapi-09fb007ac62ac7d2e08db4357be2417c,2026-01-13T03:10:00+00:00,2026-01-13T02:55:37+00:00,Sacramento Kings,Los Angeles Lakers,1,2026-01-13T05:30:00+00:00,0.248554913295,0.248554913295,,
NBA,hist-oddsapi-61fc2e0519808b7939ffa4b246abdc06,2026-01-14T00:40:00+00:00,2026-01-14T00:25:37+00:00,Miami Heat,Phoenix Suns,1,2026-01-14T03:15:00+00:00,0.526854219949,0.526854219949,,
NBA,hist-oddsapi-a7a281e6b58fc8dcb4460426708635f0,2026-01-14T01:10:00+00:00,2026-01-14T00:55:38+00:00,Oklahoma City Thunder,San Antonio Spurs,1,2026-01-14T03:30:00+00:00,0.729674796748,0.729674796748,,
NBA,hist-oddsapi-bed2aa3c325290237960f892f5a097a6,2026-01-14T01:10:00+00:00,2026-01-14T00:55:38+00:00,Houston Rockets,Chicago Bulls,1,2026-01-14T03:30:00+00:00,0.819847328244,0.819847328244,,
NBA,hist-oddsapi-e7bdcaa4eb0827e34ee88b6f7f4cfbf7,2026-01-14T01:10:00+00:00,2026-01-14T00:55:38+00:00,Milwaukee Bucks,Minnesota Timberwolves,0,2026-01-14T02:45:00+00:00,0.528061224490,0.528061224490,,
NBA,hist-oddsapi-c7c297ef2929312f940160908cc98da1,2026-01-14T03:40:00+00:00,2026-01-14T03:25:37+00:00,Los Angeles Lakers,Atlanta Hawks,1,2026-01-14T05:45:00+00:00,0.511508951407,0.511508951407,,
NBA,hist-oddsapi-8a94b39d3b7b34471f2dc96fa6f46b59,2026-01-14T04:10:00+00:00,2026-01-14T03:55:37+00:00,Golden State Warriors,Portland Trail Blazers,1,2026-01-14T06:00:00+00:00,0.802610114192,0.802610114192,,
NBA,hist-oddsapi-6f6b6d68a82da7d2596969eccc9d8fc0,2026-01-15T00:10:00+00:00,2026-01-14T23:55:38+00:00,Philadelphia 76ers,Cleveland Cavaliers,0,2026-01-15T02:15:00+00:00,0.505128205128,0.505128205128,,
NBA,hist-oddsapi-d998966ee14effe144f827ea24f55596,2026-01-15T00:10:00+00:00,2026-01-14T23:55:38+00:00,Indiana Pacers,Toronto Raptors,0,2026-01-15T02:30:00+00:00,0.534351145038,0.534351145038,,
NBA,hist-oddsapi-f05432db83b26af2b2bc075aa368d6c7,2026-01-15T01:10:00+00:00,2026-01-15T00:55:37+00:00,New Orleans Pelicans,Brooklyn Nets,1,2026-01-15T03:30:00+00:00,0.502564102564,0.502564102564,,
NBA,hist-oddsapi-f61d079e95dd2353146f2388afc9745c,2026-01-15T01:10:00+00:00,2026-01-15T00:55:37+00:00,Chicago Bulls,Utah Jazz,1,2026-01-15T03:30:00+00:00,0.671201814059,0.671201814059,,
NBA,hist-oddsapi-e344ae8d5874f424db7ff884ff5c7d4c,2026-01-15T02:40:00+00:00,2026-01-15T02:25:37+00:00,Dallas Mavericks,Denver Nuggets,0,2026-01-15T05:00:00+00:00,0.521739130435,0.521739130435,,
NBA,hist-oddsapi-d60e679b1c41fee318471829ca33d591,2026-01-15T03:10:00+00:00,2026-01-15T02:55:37+00:00,Sacramento Kings,New York Knicks,1,2026-01-15T05:30:00+00:00,0.204355108878,0.204355108878,,
NBA,hist-oddsapi-670fc53d8277a283b49dcc1809a7c6a0,2026-01-15T03:40:00+00:00,2026-01-15T03:25:37+00:00,Los Angeles Clippers,Washington Wizards,1,2026-01-15T06:00:00+00:00,0.794915254237,0.794915254237,,
NBA,hist-oddsapi-3c42c29ed4783164fd918abc996efd37,2026-01-15T19:10:00+00:00,2026-01-15T18:55:38+00:00,Orlando Magic,Memphis Grizzlies,1,2026-01-15T21:45:00+00:00,0.652680652681,0.652680652681,,
NBA,hist-oddsapi-e2a3dbd8d101d617f49495df16db2d11,2026-01-16T00:10:00+00:00,2026-01-15T23:55:38+00:00,Detroit Pistons,Phoenix Suns,1,2026-01-16T02:45:00+00:00,0.694989106754,0.694989106754,,
NBA,hist-oddsapi-2ad9e0affab10cad1a66f8c7bc1ad959,2026-01-16T00:40:00+00:00,2026-01-16T00:25:38+00:00,Houston Rockets,Oklahoma City Thunder,0,2026-01-16T02:45:00+00:00,0.401477832512,0.401477832512,,
NBA,hist-oddsapi-363cf226fe2602130e774d952f7aba95,2026-01-16T00:40:00+00:00,2026-01-16T00:25:38+00:00,Miami Heat,Boston Celtics,0,2026-01-16T03:00:00+00:00,0.428571428571,0.428571428571,,
NBA,hist-oddsapi-2bb59ddfd831a67347299ff05ffd9937,2026-01-16T01:10:00+00:00,2026-01-16T00:55:37+00:00,San Antonio Spurs,Milwaukee Bucks,1,2026-01-16T02:45:00+00:00,0.674943566591,0.674943566591,,
NBA,hist-oddsapi-2f48e9622a54956dd753751102a3ea12,2026-01-16T01:40:00+00:00,2026-01-16T01:25:38+00:00,Dallas Mavericks,Utah Jazz,1,2026-01-16T03:15:00+00:00,0.540609137056,0.540609137056,,
NBA,hist-oddsapi-149c207c35f1cf5624ab9bdad5d583e6,2026-01-16T03:10:00+00:00,2026-01-16T02:55:38+00:00,Portland Trail Blazers,Atlanta Hawks,1,2026-01-16T05:15:00+00:00,0.400000000000,0.400000000000,,
NBA,hist-oddsapi-d6a726d5017e571d13743c9313a78366,2026-01-16T03:10:00+00:00,2026-01-16T02:55:38+00:00,Golden State Warriors,New York Knicks,1,2026-01-16T05:45:00+00:00,0.700431034483,0.700431034483,,
NBA,hist-oddsapi-7cde35496195f0d6f99ee352fa0bba65,2026-01-17T00:10:00+00:00,2026-01-16T23:55:37+00:00,Philadelphia 76ers,Cleveland Cavaliers,0,2026-01-17T02:45:00+00:00,0.554430379747,0.554430379747,,
NBA,hist-oddsapi-7e6506c4bcd0439f38393b5c1efac771,2026-01-17T00:10:00+00:00,2026-01-16T23:55:37+00:00,Indiana Pacers,New Orleans Pelicans,1,2026-01-17T02:15:00+00:00,0.624096385542,0.624096385542,,
NBA,hist-oddsapi-0faca6073061c0d2d76f628039823a00,2026-01-17T00:40:00+00:00,2026-01-17T00:25:38+00:00,Brooklyn Nets,Chicago Bulls,1,2026-01-17T03:00:00+00:00,0.508951406650,0.508951406650,,
NBA,hist-oddsapi-51d7a3906f3d85a499b459c4ab5fdee3,2026-01-17T00:40:00+00:00,2026-01-17T00:25:38+00:00,Toronto Raptors,Los Angeles Clippers,0,2026-01-17T04:15:00+00:00,0.561712846348,0.561712846348,,
NBA,hist-oddsapi-1a69e04063ab1bafaaa377b3e0ac5993,2026-01-17T02:40:00+00:00,2026-01-17T02:25:38+00:00,Houston Rockets,Minnesota Timberwolves,1,2026-01-17T07:00:00+00:00,0.598522167488,0.598522167488,,
NBA,hist-oddsapi-d393058e77e5e64075b0c6ff97a8ac1f,2026-01-17T03:10:00+00:00,2026-01-17T02:55:38+00:00,Sacramento Kings,Washington Wizards,1,2026-01-17T05:30:00+00:00,0.698481561822,0.698481561822,,
NBA,hist-oddsapi-74a2ce699a67094d664e6f11f876fd8b,2026-01-17T22:10:00+00:00,2026-01-17T21:55:37+00:00,Dallas Mavericks,Utah Jazz,1,2026-01-18T00:15:00+00:00,0.580000000000,0.580000000000,,
NBA,hist-oddsapi-53948b32ee634b31967dd050d56eef8a,2026-01-18T00:40:00+00:00,2026-01-18T00:25:37+00:00,Detroit Pistons,Indiana Pacers,1,2026-01-18T01:45:00+00:00,0.876803551609,0.876803551609,,
NBA,hist-oddsapi-5dd9d109817aa5065517eda2d22abd47,2026-01-18T00:40:00+00:00,2026-01-18T00:25:37+00:00,New York Knicks,Phoenix Suns,0,2026-01-18T03:15:00+00:00,0.522959183673,0.522959183673,,
NBA,hist-oddsapi-ee33d9e84247204b91f88df26df1db6f,2026-01-18T00:40:00+00:00,2026-01-18T00:25:37+00:00,Atlanta Hawks,Boston Celtics,0,2026-01-18T02:00:00+00:00,0.410447761194,0.410447761194,,
NBA,hist-oddsapi-a21e077af636c4ec9627a98ea87abea6,2026-01-18T01:10:00+00:00,2026-01-18T00:55:37+00:00,Miami Heat,Oklahoma City Thunder,1,2026-01-18T03:45:00+00:00,0.200663349917,0.200663349917,,
NBA,hist-oddsapi-ec4374304055d759d9e735b24be94cdb,2026-01-18T01:10:00+00:00,2026-01-18T00:55:37+00:00,San Antonio Spurs,Minnesota Timberwolves,1,2026-01-18T04:00:00+00:00,0.636579572447,0.636579572447,,
NBA,hist-oddsapi-dfe75b541b9fdfe1d8b2e6208a62b89f,2026-01-18T02:10:00+00:00,2026-01-18T01:55:37+00:00,Denver Nuggets,Washington Wizards,1,2026-01-18T04:45:00+00:00,0.797004991681,0.797004991681,,
NBA,hist-oddsapi-c40f627c22f80050fd8efec135704313,2026-01-18T03:10:00+00:00,2026-01-18T02:55:37+00:00,Portland Trail Blazers,Los Angeles Lakers,1,2026-01-18T05:30:00+00:00,0.573934837093,0.573934837093,,
NBA,hist-oddsapi-d149b0e5ad9dd363c76d6308dea81c74,2026-01-18T17:10:00+00:00,2026-01-18T16:55:38+00:00,Memphis Grizzlies,Orlando Magic,1,2026-01-18T19:15:00+00:00,0.417910447761,0.417910447761,,
NBA,hist-oddsapi-7f20e5e1b5325512f08e4973e36d08e5,2026-01-19T00:10:00+00:00,2026-01-18T23:55:37+00:00,Houston Rockets,New Orleans Pelicans,1,2026-01-19T02:00:00+00:00,0.864897466828,0.864897466828,,
NBA,hist-oddsapi-aaf6ee6cd6b915e0e0adac8f761f6ffc,2026-01-19T00:10:00+00:00,2026-01-18T23:55:37+00:00,Chicago Bulls,Brooklyn Nets,1,2026-01-19T01:45:00+00:00,0.700431034483,0.700431034483,,
NBA,hist-oddsapi-e6912002f8fd69349b2425510251c7ad,2026-01-19T02:10:00+00:00,2026-01-19T01:55:37+00:00,Sacramento Kings,Portland Trail Blazers,0,2026-01-19T04:30:00+00:00,0.494871794872,0.494871794872,,
NBA,hist-oddsapi-58a64738a04be2c7c6d1be7d69051e09,2026-01-19T02:40:00+00:00,2026-01-19T02:25:37+00:00,Los Angeles Lakers,Toronto Raptors,1,2026-01-19T04:45:00+00:00,0.558080808081,0.558080808081,,
NBA,hist-oddsapi-60b04efecd19028a2eb20c81649abaf1,2026-01-19T18:10:00+00:00,2026-01-19T17:55:37+00:00,Atlanta Hawks,Milwaukee Bucks,0,2026-01-19T20:45:00+00:00,0.516624040921,0.516624040921,,
NBA,hist-oddsapi-d83e3a6de719f872d8af6632781718c1,2026-01-19T20:10:00+00:00,2026-01-19T19:55:37+00:00,Washington Wizards,Los Angeles Clippers,0,2026-01-19T23:00:00+00:00,0.300215982721,0.300215982721,,
NBA,hist-oddsapi-0ff8277cb58ea65a441ebef0f658a566,2026-01-19T22:10:00+00:00,2026-01-19T21:55:38+00:00,San Antonio Spurs,Utah Jazz,1,2026-01-20T00:00:00+00:00,0.872706422018,0.872706422018,,
NBA,hist-oddsapi-e7f04ed48f026208a6d078b5b3bc118b,2026-01-19T22:10:00+00:00,2026-01-19T21:55:38+00:00,New York Knicks,Dallas Mavericks,0,2026-01-20T00:30:00+00:00,0.813479623824,0.813479623824,,
NBA,hist-oddsapi-b68ce56ffffc7b2cb21f03e660422899,2026-01-20T00:10:00+00:00,2026-01-19T23:55:37+00:00,Philadelphia 76ers,Indiana Pacers,1,2026-01-20T02:15:00+00:00,0.685144124169,0.685144124169,,
NBA,hist-oddsapi-41cd5f6adac96f85be9cf529b363f604,2026-01-20T00:40:00+00:00,2026-01-20T00:25:38+00:00,Brooklyn Nets,Phoenix Suns,0,2026-01-20T03:00:00+00:00,0.228675136116,0.228675136116,,
NBA,hist-oddsapi-df230babfc6ef1362f740fbb16136e77,2026-01-20T01:10:00+00:00,2026-01-20T00:55:37+00:00,Detroit Pistons,Boston Celtics,1,2026-01-20T03:45:00+00:00,0.554430379747,0.554430379747,,
NBA,hist-oddsapi-4d7a9815b4e6215ab1309ddb47162781,2026-01-20T03:10:00+00:00,2026-01-20T02:55:38+00:00,Golden State Warriors,Miami Heat,1,2026-01-20T05:15:00+00:00,0.642352941176,0.642352941176,,
NBA,hist-oddsapi-8b31228a946c10f7e851d0948dd174f0,2026-01-21T00:10:00+00:00,2026-01-20T23:55:38+00:00,Philadelphia 76ers,Phoenix Suns,0,2026-01-21T02:30:00+00:00,0.434343434343,0.434343434343,,
NBA,hist-oddsapi-bdf057298ab4506eb53fa02b5bfd2282,2026-01-21T01:10:00+00:00,2026-01-21T00:55:37+00:00,Chicago Bulls,Los Angeles Clippers,1,2026-01-21T03:00:00+00:00,0.567839195980,0.567839195980,,
NBA,hist-oddsapi-fb399b86d88c46a22fa7c2e3d981fdda,2026-01-21T01:10:00+00:00,2026-01-21T00:55:37+00:00,Houston Rockets,San Antonio Spurs,1,2026-01-21T04:00:00+00:00,0.610705596107,0.610705596107,,
NBA,hist-oddsapi-c7cfdbd441d15e50974a13da155b37a6,2026-01-21T02:10:00+00:00,2026-01-21T01:55:38+00:00,Utah Jazz,Minnesota Timberwolves,1,2026-01-21T04:45:00+00:00,0.165714285714,0.165714285714,,
NBA,hist-oddsapi-6d59de25cc37129df0fa325e40dce844,2026-01-21T03:10:00+00:00,2026-01-21T02:55:38+00:00,Denver Nuggets,Los Angeles Lakers,0,2026-01-21T05:30:00+00:00,0.407407407407,0.407407407407,,
NBA,hist-oddsapi-744682a08f6d81babca7d2dd1b301458,2026-01-21T03:10:00+00:00,2026-01-21T02:55:38+00:00,Sacramento Kings,Miami Heat,0,2026-01-21T05:15:00+00:00,0.386861313869,0.386861313869,,
NBA,hist-oddsapi-874e9cbd808fbf58aab0cda4e49c9236,2026-01-21T03:10:00+00:00,2026-01-21T02:55:38+00:00,Golden State Warriors,Toronto Raptors,0,2026-01-21T05:30:00+00:00,0.605392156863,0.605392156863,,
NBA,hist-oddsapi-2fff26d23c77372d82f9d5b1f3fc6d96,2026-01-22T00:40:00+00:00,2026-01-22T00:25:38+00:00,New York Knicks,Brooklyn Nets,1,2026-01-22T02:00:00+00:00,0.841160220994,0.841160220994,,
NBA,hist-oddsapi-abfb5e607faa42b472bd17ec495475d2,2026-01-22T00:40:00+00:00,2026-01-22T00:25:38+00:00,Boston Celtics,Indiana Pacers,1,2026-01-22T02:45:00+00:00,0.792517006803,0.792517006803,,
NBA,hist-oddsapi-7a6dce2087cb5ed530983a64686714ea,2026-01-22T01:10:00+00:00,2026-01-22T00:55:37+00:00,New Orleans Pelicans,Detroit Pistons,0,2026-01-22T03:15:00+00:00,0.294871794872,0.294871794872,,
NBA,hist-oddsapi-5a7446000e1739b011c606a7e4e2f4ec,2026-01-22T02:40:00+00:00,2026-01-22T02:25:38+00:00,Milwaukee Bucks,Oklahoma City Thunder,0,2026-01-22T04:30:00+00:00,0.180981595092,0.180981595092,,
NBA,hist-oddsapi-aea90af9346ed0988c2145ac95b064c4,2026-01-23T00:10:00+00:00,2026-01-22T23:55:37+00:00,Philadelphia 76ers,Houston Rockets,1,2026-01-23T02:45:00+00:00,0.445569620253,0.445569620253,,
NBA,hist-oddsapi-d6dd40aee50c08c81569e3e0395faf1f,2026-01-23T00:10:00+00:00,2026-01-22T23:55:37+00:00,Washington Wizards,Denver Nuggets,0,2026-01-23T02:45:00+00:00,0.310572687225,0.310572687225,,
NBA,hist-oddsapi-bcde79b389208a240652cc4011c9bb6f,2026-01-23T00:40:00+00:00,2026-01-23T00:25:37+00:00,Dallas Mavericks,Golden State Warriors,1,2026-01-23T03:15:00+00:00,0.315555555556,0.315555555556,,
NBA,hist-oddsapi-7c93412ca4df59960aadd8698288a7ea,2026-01-23T01:10:00+00:00,2026-01-23T00:55:37+00:00,Minnesota Timberwolves,Chicago Bulls,0,2026-01-23T03:30:00+00:00,0.764814814815,0.764814814815,,
NBA,hist-oddsapi-eeddd344aee7d3c28687b5ba20be599c,2026-01-23T02:10:00+00:00,2026-01-23T01:55:37+00:00,Utah Jazz,San Antonio Spurs,0,2026-01-23T05:45:00+00:00,0.181259600614,0.181259600614,,
NBA,hist-oddsapi-ac1cdfbe70ce805cb7412c6e40a83ee6,2026-01-23T03:10:00+00:00,2026-01-23T02:55:38+00:00,Los Angeles Clippers,Los Angeles Lakers,1,2026-01-23T06:00:00+00:00,0.558080808081,0.558080808081,,
NBA,hist-oddsapi-ae3656e6579e28d274af1430f1027841,2026-01-23T03:10:00+00:00,2026-01-23T02:55:38+00:00,Portland Trail Blazers,Miami Heat,1,2026-01-23T05:15:00+00:00,0.573934837093,0.573934837093,,
NBA,hist-oddsapi-33e30f1df9e99bd29c9441f743696b58,2026-01-24T00:10:00+00:00,2026-01-23T23:55:37+00:00,Detroit Pistons,Houston Rockets,0,2026-01-24T02:45:00+00:00,0.620772946860,0.620772946860,,
NBA,hist-oddsapi-42123e483653bc996b61e0fcfbc67da2,2026-01-24T00:40:00+00:00,2026-01-24T00:25:37+00:00,Brooklyn Nets,Boston Celtics,0,2026-01-24T03:30:00+00:00,0.248076923077,0.248076923077,,
NBA,hist-oddsapi-70f49db28c0730ed5a7fe2a39bf5ae73,2026-01-24T00:40:00+00:00,2026-01-24T00:25:37+00:00,Atlanta Hawks,Phoenix Suns,1,2026-01-24T02:45:00+00:00,0.429648241206,0.429648241206,,
NBA,hist-oddsapi-06550e9068aeea4e2be8aabda5cf129b,2026-01-24T01:10:00+00:00,2026-01-24T00:55:37+00:00,Oklahoma City Thunder,Indiana Pacers,0,2026-01-24T04:15:00+00:00,0.864077669903,0.864077669903,,
NBA,hist-oddsapi-9a2969b2bb642ef5b38118ac285d03b9,2026-01-24T01:10:00+00:00,2026-01-24T00:55:37+00:00,Memphis Grizzlies,New Orleans Pelicans,0,2026-01-24T03:30:00+00:00,0.636579572447,0.636579572447,,
NBA,hist-oddsapi-daaae076a5da6cc33ed11e20704f5f52,2026-01-24T01:10:00+00:00,2026-01-24T00:55:37+00:00,Milwaukee Bucks,Denver Nuggets,0,2026-01-24T05:15:00+00:00,0.713684210526,0.713684210526,,
NBA,hist-oddsapi-3a66232944c62d098202ca1bd3903b1e,2026-01-24T03:10:00+00:00,2026-01-24T02:55:37+00:00,Portland Trail Blazers,Toronto Raptors,0,2026-01-24T05:15:00+00:00,0.398034398034,0.398034398034,,
NBA,hist-oddsapi-dd0de6a71d58d486094b3cdea27535f9,2026-01-24T20:10:00+00:00,2026-01-24T19:55:37+00:00,Philadelphia 76ers,New York Knicks,0,2026-01-25T00:15:00+00:00,0.500000000000,0.500000000000,,
NBA,hist-oddsapi-e4a2617c331695bb3bf7786ef8f0f41b,2026-01-24T22:40:00+00:00,2026-01-24T19:55:37+00:00,Minnesota Timberwolves,Golden State Warriors,0,2026-01-26T00:30:00+00:00,0.657407407407,0.657407407407,,
NBA,hist-oddsapi-08532c5ceb916194106d04e818ec4511,2026-01-25T00:10:00+00:00,2026-01-24T23:55:37+00:00,Orlando Magic,Cleveland Cavaliers,0,2026-01-25T02:30:00+00:00,0.519181585678,0.519181585678,,
NBA,hist-oddsapi-7b855fffbf51faed6fdde563f8e8f04f,2026-01-25T01:10:00+00:00,2026-01-25T00:55:37+00:00,Chicago Bulls,Boston Celtics,1,2026-01-25T05:00:00+00:00,0.418952618454,0.418952618454,,
NBA,hist-oddsapi-b08d08f0411cb83292c7ae0faaf00acc,2026-01-25T01:40:00+00:00,2026-01-25T01:25:37+00:00,Dallas Mavericks,Los Angeles Lakers,0,2026-01-25T07:30:00+00:00,0.393643031785,0.393643031785,,
NBA,hist-oddsapi-e4b54e9313f1fd330f5dc6a41a79c6e0,2026-01-25T02:40:00+00:00,2026-01-25T02:25:37+00:00,Utah Jazz,Miami Heat,0,2026-01-25T04:45:00+00:00,0.305676855895,0.305676855895,,
NBA,hist-oddsapi-a0d3f8f7036e2c7dccea730ccc41ca2b,2026-01-25T20:10:00+00:00,2026-01-25T19:55:37+00:00,Detroit Pistons,Sacramento Kings,1,2026-01-25T22:00:00+00:00,0.833572453372,0.833572453372,,
NBA,hist-oddsapi-f2223a1d71646844964482dd813ecec0,2026-01-26T01:10:00+00:00,2026-01-26T00:55:37+00:00,Phoenix Suns,Miami Heat,0,2026-01-26T03:30:00+00:00,0.613138686131,0.613138686131,,
NBA,hist-oddsapi-b72bc3485dbfd8ae67fcea4dd6b87d03,2026-01-26T02:10:00+00:00,2026-01-26T01:55:37+00:00,Los Angeles Clippers,Brooklyn Nets,1,2026-01-26T02:45:00+00:00,0.795302013423,0.795302013423,,
NBA,hist-oddsapi-4030222f70e9378b52f52597c7cc89a1,2026-01-26T18:40:00+00:00,2026-01-26T18:25:37+00:00,Atlanta Hawks,Indiana Pacers,1,2026-01-26T20:45:00+00:00,0.646370023419,0.646370023419,,
NBA,hist-oddsapi-a5157a5c583a77ad6607b6e67bfcb8b2,2026-01-27T00:10:00+00:00,2026-01-26T23:55:37+00:00,Cleveland Cavaliers,Orlando Magic,1,2026-01-27T02:30:00+00:00,0.656612529002,0.656612529002,,
NBA,hist-oddsapi-00747f8760cdab8e1f83fde19f362d2b,2026-01-27T01:10:00+00:00,2026-01-27T00:55:37+00:00,Boston Celtics,Portland Trail Blazers,1,2026-01-27T04:30:00+00:00,0.740079365079,0.740079365079,,
NBA,hist-oddsapi-508b6db74fa61e80b1219357e6b7de76,2026-01-27T01:10:00+00:00,2026-01-27T00:55:37+00:00,Chicago Bulls,Los Angeles Lakers,0,2026-01-27T03:15:00+00:00,0.475703324808,0.475703324808,,
NBA,hist-oddsapi-a1550da07312880e9d991e0cc16bb7ed,2026-01-27T01:10:00+00:00,2026-01-27T00:55:37+00:00,Houston Rockets,Memphis Grizzlies,1,2026-01-27T03:15:00+00:00,0.808306709265,0.808306709265,,
NBA,hist-oddsapi-2468f90b17177369a0fba57780016f93,2026-01-27T02:40:00+00:00,2026-01-27T02:25:37+00:00,Minnesota Timberwolves,Golden State Warriors,1,2026-01-27T04:30:00+00:00,0.714285714286,0.714285714286,,
NBA,hist-oddsapi-0bb1980b80260c56a33285f5607c2344,2026-01-28T01:10:00+00:00,2026-01-28T00:55:37+00:00,Philadelphia 76ers,Milwaukee Bucks,1,2026-01-28T03:15:00+00:00,0.780918727915,0.780918727915,,
NBA,hist-oddsapi-3fc99c141a60b1920a63758ca5494589,2026-01-28T01:10:00+00:00,2026-01-28T00:55:37+00:00,Oklahoma City Thunder,New Orleans Pelicans,1,2026-01-28T03:15:00+00:00,0.862913096695,0.862913096695,,
NBA,hist-oddsapi-35b4fddf2d5ab0ccb0de8c055864c384,2026-01-28T02:10:00+00:00,2026-01-28T01:55:37+00:00,Phoenix Suns,Brooklyn Nets,1,2026-01-28T04:45:00+00:00,0.740594059406,0.740594059406,,
NBA,hist-oddsapi-da2ade96fe646b888d2f141b5b7e08d0,2026-01-28T02:10:00+00:00,2026-01-28T01:55:37+00:00,Denver Nuggets,Detroit Pistons,0,2026-01-28T05:30:00+00:00,0.300215982721,0.300215982721,,
NBA,hist-oddsapi-b3110048eaa233249a94c9b519544df3,2026-01-28T03:10:00+00:00,2026-01-28T02:55:37+00:00,Utah Jazz,Los Angeles Clippers,0,2026-01-28T05:15:00+00:00,0.258893280632,0.258893280632,,
NBA,hist-oddsapi-a47d74012c56b704a36ae0021c8392c8,2026-01-29T00:10:00+00:00,2026-01-28T23:55:37+00:00,Indiana Pacers,Chicago Bulls,1,2026-01-29T02:30:00+00:00,0.466836734694,0.466836734694,,
NBA,hist-oddsapi-b1d4679968c1da9189652022adcf816a,2026-01-29T00:10:00+00:00,2026-01-28T23:55:37+00:00,Cleveland Cavaliers,Los Angeles Lakers,1,2026-01-29T02:00:00+00:00,0.600985221675,0.600985221675,,
NBA,hist-oddsapi-0b8ffd9f984035052aaf60239f29af68,2026-01-29T00:40:00+00:00,2026-01-29T00:25:37+00:00,Miami Heat,Orlando Magic,0,2026-01-29T03:00:00+00:00,0.577500000000,0.577500000000,,
NBA,hist-oddsapi-b163681d4409ddad919155cc94f36d9f,2026-01-29T00:40:00+00:00,2026-01-29T00:25:37+00:00,Toronto Raptors,New York Knicks,0,2026-01-29T04:15:00+00:00,0.520408163265,0.520408163265,,
NBA,hist-oddsapi-e907dc4e4ae93aa241aa6d755e2f79d4,2026-01-29T00:40:00+00:00,2026-01-29T00:25:37+00:00,Boston Celtics,Atlanta Hawks,0,2026-01-29T02:45:00+00:00,0.644705882353,0.644705882353,,
NBA,hist-oddsapi-9476261795fcf301db96d29ae947702a,2026-01-29T02:10:00+00:00,2026-01-29T01:55:37+00:00,Utah Jazz,Golden State Warriors,0,2026-01-29T04:45:00+00:00,0.270875763747,0.270875763747,,
NBA,hist-oddsapi-414a88d689269047de48baa7d975123f,2026-01-29T02:40:00+00:00,2026-01-29T02:25:37+00:00,Houston Rockets,San Antonio Spurs,0,2026-01-29T05:45:00+00:00,0.570351758794,0.570351758794,,
NBA,hist-oddsapi-4329ccf40a387789800b68750d2cd999,2026-01-30T00:10:00+00:00,2026-01-29T23:55:37+00:00,Washington Wizards,Milwaukee Bucks,1,2026-01-30T03:30:00+00:00,0.460559796438,0.460559796438,,
NBA,hist-oddsapi-5dcf2dc23993f2a3e4cffc2b47b635e7,2026-01-30T00:10:00+00:00,2026-01-29T23:55:37+00:00,Philadelphia 76ers,Sacramento Kings,1,2026-01-30T02:45:00+00:00,0.771324863884,0.771324863884,,
NBA,hist-oddsapi-259e7b23b4050164ea05f0aa17fb58e2,2026-01-30T01:10:00+00:00,2026-01-30T00:55:37+00:00,Chicago Bulls,Miami Heat,1,2026-02-12T03:00:00+00:00,0.448101265823,0.448101265823,,
NBA,hist-oddsapi-84dfdb778c615c186f3f82fd5373a505,2026-01-30T01:10:00+00:00,2026-01-30T00:55:37+00:00,Atlanta Hawks,Houston Rockets,0,2026-01-30T03:00:00+00:00,0.294871794872,0.294871794872,,
NBA,hist-oddsapi-0c174f6428575aa93dadc9a2ea7bb3a7,2026-01-30T02:10:00+00:00,2026-01-30T01:55:37+00:00,Phoenix Suns,Detroit Pistons,1,2026-01-30T04:15:00+00:00,0.418952618454,0.418952618454,,
NBA,hist-oddsapi-6f87ca60fa0d3ec900b23a3e1d2fb336,2026-01-30T02:40:00+00:00,2026-01-30T02:25:37+00:00,Minnesota Timberwolves,Oklahoma City Thunder,1,2026-01-30T05:00:00+00:00,0.366666666667,0.366666666667,,
NBA,hist-oddsapi-cd9a9b99b7f57438f58678f64c3f75df,2026-01-31T00:10:00+00:00,2026-01-30T23:55:38+00:00,Washington Wizards,Los Angeles Lakers,0,2026-01-31T01:00:00+00:00,0.204013377926,0.204013377926,,
NBA,hist-oddsapi-036da950ec76866cc693e631e2e8a732,2026-01-31T00:40:00+00:00,2026-01-31T00:25:37+00:00,New York Knicks,Portland Trail Blazers,1,2026-01-31T02:30:00+00:00,0.685144124169,0.685144124169,,
NBA,hist-oddsapi-89d1000af287df7d5cf6eee034863e2d,2026-01-31T00:40:00+00:00,2026-01-31T00:25:37+00:00,New Orleans Pelicans,Memphis Grizzlies,1,2026-01-31T03:15:00+00:00,0.584577114428,0.584577114428,,
NBA,hist-oddsapi-cf47b3808a1bf7910ead42fcaa47d4e8,2026-01-31T00:40:00+00:00,2026-01-31T00:25:37+00:00,Boston Celtics,Sacramento Kings,1,2026-01-31T02:00:00+00:00,0.814352574103,0.814352574103,,
NBA,hist-oddsapi-e827f42af996730ba01a6a27e5646d5c,2026-01-31T00:40:00+00:00,2026-01-31T00:25:37+00:00,Orlando Magic,Toronto Raptors,1,2026-01-31T03:15:00+00:00,0.564231738035,0.564231738035,,
NBA,hist-oddsapi-393d134e7c4863d67e655d6b02a5d88e,2026-01-31T02:00:00+00:00,2026-01-31T01:55:37+00:00,Phoenix Suns,Cleveland Cavaliers,1,2026-01-31T04:15:00+00:00,0.463104325700,0.463104325700,,
NBA,hist-oddsapi-7a308fc31e2ed7c6d0481bcd323157f2,2026-01-31T02:00:00+00:00,2026-01-31T01:55:37+00:00,Denver Nuggets,Los Angeles Clippers,1,2026-01-31T04:15:00+00:00,0.439393939394,0.439393939394,,
NBA,hist-oddsapi-10ead7795e4b1b32d519a992f558d7a4,2026-01-31T02:30:00+00:00,2026-01-31T02:25:37+00:00,Utah Jazz,Brooklyn Nets,0,2026-01-31T04:45:00+00:00,0.587064676617,0.587064676617,,
NBA,hist-oddsapi-cef1ef4d62f50297bf725501038c36e2,2026-01-31T03:10:00+00:00,2026-01-31T02:55:38+00:00,Golden State Warriors,Detroit Pistons,0,2026-01-31T06:00:00+00:00,0.550761421320,0.550761421320,,
NBA,hist-oddsapi-79e56ddda6c5f8ca7c8e523a44812b9b,2026-02-01T00:10:00+00:00,2026-01-31T23:55:37+00:00,Indiana Pacers,Atlanta Hawks,1,2026-02-01T02:30:00+00:00,0.474489795918,0.474489795918,,
NBA,hist-oddsapi-639d6371d85a020efe8c387843e9092f,2026-02-01T00:40:00+00:00,2026-02-01T00:25:37+00:00,Philadelphia 76ers,New Orleans Pelicans,1,2026-02-01T03:45:00+00:00,0.666666666667,0.666666666667,,
NBA,hist-oddsapi-6a1114f766765812787e265c826a1215,2026-02-01T01:10:00+00:00,2026-02-01T00:55:37+00:00,Memphis Grizzlies,Minnesota Timberwolves,0,2026-02-01T02:45:00+00:00,0.197068403909,0.197068403909,,
NBA,hist-oddsapi-bb1faa7d4ba9e18e6320126f16d9d022,2026-02-01T01:10:00+00:00,2026-02-01T00:55:37+00:00,Miami Heat,Chicago Bulls,0,2026-02-01T03:45:00+00:00,0.648711943794,0.648711943794,,
NBA,hist-oddsapi-16920e071fabb84ce3950f02ec4aabf3,2026-02-01T01:40:00+00:00,2026-02-01T01:25:37+00:00,Houston Rockets,Dallas Mavericks,1,2026-02-01T05:30:00+00:00,0.783595113438,0.783595113438,,
NBA,hist-oddsapi-5c0746ce9061a650f053a42e255e9c56,2026-02-01T20:40:00+00:00,2026-02-01T20:25:37+00:00,Boston Celtics,Milwaukee Bucks,1,2026-02-01T23:00:00+00:00,0.830680173661,0.830680173661,,
NBA,hist-oddsapi-007cc4ad87ae4f21fa2e95d659fa0832,2026-02-01T23:10:00+00:00,2026-02-01T22:55:37+00:00,Toronto Raptors,Utah Jazz,1,2026-02-02T01:30:00+00:00,0.775583482944,0.775583482944,,
NBA,hist-oddsapi-0210ab755a18ffa716e3e74460b0600d,2026-02-01T23:10:00+00:00,2026-02-01T22:55:37+00:00,Washington Wizards,Sacramento Kings,1,2026-02-02T01:45:00+00:00,0.475703324808,0.475703324808,,
NBA,hist-oddsapi-d2cc88f351d8b29d40d8a8cfbe724ad1,2026-02-01T23:10:00+00:00,2026-02-01T22:55:37+00:00,Detroit Pistons,Brooklyn Nets,1,2026-02-02T00:30:00+00:00,0.843110504775,0.843110504775,,
NBA,hist-oddsapi-642a194513f0ec5b24011af9806a397c,2026-02-02T00:10:00+00:00,2026-02-01T23:55:37+00:00,San Antonio Spurs,Orlando Magic,1,2026-02-02T07:30:00+00:00,0.554430379747,0.554430379747,,
NBA,hist-oddsapi-738c1334fcfb5a8dfb1149f4cdc3ffa4,2026-02-02T00:10:00+00:00,2026-02-01T23:55:37+00:00,New York Knicks,Los Angeles Lakers,1,2026-02-02T04:00:00+00:00,0.665903890160,0.665903890160,,
NBA,hist-oddsapi-234f77cf5691a918e9951eccf534878a,2026-02-02T01:10:00+00:00,2026-02-02T00:55:37+00:00,Phoenix Suns,Los Angeles Clippers,0,2026-02-02T03:15:00+00:00,0.581047381546,0.581047381546,,
NBA,hist-oddsapi-b4985acd1a9b9f1b6530bed611bfce81,2026-02-02T02:10:00+00:00,2026-02-02T01:55:37+00:00,Portland Trail Blazers,Cleveland Cavaliers,0,2026-02-02T04:15:00+00:00,0.376811594203,0.376811594203,,
NBA,hist-oddsapi-1c9f0b84a617632c33b94135b8101897,2026-02-02T02:40:00+00:00,2026-02-02T02:25:37+00:00,Denver Nuggets,Oklahoma City Thunder,0,2026-02-02T04:45:00+00:00,0.319910514541,0.319910514541,,
NBA,hist-oddsapi-57d17c73bf1c976a13a1c66247513cf7,2026-02-03T00:10:00+00:00,2026-02-02T23:55:37+00:00,Indiana Pacers,Houston Rockets,0,2026-02-03T02:30:00+00:00,0.311258278146,0.311258278146,,
NBA,hist-oddsapi-31a26b08d3d28e056418f330c82bf472,2026-02-03T00:40:00+00:00,2026-02-03T00:25:37+00:00,Memphis Grizzlies,Minnesota Timberwolves,1,2026-02-03T03:15:00+00:00,0.283924843424,0.283924843424,,
NBA,hist-oddsapi-93838984e2cd0b0796d8bab2c603ae55,2026-02-03T03:10:00+00:00,2026-02-03T02:55:37+00:00,Los Angeles Clippers,Philadelphia 76ers,0,2026-02-03T05:30:00+00:00,0.485933503836,0.485933503836,,
NBA,hist-oddsapi-19a5443c8ea8f228498d950cb51a24a4,2026-02-04T00:10:00+00:00,2026-02-03T23:55:37+00:00,Detroit Pistons,Denver Nuggets,1,2026-02-04T02:45:00+00:00,0.636579572447,0.636579572447,,
NBA,hist-oddsapi-635e88c2f951b24786768df6799cea86,2026-02-04T00:10:00+00:00,2026-02-03T23:55:37+00:00,Indiana Pacers,Utah Jazz,0,2026-02-04T02:15:00+00:00,0.430730478589,0.430730478589,,
NBA,hist-oddsapi-b115535fb5004176720bf3e256b127db,2026-02-04T00:10:00+00:00,2026-02-03T23:55:37+00:00,Washington Wizards,New York Knicks,0,2026-02-04T01:15:00+00:00,0.171806167401,0.171806167401,,
NBA,hist-oddsapi-01033031be4b2306531dce32f69191b5,2026-02-04T00:40:00+00:00,2026-02-04T00:25:38+00:00,Miami Heat,Atlanta Hawks,0,2026-02-04T03:00:00+00:00,0.508951406650,0.508951406650,,
NBA,hist-oddsapi-4cc413ea9714a3e472033030eac2adb7,2026-02-04T00:40:00+00:00,2026-02-04T00:25:38+00:00,Brooklyn Nets,Los Angeles Lakers,0,2026-02-04T01:30:00+00:00,0.269776876268,0.269776876268,,
NBA,hist-oddsapi-6e77a178712aabf4adad2f5c2761833a,2026-02-04T01:10:00+00:00,2026-02-04T00:55:37+00:00,Milwaukee Bucks,Chicago Bulls,1,2026-02-04T03:00:00+00:00,0.478260869565,0.478260869565,,
NBA,hist-oddsapi-cbd809d5c1bf7515e3baa1882f0356ad,2026-02-04T01:10:00+00:00,2026-02-04T00:55:37+00:00,Oklahoma City Thunder,Orlando Magic,1,2026-02-04T01:45:00+00:00,0.800000000000,0.800000000000,,
NBA,hist-oddsapi-e0d51f970fc760f66ccb9b94f0d7527a,2026-02-04T01:10:00+00:00,2026-02-04T00:55:37+00:00,Dallas Mavericks,Boston Celtics,0,2026-02-04T03:15:00+00:00,0.300215982721,0.300215982721,,
NBA,hist-oddsapi-b3edd94288c50752fc0b9bd809fd69cc,2026-02-04T03:10:00+00:00,2026-02-04T02:55:38+00:00,Golden State Warriors,Philadelphia 76ers,0,2026-02-04T05:15:00+00:00,0.636579572447,0.636579572447,,
NBA,hist-oddsapi-6d3f4f581df87818646720ba857a14cb,2026-02-04T04:10:00+00:00,2026-02-04T03:55:37+00:00,Portland Trail Blazers,Phoenix Suns,0,2026-02-04T06:30:00+00:00,0.404938271605,0.404938271605,,
NBA,hist-oddsapi-9c5539dbfdce420a92a829805150949a,2026-02-05T00:10:00+00:00,2026-02-04T23:55:37+00:00,New York Knicks,Denver Nuggets,1,2026-02-05T03:15:00+00:00,0.629186602871,0.629186602871,,
NBA,hist-oddsapi-09a1c85451c2450418f5bcba90e220b9,2026-02-05T00:40:00+00:00,2026-02-05T00:25:37+00:00,Toronto Raptors,Minnesota Timberwolves,0,2026-02-05T03:00:00+00:00,0.435768261965,0.435768261965,,
NBA,hist-oddsapi-720fb0aa5ec9b76d0ba6782d87da5d6e,2026-02-05T01:10:00+00:00,2026-02-05T00:55:37+00:00,Milwaukee Bucks,New Orleans Pelicans,1,2026-02-05T03:45:00+00:00,0.383495145631,0.383495145631,,
NBA,hist-oddsapi-8b816f6d79780a1772852263e815b070,2026-02-05T01:10:00+00:00,2026-02-05T00:55:37+00:00,Houston Rockets,Boston Celtics,0,2026-02-05T03:00:00+00:00,0.719334719335,0.719334719335,,
NBA,hist-oddsapi-7eb233edb6e9e03622d300ca7dd2c1df,2026-02-05T02:40:00+00:00,2026-02-05T02:25:37+00:00,San Antonio Spurs,Oklahoma City Thunder,1,2026-02-05T05:00:00+00:00,0.770072992701,0.770072992701,,
NBA,hist-oddsapi-4336bce3a2a2e0e4ab7b6bd8f79693d8,2026-02-05T03:10:00+00:00,2026-02-05T02:55:37+00:00,Sacramento Kings,Memphis Grizzlies,0,2026-02-05T05:45:00+00:00,0.570351758794,0.570351758794,,
NBA,hist-oddsapi-1fabd57d36993380babdef3c224d2992,2026-02-05T03:40:00+00:00,2026-02-05T03:25:37+00:00,Los Angeles Clippers,Cleveland Cavaliers,0,2026-02-05T05:15:00+00:00,0.426065162907,0.426065162907,,
NBA,hist-oddsapi-9fd9fd98d80affd8d78a3817d3996733,2026-02-06T00:10:00+00:00,2026-02-05T23:55:37+00:00,Detroit Pistons,Washington Wizards,0,2026-02-06T02:30:00+00:00,0.874576271186,0.874576271186,,
NBA,hist-oddsapi-cefcc7a016a8c42ec7cfb6c209abf24e,2026-02-06T00:10:00+00:00,2026-02-05T23:55:37+00:00,Orlando Magic,Brooklyn Nets,1,2026-02-06T02:00:00+00:00,0.767955801105,0.767955801105,,
NBA,hist-oddsapi-6e1b81dfdc63af7360ee37738c1cc78f,2026-02-06T00:40:00+00:00,2026-02-06T00:25:38+00:00,Atlanta Hawks,Utah Jazz,1,2026-02-06T03:00:00+00:00,0.729124236253,0.729124236253,,
NBA,hist-oddsapi-c44c1844e56bb57369b5eade9bcb8c53,2026-02-06T00:40:00+00:00,2026-02-06T00:25:38+00:00,Toronto Raptors,Chicago Bulls,1,2026-02-06T02:45:00+00:00,0.725971370143,0.725971370143,,
NBA,hist-oddsapi-29d21b1015a4f76d386601af48083a64,2026-02-06T03:10:00+00:00,2026-02-06T02:55:37+00:00,Los Angeles Lakers,Philadelphia 76ers,1,2026-02-06T05:45:00+00:00,0.554430379747,0.554430379747,,
NBA,hist-oddsapi-5a8b449155f22260aabd2f130cbbe7b1,2026-02-06T03:10:00+00:00,2026-02-06T02:55:37+00:00,Phoenix Suns,Golden State Warriors,0,2026-02-06T05:45:00+00:00,0.652680652681,0.652680652681,,
NBA,hist-oddsapi-69d971ab3826cab2feb87672c81b99cc,2026-02-07T00:40:00+00:00,2026-02-07T00:25:38+00:00,Detroit Pistons,New York Knicks,1,2026-02-07T02:15:00+00:00,0.654292343387,0.654292343387,,
NBA,hist-oddsapi-8ddd2769a5ffd8dccf14da6c31f1fc1c,2026-02-07T00:40:00+00:00,2026-02-07T00:25:38+00:00,Boston Celtics,Miami Heat,1,2026-02-07T03:15:00+00:00,0.671201814059,0.671201814059,,
NBA,hist-oddsapi-c9fbb4841a8939ef25c00d8012bf66d1,2026-02-07T01:10:00+00:00,2026-02-07T00:55:37+00:00,Milwaukee Bucks,Indiana Pacers,1,2026-02-07T03:15:00+00:00,0.470588235294,0.470588235294,,
NBA,hist-oddsapi-ca2f6578b0d06d2a06e2eb5cee12fd8e,2026-02-07T01:10:00+00:00,2026-02-07T00:55:37+00:00,Minnesota Timberwolves,New Orleans Pelicans,0,2026-02-07T04:15:00+00:00,0.745596868885,0.745596868885,,
NBA,hist-oddsapi-ef8ae24fd705cab52010cac25b6abbba,2026-02-07T03:00:00+00:00,2026-02-07T02:55:38+00:00,Portland Trail Blazers,Memphis Grizzlies,1,2026-02-07T05:00:00+00:00,0.721074380165,0.721074380165,,
NBA,hist-oddsapi-e3d5928f680f116697bc4e6bb16f5862,2026-02-07T03:10:00+00:00,2026-02-07T02:55:38+00:00,Sacramento Kings,Los Angeles Clippers,0,2026-02-07T05:30:00+00:00,0.403940886700,0.403940886700,,
NBA,hist-oddsapi-b321b271a38a3a225bb32d4cda89c2ca,2026-02-07T20:10:00+00:00,2026-02-07T19:55:38+00:00,Brooklyn Nets,Washington Wizards,1,2026-02-07T22:00:00+00:00,0.725409836066,0.725409836066,,
NBA,hist-oddsapi-734128222c2a03269132090adb3c593d,2026-02-07T20:40:00+00:00,2026-02-07T20:25:37+00:00,Oklahoma City Thunder,Houston Rockets,0,2026-02-07T23:15:00+00:00,0.595061728395,0.595061728395,,
NBA,hist-oddsapi-b69d85cac76c01181ada3299bc50ed54,2026-02-07T23:10:00+00:00,2026-02-07T22:55:37+00:00,San Antonio Spurs,Dallas Mavericks,1,2026-02-08T00:45:00+00:00,0.783216783217,0.783216783217,,
NBA,hist-oddsapi-a54af649958eb60284f57114fdeeb472,2026-02-08T00:10:00+00:00,2026-02-07T23:55:37+00:00,Orlando Magic,Utah Jazz,1,2026-02-08T03:15:00+00:00,0.707889125800,0.707889125800,,
NBA,hist-oddsapi-e9a14346272a3fc89154cc1bf1c5da1b,2026-02-08T01:10:00+00:00,2026-02-08T00:55:37+00:00,Chicago Bulls,Denver Nuggets,0,2026-02-08T03:30:00+00:00,0.253906250000,0.253906250000,,
NBA,hist-oddsapi-076f5eadf0573f4dd2ace4f26ae28ef2,2026-02-08T01:40:00+00:00,2026-02-08T01:25:37+00:00,Los Angeles Lakers,Golden State Warriors,1,2026-02-08T04:00:00+00:00,0.534351145038,0.534351145038,,
NBA,hist-oddsapi-a809adbd88558364e25c834bbb5a88f0,2026-02-08T02:10:00+00:00,2026-02-08T01:55:37+00:00,Phoenix Suns,Philadelphia 76ers,0,2026-02-08T05:15:00+00:00,0.549367088608,0.549367088608,,
NBA,hist-oddsapi-7b28a8f5733ef01c824181e1b5a42341,2026-02-08T03:10:00+00:00,2026-02-08T02:55:37+00:00,Sacramento Kings,Cleveland Cavaliers,0,2026-02-08T05:30:00+00:00,0.183925811437,0.183925811437,,
NBA,hist-oddsapi-c2aacc97e9c2f14777db6a947e5b0772,2026-02-08T17:40:00+00:00,2026-02-08T17:25:37+00:00,Boston Celtics,New York Knicks,0,2026-02-08T20:00:00+00:00,0.587500000000,0.587500000000,,
NBA,hist-oddsapi-c7739a581c938fedf4dd128cb53f31dc,2026-02-08T19:10:00+00:00,2026-02-08T18:55:37+00:00,Washington Wizards,Miami Heat,0,2026-02-08T20:30:00+00:00,0.166427546628,0.166427546628,,
NBA,hist-oddsapi-8864122f2c28fd6b7621c0ee000c41fc,2026-02-08T20:10:00+00:00,2026-02-08T19:55:37+00:00,Minnesota Timberwolves,Los Angeles Clippers,0,2026-02-08T22:15:00+00:00,0.746588693957,0.746588693957,,
NBA,hist-oddsapi-9a4bb2e3bc9fd308b6e40f29e43ab2f1,2026-02-08T20:10:00+00:00,2026-02-08T19:55:37+00:00,Toronto Raptors,Indiana Pacers,1,2026-02-08T22:15:00+00:00,0.752873563218,0.752873563218,,
NBA,hist-oddsapi-1c83af4e3fb93fe6584ef5a9e1351f2b,2026-02-10T00:40:00+00:00,2026-02-10T00:25:37+00:00,Brooklyn Nets,Chicago Bulls,1,2026-02-10T03:00:00+00:00,0.420000000000,0.420000000000,,
NBA,hist-oddsapi-87c446233100a0e10c8a9ae223b3d859,2026-02-10T00:40:00+00:00,2026-02-10T00:25:37+00:00,Miami Heat,Utah Jazz,0,2026-02-10T03:15:00+00:00,0.683741648107,0.683741648107,,
NBA,hist-oddsapi-d7da0d0be9b38cafad30bd7ed2a6c674,2026-02-10T00:40:00+00:00,2026-02-10T00:25:37+00:00,Orlando Magic,Milwaukee Bucks,1,2026-02-10T02:45:00+00:00,0.774774774775,0.774774774775,,
NBA,hist-oddsapi-b664e9dae2af4118d7572e95a333b93e,2026-02-10T01:10:00+00:00,2026-02-10T00:55:37+00:00,Minnesota Timberwolves,Atlanta Hawks,1,2026-02-10T02:30:00+00:00,0.736000000000,0.736000000000,,
NBA,hist-oddsapi-f3e4369053da36c11257f3b1498bd0e6,2026-02-10T01:10:00+00:00,2026-02-10T00:55:37+00:00,New Orleans Pelicans,Sacramento Kings,1,2026-02-10T02:45:00+00:00,0.771324863884,0.771324863884,,
NBA,hist-oddsapi-55ce3994bdb669f780eb1021014461cf,2026-02-10T02:10:00+00:00,2026-02-10T01:55:37+00:00,Denver Nuggets,Cleveland Cavaliers,0,2026-02-10T05:00:00+00:00,0.560606060606,0.560606060606,,
NBA,hist-oddsapi-52fefc6f39b3b91682e5f266233d1088,2026-02-10T03:10:00+00:00,2026-02-10T02:55:37+00:00,Golden State Warriors,Memphis Grizzlies,1,2026-02-10T05:30:00+00:00,0.757575757576,0.757575757576,,
NBA,hist-oddsapi-7c8edd09283c5268205c6029a589798f,2026-02-10T03:10:00+00:00,2026-02-10T02:55:37+00:00,Portland Trail Blazers,Philadelphia 76ers,1,2026-02-10T05:00:00+00:00,0.584577114428,0.584577114428,,
NBA,hist-oddsapi-fe43ece4642dde1bcd2610c18f0cfc27,2026-02-10T03:10:00+00:00,2026-02-10T02:55:37+00:00,Los Angeles Lakers,Oklahoma City Thunder,0,2026-02-10T06:00:00+00:00,0.319196428571,0.319196428571,,
NBA,hist-oddsapi-029d9c1b39d0cd27d90931850a1f0bbd,2026-02-11T00:30:00+00:00,2026-02-11T00:25:38+00:00,New York Knicks,Indiana Pacers,0,2026-02-11T03:30:00+00:00,0.814062500000,0.814062500000,,
NBA,hist-oddsapi-402d3274a70ecdf3f3441bd2730e9a86,2026-02-11T01:00:00+00:00,2026-02-11T00:55:37+00:00,Houston Rockets,Los Angeles Clippers,1,2026-02-11T03:45:00+00:00,0.725409836066,0.725409836066,,
NBA,hist-oddsapi-a431f33f9135f054bfd08b6f0d341497,2026-02-11T02:00:00+00:00,2026-02-11T01:55:37+00:00,Phoenix Suns,Dallas Mavericks,1,2026-02-11T04:30:00+00:00,0.736526946108,0.736526946108,,
NBA,hist-oddsapi-3abaf28550da137114cba0daec6fe134,2026-02-11T03:13:00+00:00,2026-02-11T02:55:37+00:00,Los Angeles Lakers,San Antonio Spurs,0,2026-02-11T04:30:00+00:00,0.166666666667,0.166666666667,,
NBA,hist-oddsapi-786e38c6d2a209bb12801b30f17e9ef2,2026-02-12T00:00:00+00:00,2026-02-11T23:55:37+00:00,Orlando Magic,Milwaukee Bucks,0,2026-02-12T02:30:00+00:00,0.805825242718,0.805825242718,,
NBA,hist-oddsapi-1e29ea38e9c7789166418c9a3544bff9,2026-02-12T00:10:00+00:00,2026-02-11T23:55:37+00:00,Cleveland Cavaliers,Washington Wizards,1,2026-02-12T02:00:00+00:00,0.887860082305,0.887860082305,,
NBA,hist-oddsapi-c09c552bcc0d68d3e96c860980ae1563,2026-02-12T00:30:00+00:00,2026-02-12T00:25:37+00:00,Toronto Raptors,Detroit Pistons,0,2026-02-12T02:45:00+00:00,0.502564102564,0.502564102564,,
NBA,hist-oddsapi-fa53065fb88985857fe9cfe5372477dc,2026-02-12T00:30:00+00:00,2026-02-12T00:25:37+00:00,Philadelphia 76ers,New York Knicks,0,2026-02-12T02:15:00+00:00,0.445569620253,0.445569620253,,
NBA,hist-oddsapi-fe5025ebf8e01fd991276b32c2720ea7,2026-02-12T00:40:00+00:00,2026-02-12T00:25:37+00:00,Boston Celtics,Chicago Bulls,1,2026-02-12T01:30:00+00:00,0.844804318489,0.844804318489,,
NBA,hist-oddsapi-3313a32e931557302ee2526858b86060,2026-02-12T01:10:00+00:00,2026-02-12T00:55:38+00:00,New Orleans Pelicans,Miami Heat,0,2026-02-12T03:30:00+00:00,0.535714285714,0.535714285714,,
NBA,hist-oddsapi-3acad36c997423e34f7d485f9598a106,2026-02-12T01:10:00+00:00,2026-02-12T00:55:38+00:00,Minnesota Timberwolves,Portland Trail Blazers,1,2026-02-12T03:00:00+00:00,0.724279835391,0.724279835391,,
NBA,hist-oddsapi-a8954b4710b0fae858e10da04cd1b866,2026-02-12T02:00:00+00:00,2026-02-12T01:55:37+00:00,Phoenix Suns,Oklahoma City Thunder,0,2026-02-12T03:30:00+00:00,0.296774193548,0.296774193548,,
NBA,hist-oddsapi-1ad953fef0955a0aa7ed634326688a91,2026-02-12T02:10:00+00:00,2026-02-12T01:55:37+00:00,Utah Jazz,Sacramento Kings,1,2026-02-12T03:30:00+00:00,0.649532710280,0.649532710280,,
NBA,hist-oddsapi-72e90971d6ffe7bcc9ce0c5c15a12ece,2026-02-12T02:10:00+00:00,2026-02-12T01:55:37+00:00,Denver Nuggets,Memphis Grizzlies,1,2026-02-12T04:30:00+00:00,0.847184986595,0.847184986595,,
NBA,hist-oddsapi-69338c4d8b76e2c7c832dc2ec56f291f,2026-02-12T03:00:00+00:00,2026-02-12T02:55:37+00:00,Golden State Warriors,San Antonio Spurs,0,2026-02-12T07:00:00+00:00,0.334096109840,0.334096109840,,
NBA,hist-oddsapi-1c3809071b6a6e313c87dee15e46bdc1,2026-02-13T00:40:00+00:00,2026-02-13T00:25:37+00:00,Oklahoma City Thunder,Milwaukee Bucks,0,2026-02-13T02:45:00+00:00,0.832853025937,0.832853025937,,
NBA,hist-oddsapi-ad2db051928cbc4c1ed6a3b861ac4538,2026-02-13T02:10:00+00:00,2026-02-13T01:55:37+00:00,Utah Jazz,Portland Trail Blazers,0,2026-02-13T04:45:00+00:00,0.331818181818,0.331818181818,,
NBA,hist-oddsapi-fdb123a858af8d533d901707df45960f,2026-02-13T03:10:00+00:00,2026-02-13T02:55:37+00:00,Los Angeles Lakers,Dallas Mavericks,1,2026-02-13T05:15:00+00:00,0.694323144105,0.694323144105,,
